#group,false,false,false,false,false,false
#datatype,string,long,dateTime:RFC3339,double,double,double
#default,_result,,,,,
,result,table,_time,X,Y,Z
,,0,2026-08-23T09:49:59.945703987Z,-0.028,0.015,0.986
,,0,2026-08-23T09:50:00.194278397Z,-0.03,0.015,0.985
,,0,2026-08-23T09:50:00.44996124Z,-0.03,0.014,0.985
,,0,2026-08-23T09:50:00.694102671Z,-0.03,0.014,0.984
,,0,2026-08-23T09:50:00.94167745Z,-0.029,0.014,0.985
,,0,2026-08-23T09:50:01.1930547Z,-0.029,0.015,0.984
,,0,2026-08-23T09:50:01.443851311Z,-0.029,0.015,0.986
,,0,2026-08-23T09:50:01.694206727Z,-0.029,0.015,0.986
,,0,2026-08-23T09:50:01.943907838Z,-0.029,0.015,0.987
,,0,2026-08-23T09:50:02.197439735Z,-0.029,0.014,0.987
,,0,2026-08-23T09:50:02.44679563Z,-0.029,0.014,0.985
,,0,2026-08-23T09:50:02.704203719Z,-0.031,0.014,0.984
,,0,2026-08-23T09:50:02.945643177Z,-0.031,0.014,0.984
,,0,2026-08-23T09:50:03.196708671Z,-0.031,0.014,0.983
,,0,2026-08-23T09:50:03.448043494Z,-0.029,0.014,0.984
,,0,2026-08-23T09:50:03.702972773Z,-0.028,0.015,0.99
,,0,2026-08-23T09:50:03.94365328Z,-0.029,0.015,0.984
,,0,2026-08-23T09:50:04.197046456Z,-0.029,0.016,0.985
,,0,2026-08-23T09:50:04.447862842Z,-0.028,0.014,0.987
,,0,2026-08-23T09:50:04.703471368Z,-0.029,0.014,0.986
,,0,2026-08-23T09:50:04.945835549Z,-0.03,0.015,0.984
,,0,2026-08-23T09:50:05.196122982Z,-0.031,0.013,0.984
,,0,2026-08-23T09:50:05.44689435Z,-0.03,0.015,0.984
,,0,2026-08-23T09:50:05.703574504Z,-0.031,0.015,0.984
,,0,2026-08-23T09:50:05.944618615Z,-0.03,0.014,0.985
,,0,2026-08-23T09:50:06.197008065Z,-0.029,0.016,0.985
,,0,2026-08-23T09:50:06.447857746Z,-0.03,0.014,0.985
,,0,2026-08-23T09:50:06.703859893Z,-0.027,0.014,0.985
,,0,2026-08-23T09:50:06.941628171Z,-0.028,0.015,0.985
,,0,2026-08-23T09:50:07.19305199Z,-0.029,0.014,0.985
,,0,2026-08-23T09:50:07.443694229Z,-0.03,0.014,0.984
,,0,2026-08-23T09:50:07.693899809Z,-0.028,0.014,0.985
,,0,2026-08-23T09:50:07.941755689Z,-0.027,0.015,0.986
,,0,2026-08-23T09:50:08.192977066Z,-0.028,0.015,0.985
,,0,2026-08-23T09:50:08.443697395Z,-0.031,0.014,0.985
,,0,2026-08-23T09:50:08.694126471Z,-0.03,0.014,0.984
,,0,2026-08-23T09:50:08.941720003Z,-0.03,0.014,0.984
,,0,2026-08-23T09:50:09.193267096Z,-0.029,0.014,0.987
,,0,2026-08-23T09:50:09.443877056Z,-0.029,0.015,0.985
,,0,2026-08-23T09:50:09.693920804Z,-0.03,0.015,0.986
,,0,2026-08-23T09:50:09.941728535Z,-0.028,0.015,0.985
,,0,2026-08-23T09:50:10.192951633Z,-0.029,0.014,0.985
,,0,2026-08-23T09:50:10.443745311Z,-0.028,0.014,0.986
,,0,2026-08-23T09:50:10.69407448Z,-0.03,0.014,0.985
,,0,2026-08-23T09:50:10.94168851Z,-0.029,0.016,0.985
,,0,2026-08-23T09:50:11.193152639Z,-0.028,0.015,0.985
,,0,2026-08-23T09:50:11.443752673Z,-0.027,0.015,0.986
,,0,2026-08-23T09:50:11.693924435Z,-0.031,0.014,0.983
,,0,2026-08-23T09:50:11.945704355Z,-0.031,0.014,0.984
,,0,2026-08-23T09:50:12.196065818Z,-0.029,0.014,0.986
,,0,2026-08-23T09:50:12.447620519Z,-0.03,0.014,0.985
,,0,2026-08-23T09:50:12.703567255Z,-0.031,0.014,0.984
,,0,2026-08-23T09:50:12.945847136Z,-0.03,0.015,0.984
,,0,2026-08-23T09:50:13.197051379Z,-0.029,0.014,0.984
,,0,2026-08-23T09:50:13.447486525Z,-0.03,0.013,0.984
,,0,2026-08-23T09:50:13.703531092Z,-0.028,0.014,0.985
,,0,2026-08-23T09:50:13.945739121Z,-0.029,0.014,0.984
,,0,2026-08-23T09:50:14.196915124Z,-0.031,0.014,0.985
,,0,2026-08-23T09:50:14.444034956Z,-0.03,0.014,0.984
,,0,2026-08-23T09:50:14.69512196Z,-0.028,0.015,0.985
,,0,2026-08-23T09:50:14.943413494Z,-0.028,0.015,0.986
,,0,2026-08-23T09:50:15.192973913Z,-0.029,0.015,0.986
,,0,2026-08-23T09:50:15.443731996Z,-0.029,0.015,0.985
,,0,2026-08-23T09:50:15.693809905Z,-0.031,0.014,0.985
,,0,2026-08-23T09:50:15.94188385Z,-0.028,0.015,0.985
,,0,2026-08-23T09:50:16.193062703Z,-0.03,0.014,0.984
,,0,2026-08-23T09:50:16.443605585Z,-0.029,0.013,0.99
,,0,2026-08-23T09:50:16.694203892Z,-0.029,0.014,0.986
,,0,2026-08-23T09:50:16.941566626Z,-0.028,0.014,0.986
,,0,2026-08-23T09:50:17.192893753Z,-0.03,0.016,0.985
,,0,2026-08-23T09:50:17.443503467Z,-0.03,0.015,0.986
,,0,2026-08-23T09:50:17.693791279Z,-0.026,0.015,0.985
,,0,2026-08-23T09:50:17.941618634Z,-0.029,0.015,0.985
,,0,2026-08-23T09:50:18.192937205Z,-0.029,0.015,0.986
,,0,2026-08-23T09:50:18.44374247Z,-0.028,0.015,0.985
,,0,2026-08-23T09:50:18.694001745Z,-0.03,0.015,0.984
,,0,2026-08-23T09:50:18.941665027Z,-0.028,0.015,0.987
,,0,2026-08-23T09:50:19.194559904Z,-0.03,0.015,0.984
,,0,2026-08-23T09:50:19.450690983Z,-0.027,0.015,0.985
,,0,2026-08-23T09:50:19.699273656Z,-0.029,0.014,0.985
,,0,2026-08-23T09:50:19.950024107Z,-0.028,0.015,0.984
,,0,2026-08-23T09:50:20.206253128Z,-0.03,0.015,0.984
,,0,2026-08-23T09:50:20.446366559Z,-0.031,0.013,0.985
,,0,2026-08-23T09:50:20.701981961Z,-0.03,0.014,0.984
,,0,2026-08-23T09:50:20.944282651Z,-0.032,0.015,0.984
,,0,2026-08-23T09:50:21.192901693Z,-0.03,0.014,0.985
,,0,2026-08-23T09:50:21.443635864Z,-0.03,0.014,0.984
,,0,2026-08-23T09:50:21.694100763Z,-0.031,0.015,0.984
,,0,2026-08-23T09:50:21.941309162Z,-0.03,0.014,0.985
,,0,2026-08-23T09:50:22.194596733Z,-0.028,0.014,0.987
,,0,2026-08-23T09:50:22.449968582Z,-0.028,0.015,0.986
,,0,2026-08-23T09:50:22.702183672Z,-0.029,0.014,0.985
,,0,2026-08-23T09:50:22.945564971Z,-0.03,0.015,0.985
,,0,2026-08-23T09:50:23.193309934Z,-0.03,0.015,0.984
,,0,2026-08-23T09:50:23.454653234Z,-0.03,0.014,0.985
,,0,2026-08-23T09:50:26.694963172Z,-0.029,0.014,0.984
,,0,2026-08-23T09:50:26.947826766Z,-0.03,0.014,0.984
,,0,2026-08-23T09:50:27.198786244Z,-0.027,0.015,0.985
,,0,2026-08-23T09:50:27.453309123Z,-0.029,0.015,0.985
,,0,2026-08-23T09:50:27.695523032Z,-0.029,0.015,0.984
,,0,2026-08-23T09:50:27.951766584Z,-0.03,0.014,0.984
,,0,2026-08-23T09:50:28.197503005Z,-0.03,0.014,0.986
,,0,2026-08-23T09:50:28.458076129Z,-0.03,0.014,0.986
,,0,2026-08-23T09:50:28.695139145Z,-0.03,0.015,0.986
,,0,2026-08-23T09:50:28.941856474Z,-0.03,0.014,0.986
,,0,2026-08-23T09:50:29.198875234Z,-0.03,0.014,0.986
,,0,2026-08-23T09:50:29.450995283Z,-0.03,0.014,0.986
,,0,2026-08-23T09:50:29.703259959Z,-0.028,0.014,0.985
,,0,2026-08-23T09:50:29.942927966Z,-0.028,0.015,0.985
,,0,2026-08-23T09:50:30.194990219Z,-0.029,0.015,0.986
,,0,2026-08-23T09:50:30.448813293Z,-0.029,0.015,0.984
,,0,2026-08-23T09:50:30.703676423Z,-0.029,0.015,0.985
,,0,2026-08-23T09:50:30.961811348Z,-0.03,0.014,0.985
,,0,2026-08-23T09:50:31.193095888Z,-0.031,0.015,0.985
,,0,2026-08-23T09:50:31.443612242Z,-0.03,0.014,0.986
,,0,2026-08-23T09:50:31.693871451Z,-0.029,0.015,0.985
,,0,2026-08-23T09:50:31.941641352Z,-0.027,0.014,0.984
,,0,2026-08-23T09:50:32.193018357Z,-0.03,0.014,0.986
,,0,2026-08-23T09:50:32.447642045Z,-0.03,0.015,0.984
,,0,2026-08-23T09:50:32.695418223Z,-0.03,0.013,0.985
,,0,2026-08-23T09:50:32.941674465Z,-0.028,0.015,0.984
,,0,2026-08-23T09:50:33.192927322Z,-0.029,0.015,0.984
,,0,2026-08-23T09:50:33.451115374Z,-0.03,0.015,0.985
,,0,2026-08-23T09:50:33.6960741Z,-0.03,0.015,0.984
,,0,2026-08-23T09:50:33.943600374Z,-0.03,0.015,0.985
,,0,2026-08-23T09:50:34.193128317Z,-0.03,0.014,0.985
,,0,2026-08-23T09:50:34.443731648Z,-0.03,0.014,0.984
,,0,2026-08-23T09:50:34.694390756Z,-0.031,0.015,0.985
,,0,2026-08-23T09:50:34.978957179Z,-0.03,0.014,0.984
,,0,2026-08-23T09:50:35.210339919Z,-0.031,0.013,0.985
,,0,2026-08-23T09:50:35.449185159Z,-0.029,0.014,0.984
,,0,2026-08-23T09:50:35.696050295Z,-0.03,0.014,0.984
,,0,2026-08-23T09:50:35.952130104Z,-0.029,0.013,0.985
,,0,2026-08-23T09:50:36.195029086Z,-0.029,0.014,0.983
,,0,2026-08-23T09:50:36.445242034Z,-0.031,0.014,0.984
,,0,2026-08-23T09:50:36.696491778Z,-0.029,0.014,0.985
,,0,2026-08-23T09:50:36.943484134Z,-0.03,0.014,0.984
,,0,2026-08-23T09:50:37.192792541Z,-0.03,0.014,0.984
,,0,2026-08-23T09:50:37.44638091Z,-0.03,0.014,0.984
,,0,2026-08-23T09:50:37.693848387Z,-0.03,0.015,0.985
,,0,2026-08-23T09:50:37.941335288Z,-0.029,0.014,0.985
,,0,2026-08-23T09:50:38.196294263Z,-0.03,0.014,0.984
,,0,2026-08-23T09:50:38.451200942Z,-0.029,0.016,0.984
,,0,2026-08-23T09:50:38.693879427Z,-0.029,0.015,0.984
,,0,2026-08-23T09:50:38.943423422Z,-0.029,0.015,0.984
,,0,2026-08-23T09:50:39.192823956Z,-0.029,0.015,0.984
,,0,2026-08-23T09:50:39.443542337Z,-0.029,0.015,0.986
,,0,2026-08-23T09:50:39.69368945Z,-0.028,0.014,0.984
,,0,2026-08-23T09:50:39.941279922Z,-0.03,0.014,0.984
,,0,2026-08-23T09:50:40.19271505Z,-0.031,0.014,0.984
,,0,2026-08-23T09:50:40.444153991Z,-0.031,0.014,0.984
,,0,2026-08-23T09:50:40.693629227Z,-0.03,0.015,0.984
,,0,2026-08-23T09:50:40.941272161Z,-0.031,0.014,0.984
,,0,2026-08-23T09:50:41.193764639Z,-0.03,0.014,0.985
,,0,2026-08-23T09:50:41.443585479Z,-0.029,0.014,0.985
,,0,2026-08-23T09:50:41.695904516Z,-0.029,0.015,0.983
,,0,2026-08-23T09:50:41.945846835Z,-0.029,0.015,0.985
,,0,2026-08-23T09:50:42.19679308Z,-0.029,0.014,0.985
,,0,2026-08-23T09:50:42.44326157Z,-0.03,0.015,0.983
,,0,2026-08-23T09:50:42.69390821Z,-0.028,0.014,0.984
,,0,2026-08-23T09:50:42.941251555Z,-0.03,0.015,0.983
,,0,2026-08-23T09:50:43.211777532Z,-0.029,0.015,0.986
,,0,2026-08-23T09:50:43.443526001Z,-0.029,0.015,0.984
,,0,2026-08-23T09:50:43.693592779Z,-0.028,0.015,0.985
,,0,2026-08-23T09:50:43.941202897Z,-0.03,0.015,0.985
,,0,2026-08-23T09:50:44.192485172Z,-0.029,0.015,0.984
,,0,2026-08-23T09:50:44.443318548Z,-0.029,0.014,0.987
,,0,2026-08-23T09:50:44.693307845Z,-0.029,0.014,0.984
,,0,2026-08-23T09:50:44.941233864Z,-0.03,0.014,0.984
,,0,2026-08-23T09:50:45.192704913Z,-0.028,0.015,0.984
,,0,2026-08-23T09:50:45.449853733Z,-0.028,0.014,0.985
,,0,2026-08-23T09:50:45.695164482Z,-0.03,0.015,0.984
,,0,2026-08-23T09:50:45.941228755Z,-0.028,0.014,0.986
,,0,2026-08-23T09:50:46.192753173Z,-0.03,0.013,0.985
,,0,2026-08-23T09:50:46.446498496Z,-0.029,0.014,0.984
,,0,2026-08-23T09:50:46.702150156Z,-0.028,0.015,0.984
,,0,2026-08-23T09:50:46.948853287Z,-0.029,0.015,0.984
,,0,2026-08-23T09:50:47.196755564Z,-0.028,0.015,0.984
,,0,2026-08-23T09:50:47.448801138Z,-0.03,0.015,0.986
,,0,2026-08-23T09:50:47.698737768Z,-0.029,0.015,0.985
,,0,2026-08-23T09:50:47.943448045Z,-0.028,0.015,0.986
,,0,2026-08-23T09:50:48.194737928Z,-0.029,0.015,0.985
,,0,2026-08-23T09:50:48.444785833Z,-0.031,0.014,0.986
,,0,2026-08-23T09:50:48.693566094Z,-0.03,0.013,0.986
,,0,2026-08-23T09:50:48.943533963Z,-0.029,0.014,0.985
,,0,2026-08-23T09:50:49.193245873Z,-0.031,0.014,0.985
,,0,2026-08-23T09:50:49.447523074Z,-0.031,0.014,0.984
,,0,2026-08-23T09:50:49.695233889Z,-0.03,0.014,0.985
,,0,2026-08-23T09:50:49.948345888Z,-0.03,0.015,0.986
,,0,2026-08-23T09:50:50.192617819Z,-0.03,0.015,0.985
,,0,2026-08-23T09:50:50.4431024Z,-0.029,0.015,0.984
,,0,2026-08-23T09:50:50.693987326Z,-0.028,0.016,0.984
,,0,2026-08-23T09:50:50.946169858Z,-0.028,0.014,0.984
,,0,2026-08-23T09:50:51.195373887Z,-0.028,0.015,0.985
,,0,2026-08-23T09:50:51.447666269Z,-0.03,0.014,0.986
,,0,2026-08-23T09:50:51.693528412Z,-0.029,0.014,0.984
,,0,2026-08-23T09:50:51.941140154Z,-0.031,0.014,0.985
,,0,2026-08-23T09:50:52.195218912Z,-0.03,0.013,0.985
,,0,2026-08-23T09:50:52.449142931Z,-0.03,0.015,0.986
,,0,2026-08-23T09:50:52.706524186Z,-0.029,0.014,0.985
,,0,2026-08-23T09:50:52.941451612Z,-0.03,0.016,0.986
,,0,2026-08-23T09:50:53.192417128Z,-0.029,0.015,0.985
,,0,2026-08-23T09:50:53.443461549Z,-0.028,0.015,0.984
,,0,2026-08-23T09:50:53.693436248Z,-0.028,0.013,0.987
,,0,2026-08-23T09:50:53.941207726Z,-0.029,0.015,0.985
,,0,2026-08-23T09:50:54.192649121Z,-0.03,0.015,0.984
,,0,2026-08-23T09:50:54.459848536Z,-0.029,0.015,0.985
,,0,2026-08-23T09:50:54.694669426Z,-0.028,0.016,0.985
,,0,2026-08-23T09:50:54.941014595Z,-0.03,0.015,0.985
,,0,2026-08-23T09:50:55.192920648Z,-0.03,0.015,0.986
,,0,2026-08-23T09:50:55.443229136Z,-0.03,0.015,0.984
,,0,2026-08-23T09:50:55.694580587Z,-0.03,0.016,0.985
,,0,2026-08-23T09:50:55.941154326Z,-0.031,0.015,0.984
,,0,2026-08-23T09:50:56.192648219Z,-0.03,0.014,0.985
,,0,2026-08-23T09:50:56.443248886Z,-0.03,0.015,0.985
,,0,2026-08-23T09:50:56.693406469Z,-0.031,0.014,0.985
,,0,2026-08-23T09:50:56.941022318Z,-0.03,0.014,0.985
,,0,2026-08-23T09:50:57.192519044Z,-0.03,0.015,0.985
,,0,2026-08-23T09:50:57.446353339Z,-0.031,0.014,0.985
,,0,2026-08-23T09:50:57.701234153Z,-0.029,0.013,0.985
,,0,2026-08-23T09:50:57.943058881Z,-0.029,0.014,0.985
,,0,2026-08-23T09:50:58.193008633Z,-0.031,0.014,0.984
,,0,2026-08-23T09:50:58.443110011Z,-0.03,0.014,0.985
,,0,2026-08-23T09:50:58.693323684Z,-0.03,0.014,0.985
,,0,2026-08-23T09:50:58.941075956Z,-0.031,0.014,0.985
,,0,2026-08-23T09:50:59.192417868Z,-0.029,0.013,0.985
,,0,2026-08-23T09:50:59.448346736Z,-0.029,0.014,0.984
,,0,2026-08-23T09:50:59.696165357Z,-0.03,0.014,0.984
,,0,2026-08-23T09:50:59.947187423Z,-0.028,0.014,0.987
,,0,2026-08-23T09:51:00.192533958Z,-0.029,0.014,0.984
,,0,2026-08-23T09:51:00.443228195Z,-0.03,0.014,0.985
,,0,2026-08-23T09:51:00.693185408Z,-0.03,0.016,0.984
,,0,2026-08-23T09:51:00.941019732Z,-0.03,0.016,0.984
,,0,2026-08-23T09:51:01.193971614Z,-0.03,0.014,0.985
,,0,2026-08-23T09:51:01.443127285Z,-0.028,0.015,0.985
,,0,2026-08-23T09:51:01.693428195Z,-0.028,0.014,0.985
,,0,2026-08-23T09:51:01.941017468Z,-0.029,0.015,0.986
,,0,2026-08-23T09:51:02.195281474Z,-0.028,0.015,0.985
,,0,2026-08-23T09:51:02.446238594Z,-0.03,0.016,0.985
,,0,2026-08-23T09:51:02.696826425Z,-0.029,0.014,0.984
,,0,2026-08-23T09:51:02.944518787Z,-0.029,0.013,0.986
,,0,2026-08-23T09:51:03.195888011Z,-0.03,0.014,0.985
,,0,2026-08-23T09:51:03.443081548Z,-0.028,0.015,0.986
,,0,2026-08-23T09:51:03.693491714Z,-0.028,0.014,0.984
,,0,2026-08-23T09:51:03.95199472Z,-0.029,0.014,0.984
,,0,2026-08-23T09:51:04.197875835Z,-0.03,0.014,0.983
,,0,2026-08-23T09:51:04.44329068Z,-0.028,0.015,0.985
,,0,2026-08-23T09:51:04.69335037Z,-0.027,0.015,0.983
,,0,2026-08-23T09:51:04.941097157Z,-0.029,0.015,0.986
,,0,2026-08-23T09:51:05.192302196Z,-0.03,0.014,0.983
,,0,2026-08-23T09:51:05.442994708Z,-0.029,0.015,0.985
,,0,2026-08-23T09:51:05.693295856Z,-0.028,0.015,0.986
,,0,2026-08-23T09:51:05.941287193Z,-0.029,0.016,0.985
,,0,2026-08-23T09:51:06.192740302Z,-0.031,0.015,0.984
,,0,2026-08-23T09:51:06.443399276Z,-0.03,0.014,0.985
,,0,2026-08-23T09:51:08.694246092Z,-0.028,0.016,0.985
,,0,2026-08-23T09:51:08.94125961Z,-0.029,0.015,0.985
,,0,2026-08-23T09:51:09.192509832Z,-0.028,0.015,0.986
,,0,2026-08-23T09:51:09.443316579Z,-0.03,0.015,0.985
,,0,2026-08-23T09:51:09.693503005Z,-0.027,0.016,0.986
,,0,2026-08-23T09:51:09.941405581Z,-0.03,0.015,0.984
,,0,2026-08-23T09:51:10.19260434Z,-0.029,0.015,0.985
,,0,2026-08-23T09:51:10.443307903Z,-0.028,0.016,0.986
,,0,2026-08-23T09:51:10.693636214Z,-0.03,0.015,0.984
,,0,2026-08-23T09:51:10.941222981Z,-0.027,0.016,0.985
,,0,2026-08-23T09:51:11.192636716Z,-0.03,0.015,0.984
,,0,2026-08-23T09:51:11.4431888Z,-0.029,0.015,0.985
,,0,2026-08-23T09:51:11.693438557Z,-0.029,0.015,0.986
,,0,2026-08-23T09:51:11.940965453Z,-0.029,0.013,0.986
,,0,2026-08-23T09:51:12.192550611Z,-0.029,0.016,0.985
,,0,2026-08-23T09:51:12.443096157Z,-0.029,0.016,0.984
,,0,2026-08-23T09:51:12.693459781Z,-0.029,0.015,0.985
,,0,2026-08-23T09:51:12.941122027Z,-0.028,0.015,0.985
,,0,2026-08-23T09:51:13.19246691Z,-0.029,0.015,0.984
,,0,2026-08-23T09:51:13.44753221Z,-0.029,0.015,0.987
,,0,2026-08-23T09:51:13.703214444Z,-0.029,0.015,0.987
,,0,2026-08-23T09:51:13.945178566Z,-0.029,0.017,0.987
,,0,2026-08-23T09:51:14.195982218Z,-0.029,0.015,0.985
,,0,2026-08-23T09:51:14.446443024Z,-0.029,0.015,0.984
,,0,2026-08-23T09:51:14.701420417Z,-0.03,0.015,0.984
,,0,2026-08-23T09:51:14.945935364Z,-0.03,0.013,0.984
,,0,2026-08-23T09:51:15.195401187Z,-0.03,0.016,0.984
,,0,2026-08-23T09:51:15.446846364Z,-0.029,0.015,0.985
,,0,2026-08-23T09:51:15.702989255Z,-0.03,0.016,0.985
,,0,2026-08-23T09:51:15.944964894Z,-0.027,0.014,0.986
,,0,2026-08-23T09:51:16.195478976Z,-0.404,-0.199,0.889
,,0,2026-08-23T09:51:16.446092481Z,-0.147,-0.011,1.076
,,0,2026-08-23T09:51:16.700615492Z,-0.174,0.087,0.933
,,0,2026-08-23T09:51:16.94344932Z,-0.463,0.079,0.893
,,0,2026-08-23T09:51:17.195541317Z,-0.734,0.124,0.727
,,0,2026-08-23T09:51:17.446280154Z,-0.854,0.185,0.642
,,0,2026-08-23T09:51:17.70052041Z,-0.552,-0.028,0.805
,,0,2026-08-23T09:51:17.944085168Z,-0.364,-0.131,0.763
,,0,2026-08-23T09:51:18.195919836Z,-0.742,0.617,0.725
,,0,2026-08-23T09:51:18.446088756Z,-0.722,-0.031,0.731
,,0,2026-08-23T09:51:18.700667653Z,-0.662,-0.087,0.746
,,0,2026-08-23T09:51:18.944716902Z,-0.591,-0.124,0.782
,,0,2026-08-23T09:51:19.195504403Z,-0.668,-0.051,0.77
,,0,2026-08-23T09:51:19.44688106Z,-0.632,0,0.696
,,0,2026-08-23T09:51:19.702697398Z,-0.618,0.025,0.817
,,0,2026-08-23T09:51:19.944730775Z,-0.649,0.065,0.798
,,0,2026-08-23T09:51:20.196289576Z,-0.472,-0.183,0.944
,,0,2026-08-23T09:51:20.446638824Z,0.054,-0.032,0.943
,,0,2026-08-23T09:51:20.700499622Z,0.189,0.125,0.912
,,0,2026-08-23T09:51:20.944795588Z,0.15,0.139,0.952
,,0,2026-08-23T09:51:21.196009673Z,-0.328,0.248,0.941
,,0,2026-08-23T09:51:21.446633971Z,-0.427,0.061,0.968
,,0,2026-08-23T09:51:21.702219793Z,-0.438,-0.032,0.883
,,0,2026-08-23T09:51:21.943901471Z,-0.566,-0.169,0.754
,,0,2026-08-23T09:51:22.195323329Z,-0.995,-0.093,0.226
,,0,2026-08-23T09:51:22.44688124Z,-1.029,0.138,-0.172
,,0,2026-08-23T09:51:22.702646373Z,-1.052,0.05,-0.138
,,0,2026-08-23T09:51:22.943643711Z,-1.026,0.003,-0.046
,,0,2026-08-23T09:51:23.195580707Z,-1.034,-0.016,-0.057
,,0,2026-08-23T09:51:23.447055286Z,-1.026,0.005,-0.038
,,0,2026-08-23T09:51:23.70282327Z,-1.029,0.004,-0.051
,,0,2026-08-23T09:51:23.944037233Z,-1.028,0.004,-0.048
,,0,2026-08-23T09:51:24.195646364Z,-1.02,0.002,-0.05
,,0,2026-08-23T09:51:24.445894722Z,-1.031,0.005,-0.048
,,0,2026-08-23T09:51:24.700739074Z,-1.028,0.004,-0.048
,,0,2026-08-23T09:51:24.943821596Z,-1.029,0.005,-0.049
,,0,2026-08-23T09:51:25.195458874Z,-1.029,0.004,-0.048
,,0,2026-08-23T09:51:25.446711881Z,-1.029,0.003,-0.049
,,0,2026-08-23T09:51:25.702909283Z,-1.029,0.003,-0.048
,,0,2026-08-23T09:51:25.943862211Z,-1.029,0.002,-0.049
,,0,2026-08-23T09:51:26.195264604Z,-1.03,0.005,-0.048
,,0,2026-08-23T09:51:26.445679014Z,-1.03,0.003,-0.049
,,0,2026-08-23T09:51:26.700464921Z,-1.03,0.003,-0.047
,,0,2026-08-23T09:51:26.942268094Z,-1.028,0.004,-0.049
,,0,2026-08-23T09:51:27.195851688Z,-1.028,0.004,-0.049
,,0,2026-08-23T09:51:27.446206321Z,-1.029,0.004,-0.048
,,0,2026-08-23T09:51:27.702162318Z,-1.029,0.003,-0.045
,,0,2026-08-23T09:51:27.943697772Z,-1.029,0.005,-0.048
,,0,2026-08-23T09:51:28.195374492Z,-1.03,0.004,-0.049
,,0,2026-08-23T09:51:28.452537449Z,-1.03,0.004,-0.048
,,0,2026-08-23T09:51:28.702773953Z,-1.031,0.004,-0.048
,,0,2026-08-23T09:51:28.94263164Z,-1.03,0.005,-0.051
,,0,2026-08-23T09:51:29.192231415Z,-1.029,0.004,-0.049
,,0,2026-08-23T09:51:29.445488587Z,-1.027,0.003,-0.049
,,0,2026-08-23T09:51:29.693257338Z,-1.028,0.003,-0.047
,,0,2026-08-23T09:51:29.941205568Z,-1.028,0.003,-0.049
,,0,2026-08-23T09:51:30.196357429Z,-1.028,0.003,-0.048
,,0,2026-08-23T09:51:30.448188756Z,-1.029,0.004,-0.049
,,0,2026-08-23T09:51:30.693601807Z,-1.029,0.004,-0.049
,,0,2026-08-23T09:51:30.940951231Z,-1.03,0.003,-0.048
,,0,2026-08-23T09:51:31.19233101Z,-1.03,0.002,-0.049
,,0,2026-08-23T09:51:31.443091447Z,-1.029,0.003,-0.049
,,0,2026-08-23T09:51:31.693075158Z,-1.029,0.004,-0.048
,,0,2026-08-23T09:51:31.94093385Z,-1.029,0.005,-0.049
,,0,2026-08-23T09:51:32.192155668Z,-1.028,0.004,-0.048
,,0,2026-08-23T09:51:32.442920068Z,-1.028,0.004,-0.048
,,0,2026-08-23T09:51:32.692974221Z,-1.029,0.003,-0.048
,,0,2026-08-23T09:51:32.940783136Z,-1.029,0.003,-0.048
,,0,2026-08-23T09:51:33.192105933Z,-1.03,0.004,-0.049
,,0,2026-08-23T09:51:33.442939887Z,-1.029,0.004,-0.047
,,0,2026-08-23T09:51:33.702614129Z,-1.028,0.005,-0.049
,,0,2026-08-23T09:51:33.944771884Z,-1.028,0.004,-0.049
,,0,2026-08-23T09:51:34.196290344Z,-1.027,0.004,-0.05
,,0,2026-08-23T09:51:34.446636601Z,-1.031,0.005,-0.051
,,0,2026-08-23T09:51:34.700293616Z,-1.031,0.004,-0.049
,,0,2026-08-23T09:51:34.943894289Z,-1.031,0.005,-0.048
,,0,2026-08-23T09:51:35.195978645Z,-1.03,0.003,-0.05
,,0,2026-08-23T09:51:35.445708543Z,-1.028,0.005,-0.05
,,0,2026-08-23T09:51:35.702755682Z,-1.027,0.002,-0.049
,,0,2026-08-23T09:51:35.944390945Z,-1.03,0.003,-0.049
,,0,2026-08-23T09:51:36.195000197Z,-1.029,0.003,-0.05
,,0,2026-08-23T09:51:36.44575128Z,-1.031,0.004,-0.049
,,0,2026-08-23T09:51:36.700353313Z,-1.03,0.004,-0.048
,,0,2026-08-23T09:51:36.943053649Z,-1.031,0.004,-0.048
,,0,2026-08-23T09:51:37.19500921Z,-1.028,0.004,-0.05
,,0,2026-08-23T09:51:37.446341152Z,-1.029,0.005,-0.049
,,0,2026-08-23T09:51:37.701743597Z,-1.028,0.002,-0.048
,,0,2026-08-23T09:51:37.944014551Z,-1.029,0.004,-0.049
,,0,2026-08-23T09:51:38.195216809Z,-1.029,0.005,-0.049
,,0,2026-08-23T09:51:38.446745303Z,-1.028,0.004,-0.048
,,0,2026-08-23T09:51:38.702704423Z,-1.03,0.005,-0.048
,,0,2026-08-23T09:51:38.94364864Z,-1.029,0.004,-0.048
,,0,2026-08-23T09:51:39.195252613Z,-1.029,0.004,-0.048
,,0,2026-08-23T09:51:39.445756236Z,-1.029,0.004,-0.047
,,0,2026-08-23T09:51:39.702782762Z,-1.03,0.005,-0.047
,,0,2026-08-23T09:51:39.943670238Z,-1.029,0.003,-0.049
,,0,2026-08-23T09:51:40.195268656Z,-1.027,0.005,-0.049
,,0,2026-08-23T09:51:40.446509376Z,-1.029,0.005,-0.049
,,0,2026-08-23T09:51:40.702469531Z,-1.029,0.004,-0.048
,,0,2026-08-23T09:51:40.944541523Z,-1.029,0.004,-0.048
,,0,2026-08-23T09:51:41.196321066Z,-1.029,0.004,-0.047
,,0,2026-08-23T09:51:41.445948981Z,-1.03,0.005,-0.047
,,0,2026-08-23T09:51:41.700164092Z,-1.029,0.004,-0.047
,,0,2026-08-23T09:51:41.944543339Z,-1.028,0.003,-0.047
,,0,2026-08-23T09:51:42.19597224Z,-1.03,0.004,-0.048
,,0,2026-08-23T09:51:42.446644376Z,-1.029,0.004,-0.048
,,0,2026-08-23T09:51:42.702287646Z,-1.028,0.004,-0.049
,,0,2026-08-23T09:51:42.9437825Z,-1.028,0.005,-0.048
,,0,2026-08-23T09:51:43.195195307Z,-1.028,0.004,-0.049
,,0,2026-08-23T09:51:43.445789333Z,-1.029,0.004,-0.048
,,0,2026-08-23T09:51:43.702778246Z,-1.028,0.003,-0.047
,,0,2026-08-23T09:51:43.943508908Z,-1.028,0.005,-0.047
,,0,2026-08-23T09:51:44.19506462Z,-1.029,0.004,-0.049
,,0,2026-08-23T09:51:44.447071768Z,-1.027,0.004,-0.05
,,0,2026-08-23T09:51:44.69373527Z,-1.028,0.004,-0.05
,,0,2026-08-23T09:51:44.944871637Z,-1.029,0.004,-0.049
,,0,2026-08-23T09:51:45.194537493Z,-1.028,0.004,-0.049
,,0,2026-08-23T09:51:45.442833521Z,-1.029,0.005,-0.05
,,0,2026-08-23T09:51:45.69303207Z,-1.028,0.004,-0.049
,,0,2026-08-23T09:51:45.940523594Z,-1.028,0.005,-0.049
,,0,2026-08-23T09:51:46.194696981Z,-1.028,0.004,-0.049
,,0,2026-08-23T09:51:46.452811335Z,-1.028,0.005,-0.049
,,0,2026-08-23T09:51:46.693500514Z,-1.029,0.004,-0.049
,,0,2026-08-23T09:51:46.940808281Z,-1.029,0.002,-0.05
,,0,2026-08-23T09:51:47.192127958Z,-1.029,0.005,-0.049
,,0,2026-08-23T09:51:47.442679667Z,-1.03,0.004,-0.048
,,0,2026-08-23T09:51:47.692907401Z,-1.03,0.002,-0.048
,,0,2026-08-23T09:51:47.940509014Z,-1.029,0.002,-0.049
,,0,2026-08-23T09:51:48.191930929Z,-1.028,0.002,-0.048
,,0,2026-08-23T09:51:48.442592858Z,-1.03,0.036,-0.066
,,0,2026-08-23T09:51:48.692821461Z,-1.093,0.027,0.033
,,0,2026-08-23T09:51:48.940546682Z,-1.028,0.012,0.315
,,0,2026-08-23T09:51:49.191745304Z,-0.777,0.12,0.527
,,0,2026-08-23T09:51:49.442839817Z,-0.67,0.057,0.727
,,0,2026-08-23T09:51:49.703127853Z,-0.415,-0.101,0.901
,,0,2026-08-23T09:51:49.945047436Z,-0.235,-0.264,0.923
,,0,2026-08-23T09:51:50.195234261Z,-0.117,-0.312,0.924
,,0,2026-08-23T09:51:50.445867781Z,-0.037,-0.36,0.88
,,0,2026-08-23T09:51:50.700370641Z,0.022,-0.304,0.851
,,0,2026-08-23T09:51:50.943569126Z,0.092,-0.442,0.883
,,0,2026-08-23T09:51:51.195041464Z,0.14,-0.464,0.928
,,0,2026-08-23T09:51:51.445790741Z,0.414,-0.426,0.695
,,0,2026-08-23T09:51:51.700471375Z,0.717,-0.438,0.368
,,0,2026-08-23T09:51:51.943716507Z,0.899,-0.164,-0.188
,,0,2026-08-23T09:51:52.194900072Z,0.945,0.119,-0.25
,,0,2026-08-23T09:51:52.445586368Z,0.955,0.107,-0.215
,,0,2026-08-23T09:51:52.70046659Z,0.937,0.067,-0.234
,,0,2026-08-23T09:51:52.943562706Z,0.971,0.054,-0.177
,,0,2026-08-23T09:51:53.195107412Z,0.956,0.04,-0.204
,,0,2026-08-23T09:51:53.445328957Z,0.96,0.028,-0.198
,,0,2026-08-23T09:51:53.700393527Z,0.966,0.018,-0.203
,,0,2026-08-23T09:51:53.944695231Z,0.942,0.019,-0.228
,,0,2026-08-23T09:51:54.196110458Z,0.949,0.026,-0.214
,,0,2026-08-23T09:51:54.446611793Z,0.945,0.021,-0.239
,,0,2026-08-23T09:51:54.702551588Z,0.933,0.028,-0.241
,,0,2026-08-23T09:51:54.943805494Z,0.944,0.036,-0.226
,,0,2026-08-23T09:51:55.194902855Z,0.95,0.042,-0.238
,,0,2026-08-23T09:51:55.446546151Z,0.947,0.038,-0.24
,,0,2026-08-23T09:51:55.702235209Z,0.948,0.022,-0.24
,,0,2026-08-23T09:51:55.94458628Z,0.945,0.024,-0.245
,,0,2026-08-23T09:51:56.195734399Z,0.949,0.021,-0.232
,,0,2026-08-23T09:51:56.44641523Z,0.96,0.017,-0.223
,,0,2026-08-23T09:51:56.700146173Z,0.953,0.025,-0.231
,,0,2026-08-23T09:51:56.942893311Z,0.951,0.023,-0.239
,,0,2026-08-23T09:51:57.195062393Z,0.934,0.018,-0.249
,,0,2026-08-23T09:51:57.445441006Z,0.945,0.009,-0.205
,,0,2026-08-23T09:51:57.700083359Z,0.942,0.006,-0.212
,,0,2026-08-23T09:51:57.944421486Z,0.951,0.003,-0.199
,,0,2026-08-23T09:51:58.19500817Z,0.959,0.01,-0.185
,,0,2026-08-23T09:51:58.446411153Z,0.948,-0.001,-0.193
,,0,2026-08-23T09:51:58.701969211Z,0.957,-0.023,-0.181
,,0,2026-08-23T09:51:58.943677866Z,0.938,-0.087,-0.216
,,0,2026-08-23T09:51:59.194946944Z,0.946,-0.112,-0.233
,,0,2026-08-23T09:51:59.446600885Z,0.921,-0.119,-0.24
,,0,2026-08-23T09:51:59.700182311Z,0.917,-0.164,-0.226
,,0,2026-08-23T09:51:59.943583028Z,0.945,-0.174,-0.201
,,0,2026-08-23T09:52:00.194858106Z,0.926,-0.173,-0.214
,,0,2026-08-23T09:52:00.446437085Z,0.872,-0.41,-0.139
,,0,2026-08-23T09:52:00.704339285Z,0.686,-0.681,-0.161
,,0,2026-08-23T09:52:00.943617464Z,0.437,-0.847,-0.118
,,0,2026-08-23T09:52:01.194818079Z,0.305,-0.983,0
,,0,2026-08-23T09:52:01.445184504Z,0.268,-0.953,0.068
,,0,2026-08-23T09:52:01.699938427Z,0.275,-0.93,0.046
,,0,2026-08-23T09:52:01.943547324Z,0.287,-0.953,0.047
,,0,2026-08-23T09:52:02.19492538Z,0.26,-0.941,0.096
,,0,2026-08-23T09:52:02.446128642Z,0.307,-0.896,0.201
,,0,2026-08-23T09:52:02.701823214Z,0.365,-0.838,0.339
,,0,2026-08-23T09:52:02.944550571Z,0.391,-0.77,0.424
,,0,2026-08-23T09:52:03.19457915Z,0.376,-0.721,0.552
,,0,2026-08-23T09:52:03.44544451Z,0.364,-0.577,0.694
,,0,2026-08-23T09:52:03.700169839Z,0.353,-0.521,0.76
,,0,2026-08-23T09:52:03.944132525Z,0.365,-0.5,0.739
,,0,2026-08-23T09:52:04.195609726Z,0.358,-0.487,0.734
,,0,2026-08-23T09:52:04.445190757Z,0.348,-0.502,0.739
,,0,2026-08-23T09:52:04.699896975Z,0.339,-0.532,0.743
,,0,2026-08-23T09:52:04.943220486Z,0.365,-0.519,0.748
,,0,2026-08-23T09:52:05.194737686Z,0.347,-0.532,0.738
,,0,2026-08-23T09:52:05.449863895Z,0.347,-0.523,0.745
,,0,2026-08-23T09:52:05.69875366Z,0.345,-0.529,0.728
,,0,2026-08-23T09:52:05.947238172Z,0.357,-0.538,0.75
,,0,2026-08-23T09:52:06.191805402Z,0.341,-0.523,0.733
,,0,2026-08-23T09:52:06.442409283Z,0.36,-0.529,0.747
,,0,2026-08-23T09:52:06.692785058Z,0.354,-0.523,0.758
,,0,2026-08-23T09:52:06.940230606Z,0.344,-0.519,0.745
,,0,2026-08-23T09:52:07.191896302Z,0.346,-0.52,0.746
,,0,2026-08-23T09:52:07.442447277Z,0.348,-0.517,0.739
,,0,2026-08-23T09:52:13.704086523Z,-0.282,-0.674,0.682
,,0,2026-08-23T09:52:13.944414749Z,-0.269,-0.61,0.675
,,0,2026-08-23T09:52:14.194912276Z,-0.321,-0.662,0.718
,,0,2026-08-23T09:52:14.446474006Z,-0.308,-0.611,0.736
,,0,2026-08-23T09:52:14.700994166Z,-0.298,-0.618,0.716
,,0,2026-08-23T09:52:14.944619611Z,-0.292,-0.592,0.745
,,0,2026-08-23T09:52:15.19459722Z,-0.29,-0.579,0.75
,,0,2026-08-23T09:52:15.445861826Z,-0.312,-0.583,0.765
,,0,2026-08-23T09:52:15.700182247Z,-0.297,-0.441,0.853
,,0,2026-08-23T09:52:15.944089835Z,-0.403,-0.306,0.875
,,0,2026-08-23T09:52:16.194780802Z,-0.556,-0.168,0.874
,,0,2026-08-23T09:52:16.445927575Z,-0.703,-0.002,0.739
,,0,2026-08-23T09:52:16.702611417Z,-0.708,-0.092,0.686
,,0,2026-08-23T09:52:16.942184748Z,-0.749,-0.067,0.657
,,0,2026-08-23T09:52:17.194839142Z,-0.789,0.01,0.586
,,0,2026-08-23T09:52:17.445315409Z,-0.862,-0.021,0.555
,,0,2026-08-23T09:52:17.700991824Z,-0.855,0.017,0.554
,,0,2026-08-23T09:52:17.94322131Z,-0.832,0.044,0.573
,,0,2026-08-23T09:52:18.19469478Z,-0.836,-0.036,0.552
,,0,2026-08-23T09:52:18.445321766Z,-0.779,-0.047,0.592
,,0,2026-08-23T09:52:18.69998942Z,-0.819,-0.037,0.611
,,0,2026-08-23T09:52:18.944080891Z,-0.82,-0.044,0.605
,,0,2026-08-23T09:52:19.199126279Z,-0.813,-0.056,0.599
,,0,2026-08-23T09:52:19.451189479Z,-0.843,-0.032,0.57
,,0,2026-08-23T09:52:19.703692949Z,-0.83,-0.047,0.592
,,0,2026-08-23T09:52:19.948692608Z,-0.836,-0.045,0.577
,,0,2026-08-23T09:52:20.202290058Z,-0.865,-0.038,0.567
,,0,2026-08-23T09:52:20.4423596Z,-0.805,-0.064,0.584
,,0,2026-08-23T09:52:20.692735458Z,-0.834,-0.061,0.578
,,0,2026-08-23T09:52:20.940288571Z,-0.824,-0.069,0.575
,,0,2026-08-23T09:52:21.191649486Z,-0.825,-0.072,0.579
,,0,2026-08-23T09:52:21.442257766Z,-0.83,-0.066,0.585
,,0,2026-08-23T09:52:23.69279911Z,-0.797,-0.09,0.61
,,0,2026-08-23T09:52:23.940045412Z,-0.762,-0.056,0.66
,,0,2026-08-23T09:52:24.194173887Z,-0.686,-0.008,0.72
,,0,2026-08-23T09:52:24.44524512Z,-0.68,0.013,0.71
,,0,2026-08-23T09:52:24.701794219Z,-0.731,0.085,0.716
,,0,2026-08-23T09:52:24.943090885Z,-0.634,0.082,0.734
,,0,2026-08-23T09:52:25.195315449Z,-0.508,0.124,0.866
,,0,2026-08-23T09:52:25.445705786Z,-0.461,0.216,0.911
,,0,2026-08-23T09:52:25.701038943Z,-0.346,0.144,0.831
,,0,2026-08-23T09:52:25.943719621Z,-0.421,0.249,0.869
,,0,2026-08-23T09:52:26.195089107Z,-0.401,0.329,0.896
,,0,2026-08-23T09:52:26.450429782Z,-0.419,0.311,0.878
,,0,2026-08-23T09:52:26.693991091Z,-0.415,0.304,0.856
,,0,2026-08-23T09:52:26.949970107Z,-0.385,0.276,0.849
,,0,2026-08-23T09:52:27.191516674Z,-0.333,0.269,0.884
,,0,2026-08-23T09:52:27.442262393Z,-0.288,0.304,0.928
,,0,2026-08-23T09:52:27.692850966Z,-0.255,0.273,0.902
,,0,2026-08-23T09:52:27.940214596Z,-0.23,0.31,0.922
,,0,2026-08-23T09:52:28.191644117Z,-0.264,0.367,0.921
,,0,2026-08-23T09:52:28.442217375Z,-0.212,0.254,0.916
,,0,2026-08-23T09:52:28.692445158Z,-0.216,0.301,0.941
,,0,2026-08-23T09:52:28.93996036Z,-0.242,0.275,0.917
,,0,2026-08-23T09:52:29.199624512Z,-0.254,0.294,0.917
,,0,2026-08-23T09:52:29.442108042Z,-0.222,0.314,0.924
,,0,2026-08-23T09:52:29.69223266Z,-0.197,0.339,0.904
,,0,2026-08-23T09:52:29.93998619Z,-0.227,0.356,0.906
,,0,2026-08-23T09:52:30.191443746Z,-0.229,0.352,0.888
,,0,2026-08-23T09:52:30.442220796Z,-0.231,0.345,0.907
,,0,2026-08-23T09:52:30.692497984Z,-0.237,0.403,0.884
,,0,2026-08-23T09:52:30.940063202Z,-0.246,0.407,0.857
,,0,2026-08-23T09:52:31.191406797Z,-0.258,0.437,0.861
,,0,2026-08-23T09:52:31.442613727Z,-0.246,0.495,0.881
,,0,2026-08-23T09:52:31.704275287Z,-0.272,0.439,0.85
,,0,2026-08-23T09:52:31.943358192Z,-0.252,0.447,0.846
,,0,2026-08-23T09:52:32.194539696Z,-0.231,0.438,0.861
,,0,2026-08-23T09:52:32.44542078Z,-0.256,0.453,0.839
,,0,2026-08-23T09:52:32.700376995Z,-0.239,0.444,0.864
,,0,2026-08-23T09:52:32.943604585Z,-0.256,0.45,0.851
,,0,2026-08-23T09:52:33.195355116Z,-0.249,0.44,0.844
,,0,2026-08-23T09:52:33.446597637Z,-0.251,0.462,0.847
,,0,2026-08-23T09:52:33.699781531Z,-0.247,0.457,0.849
,,0,2026-08-23T09:52:33.943128544Z,-0.248,0.453,0.855
,,0,2026-08-23T09:52:34.194747114Z,-0.243,0.449,0.859
,,0,2026-08-23T09:52:34.445335369Z,-0.249,0.453,0.849
,,0,2026-08-23T09:52:34.701919017Z,-0.24,0.462,0.854
,,0,2026-08-23T09:52:34.943173122Z,-0.257,0.453,0.862
,,0,2026-08-23T09:52:35.19478371Z,-0.255,0.451,0.849
,,0,2026-08-23T09:52:35.445149449Z,-0.249,0.461,0.857
,,0,2026-08-23T09:52:35.702459399Z,-0.235,0.462,0.856
,,0,2026-08-23T09:52:35.94325003Z,-0.244,0.46,0.849
,,0,2026-08-23T09:52:36.194706083Z,-0.252,0.46,0.855
,,0,2026-08-23T09:52:36.446156191Z,-0.242,0.458,0.854
,,0,2026-08-23T09:52:36.702535064Z,-0.236,0.467,0.857
,,0,2026-08-23T09:52:36.941910924Z,-0.249,0.455,0.851
,,0,2026-08-23T09:52:37.195153204Z,-0.239,0.454,0.844
,,0,2026-08-23T09:52:37.446056599Z,-0.239,0.457,0.847
,,0,2026-08-23T09:52:37.702186791Z,-0.242,0.461,0.853
,,0,2026-08-23T09:52:37.9441879Z,-0.245,0.465,0.856
,,0,2026-08-23T09:52:38.195196367Z,-0.23,0.451,0.866
,,0,2026-08-23T09:52:38.444784285Z,-0.231,0.459,0.849
,,0,2026-08-23T09:52:38.699672239Z,-0.24,0.45,0.85
,,0,2026-08-23T09:52:38.943369002Z,-0.239,0.456,0.852
,,0,2026-08-23T09:52:39.194392876Z,-0.238,0.451,0.849
,,0,2026-08-23T09:52:39.445254419Z,-0.228,0.449,0.847
,,0,2026-08-23T09:52:39.699812841Z,-0.239,0.455,0.856
,,0,2026-08-23T09:52:39.942636323Z,-0.243,0.464,0.841
,,0,2026-08-23T09:52:40.194374684Z,-0.237,0.456,0.853
,,0,2026-08-23T09:52:40.446054637Z,-0.236,0.452,0.849
,,0,2026-08-23T09:52:40.70200933Z,-0.23,0.455,0.855
,,0,2026-08-23T09:52:40.944252693Z,-0.233,0.465,0.856
,,0,2026-08-23T09:52:41.19433886Z,-0.239,0.468,0.849
,,0,2026-08-23T09:52:41.446151385Z,-0.223,0.455,0.859
,,0,2026-08-23T09:52:41.6995384Z,-0.235,0.472,0.863
,,0,2026-08-23T09:52:41.94293676Z,-0.231,0.458,0.857
,,0,2026-08-23T09:52:42.193770987Z,-0.228,0.457,0.852
,,0,2026-08-23T09:52:42.44492095Z,-0.232,0.451,0.855
,,0,2026-08-23T09:52:42.701998955Z,-0.226,0.452,0.856
,,0,2026-08-23T09:52:42.943965284Z,-0.238,0.456,0.851
,,0,2026-08-23T09:52:43.194336111Z,-0.22,0.445,0.854
,,0,2026-08-23T09:52:43.446055155Z,-0.219,0.452,0.854
,,0,2026-08-23T09:52:43.70198268Z,-0.231,0.461,0.856
,,0,2026-08-23T09:52:43.943708532Z,-0.227,0.454,0.855
,,0,2026-08-23T09:52:44.1950696Z,-0.231,0.457,0.859
,,0,2026-08-23T09:52:44.444855826Z,-0.255,0.443,0.864
,,0,2026-08-23T09:52:44.701798481Z,-0.281,0.377,0.892
,,0,2026-08-23T09:52:44.9430226Z,-0.415,0.169,0.892
,,0,2026-08-23T09:52:45.195131321Z,-0.571,-0.051,0.841
,,0,2026-08-23T09:52:45.445959028Z,-0.703,-0.133,0.743
,,0,2026-08-23T09:52:45.701223897Z,-0.744,-0.278,0.607
,,0,2026-08-23T09:52:45.942749918Z,-0.802,-0.206,0.611
,,0,2026-08-23T09:52:46.194612402Z,-0.867,-0.165,0.464
,,0,2026-08-23T09:52:46.445901638Z,-0.934,-0.039,0.405
,,0,2026-08-23T09:52:46.702060902Z,-0.932,-0.07,0.404
,,0,2026-08-23T09:52:46.941562267Z,-0.968,-0.027,0.39
,,0,2026-08-23T09:52:47.194353423Z,-0.954,-0.031,0.382
,,0,2026-08-23T09:52:47.445818229Z,-0.948,-0.036,0.366
,,0,2026-08-23T09:52:47.701824427Z,-0.95,-0.025,0.369
,,0,2026-08-23T09:52:47.944052429Z,-0.96,-0.03,0.364
,,0,2026-08-23T09:52:48.194493583Z,-0.965,-0.032,0.347
,,0,2026-08-23T09:52:48.444861455Z,-0.97,-0.019,0.307
,,0,2026-08-23T09:52:48.699534455Z,-1.004,0.025,0.287
,,0,2026-08-23T09:52:48.942872219Z,-1,0.066,0.195
,,0,2026-08-23T09:52:49.194369965Z,-1.018,0.047,0.165
,,0,2026-08-23T09:52:49.444873289Z,-1.02,0.061,0.172
,,0,2026-08-23T09:52:49.701995048Z,-1.01,0.066,0.15
,,0,2026-08-23T09:52:49.942776859Z,-1.002,0.08,0.18
,,0,2026-08-23T09:52:50.194907082Z,-1.003,0.075,0.215
,,0,2026-08-23T09:52:50.445002461Z,-0.978,0.115,0.29
,,0,2026-08-23T09:52:50.699691917Z,-0.764,0.212,0.544
,,0,2026-08-23T09:52:50.942879987Z,-0.617,0.307,0.64
,,0,2026-08-23T09:52:51.194332503Z,-0.472,0.389,0.789
,,0,2026-08-23T09:52:51.445157082Z,-0.487,0.453,0.796
,,0,2026-08-23T09:52:51.699536613Z,-0.365,0.445,0.831
,,0,2026-08-23T09:52:51.942899302Z,-0.446,0.411,0.767
,,0,2026-08-23T09:52:52.19445564Z,-0.499,0.575,0.941
,,0,2026-08-23T09:52:52.445105038Z,-0.588,0.495,0.635
,,0,2026-08-23T09:52:52.702090662Z,-0.362,0.517,0.721
,,0,2026-08-23T09:52:52.942844973Z,-0.1,0.58,0.832
,,0,2026-08-23T09:52:53.194741395Z,-0.202,0.852,0.482
,,0,2026-08-23T09:52:53.446208585Z,-0.193,0.855,0.495
,,0,2026-08-23T09:52:53.702281019Z,-0.169,0.886,0.423
,,0,2026-08-23T09:52:53.944040033Z,-0.129,0.862,0.532
,,0,2026-08-23T09:52:54.195264248Z,-0.277,0.718,0.362
,,0,2026-08-23T09:52:54.44594662Z,-1.079,0.612,0.043
,,0,2026-08-23T09:52:54.699384452Z,-0.861,0.576,0.162
,,0,2026-08-23T09:52:54.943880432Z,-0.95,0.518,0.162
,,0,2026-08-23T09:52:55.195427861Z,-0.932,0.42,0.197
,,0,2026-08-23T09:52:55.446119368Z,-0.965,0.087,0.293
,,0,2026-08-23T09:52:55.701737529Z,-0.955,-0.473,0.18
,,0,2026-08-23T09:52:55.943811448Z,-0.865,-0.343,0.322
,,0,2026-08-23T09:52:56.194608558Z,-0.899,-0.359,0.308
,,0,2026-08-23T09:52:56.446059247Z,-0.935,-0.308,0.358
,,0,2026-08-23T09:52:56.701804915Z,-0.607,0.101,0.803
,,0,2026-08-23T09:52:56.940263832Z,-0.235,0.169,0.919
,,0,2026-08-23T09:52:57.191537584Z,-0.18,0.162,0.953
,,0,2026-08-23T09:52:57.442167898Z,-0.229,0.149,0.962
,,0,2026-08-23T09:52:57.692392355Z,-0.253,0.139,0.956
,,0,2026-08-23T09:52:57.940237098Z,-0.242,0.143,0.951
,,0,2026-08-23T09:52:58.191347205Z,-0.219,0.144,0.935
,,0,2026-08-23T09:52:58.442143397Z,-0.318,-0.03,0.971
,,0,2026-08-23T09:52:58.692532862Z,-0.386,-0.269,0.907
,,0,2026-08-23T09:52:58.940237035Z,-0.425,-0.234,0.865
,,0,2026-08-23T09:52:59.191876543Z,-0.492,-0.161,0.874
,,0,2026-08-23T09:52:59.442182327Z,-0.412,-0.02,0.919
,,0,2026-08-23T09:52:59.692566706Z,-0.411,-0.13,0.918
,,0,2026-08-23T09:52:59.939941566Z,-0.393,0.018,0.907
,,0,2026-08-23T09:53:00.191471374Z,-0.311,-0.001,0.945
,,0,2026-08-23T09:53:00.442263115Z,-0.3,-0.007,0.94
,,0,2026-08-23T09:53:00.692388236Z,-0.29,-0,0.937
,,0,2026-08-23T09:53:00.940137792Z,-0.03,0.014,0.981
,,0,2026-08-23T09:53:01.191501086Z,-0.033,0.016,0.985
,,0,2026-08-23T09:53:01.442180535Z,-0.029,0.016,0.985
,,0,2026-08-23T09:53:01.69233844Z,-0.029,0.016,0.986
,,0,2026-08-23T09:53:01.944365701Z,-0.029,0.016,0.986
,,0,2026-08-23T09:53:02.194516301Z,-0.028,0.016,0.985
,,0,2026-08-23T09:53:02.445222034Z,-0.03,0.016,0.985
,,0,2026-08-23T09:53:02.699821757Z,-0.029,0.016,0.985
,,0,2026-08-23T09:53:02.943131735Z,-0.028,0.016,0.985
,,0,2026-08-23T09:53:03.194741302Z,-0.031,0.016,0.984
,,0,2026-08-23T09:53:03.443983356Z,-0.031,0.016,0.984
,,0,2026-08-23T09:53:03.704238302Z,-0.03,0.016,0.984
,,0,2026-08-23T09:53:03.943201863Z,-0.03,0.016,0.984
,,0,2026-08-23T09:53:04.191531638Z,-0.029,0.017,0.983
,,0,2026-08-23T09:53:04.442192844Z,-0.029,0.016,0.984
,,0,2026-08-23T09:53:04.69260753Z,-0.03,0.015,0.984
,,0,2026-08-23T09:53:04.940528185Z,-0.03,0.016,0.984
,,0,2026-08-23T09:53:05.191734389Z,-0.03,0.016,0.984
,,0,2026-08-23T09:53:05.442379361Z,-0.031,0.016,0.984
,,0,2026-08-23T09:53:05.69239477Z,-0.031,0.016,0.984
,,0,2026-08-23T09:53:05.940217171Z,-0.028,0.016,0.985
,,0,2026-08-23T09:53:06.19163292Z,-0.028,0.016,0.986
,,0,2026-08-23T09:53:06.442608569Z,-0.029,0.015,0.986
,,0,2026-08-23T09:53:06.700119294Z,-0.031,0.016,0.984
,,0,2026-08-23T09:53:06.942658269Z,-0.029,0.015,0.983
,,0,2026-08-23T09:53:07.191787626Z,-0.028,0.016,0.986
,,0,2026-08-23T09:53:07.442292386Z,-0.027,0.016,0.986
,,0,2026-08-23T09:53:07.692763868Z,-0.029,0.016,0.985
,,0,2026-08-23T09:53:07.94104349Z,-0.029,0.017,0.984
,,0,2026-08-23T09:53:08.203813162Z,-0.03,0.016,0.984
,,0,2026-08-23T09:53:08.450806553Z,-0.03,0.016,0.983
,,0,2026-08-23T09:53:08.692522197Z,-0.03,0.017,0.984
,,0,2026-08-23T09:53:08.940383821Z,-0.031,0.016,0.983
,,0,2026-08-23T09:53:09.192145055Z,-0.029,0.017,0.984
,,0,2026-08-23T09:53:09.445928958Z,-0.029,0.015,0.983
,,0,2026-08-23T09:53:09.701801921Z,-0.028,0.016,0.984
,,0,2026-08-23T09:53:09.949998259Z,-0.029,0.017,0.984
,,0,2026-08-23T09:53:10.191675029Z,-0.028,0.017,0.985
,,0,2026-08-23T09:53:10.449537504Z,-0.029,0.017,0.984
,,0,2026-08-23T09:53:10.695955604Z,-0.03,0.018,0.984
,,0,2026-08-23T09:53:10.953278831Z,-0.029,0.017,0.984
,,0,2026-08-23T09:53:11.203119332Z,-0.029,0.015,0.985
,,0,2026-08-23T09:53:11.451303626Z,-0.029,0.017,0.985
,,0,2026-08-23T09:53:11.694108654Z,-0.029,0.016,0.984
,,0,2026-08-23T09:53:11.949812979Z,-0.03,0.016,0.985
,,0,2026-08-23T09:53:12.195268103Z,-0.03,0.016,0.986
,,0,2026-08-23T09:53:12.448096216Z,-0.029,0.016,0.984
,,0,2026-08-23T09:53:12.692744919Z,-0.03,0.016,0.984
,,0,2026-08-23T09:53:12.941026036Z,-0.03,0.017,0.984
,,0,2026-08-23T09:53:13.205578921Z,-0.031,0.016,0.984
,,0,2026-08-23T09:53:13.447808863Z,-0.029,0.017,0.985
,,0,2026-08-23T09:53:13.697251721Z,-0.031,0.016,0.983
,,0,2026-08-23T09:53:13.944872799Z,-0.029,0.016,0.985
,,0,2026-08-23T09:53:14.199021997Z,-0.03,0.016,0.984
,,0,2026-08-23T09:53:14.445917554Z,-0.03,0.017,0.985
,,0,2026-08-23T09:53:14.704049739Z,-0.03,0.016,0.985
,,0,2026-08-23T09:53:14.946184927Z,-0.03,0.015,0.985
,,0,2026-08-23T09:53:15.203170775Z,-0.03,0.016,0.984
,,0,2026-08-23T09:53:15.445632658Z,-0.029,0.017,0.983
,,0,2026-08-23T09:53:15.704702045Z,-0.029,0.016,0.983
,,0,2026-08-23T09:53:15.948698853Z,-0.029,0.016,0.985
,,0,2026-08-23T09:53:16.202306483Z,-0.03,0.016,0.983
,,0,2026-08-23T09:53:16.444472147Z,-0.03,0.015,0.984
,,0,2026-08-23T09:53:16.693229794Z,-0.031,0.015,0.983
,,0,2026-08-23T09:53:16.940894057Z,-0.03,0.016,0.983
,,0,2026-08-23T09:53:17.191970591Z,-0.031,0.016,0.984
,,0,2026-08-23T09:53:17.446523975Z,-0.03,0.016,0.984
,,0,2026-08-23T09:53:17.695303184Z,-0.028,0.017,0.985
,,0,2026-08-23T09:53:17.950943525Z,-0.029,0.016,0.984
,,0,2026-08-23T09:53:18.202422124Z,-0.028,0.016,0.983
,,0,2026-08-23T09:53:18.460207218Z,-0.03,0.015,0.984
,,0,2026-08-23T09:53:18.70670437Z,-0.03,0.015,0.984
,,0,2026-08-23T09:53:18.94679395Z,-0.03,0.016,0.984
,,0,2026-08-23T09:53:19.199525385Z,-0.03,0.016,0.984
,,0,2026-08-23T09:53:19.445634002Z,-0.029,0.017,0.985
,,0,2026-08-23T09:53:19.703560621Z,-0.027,0.016,0.984
,,0,2026-08-23T09:53:19.943992379Z,-0.028,0.016,0.984
,,0,2026-08-23T09:53:20.198063131Z,-0.029,0.017,0.984
,,0,2026-08-23T09:53:20.443298319Z,-0.028,0.016,0.984
,,0,2026-08-23T09:53:20.704441961Z,-0.028,0.016,0.986
,,0,2026-08-23T09:53:20.948075798Z,-0.03,0.016,0.984
,,0,2026-08-23T09:53:21.192144297Z,-0.029,0.016,0.985
,,0,2026-08-23T09:53:21.44263429Z,-0.027,0.017,0.984
,,0,2026-08-23T09:53:21.693049783Z,-0.03,0.016,0.984
,,0,2026-08-23T09:53:21.940496724Z,-0.03,0.015,0.985
,,0,2026-08-23T09:53:22.192105554Z,-0.028,0.016,0.985
,,0,2026-08-23T09:53:22.442718555Z,-0.03,0.016,0.985
,,0,2026-08-23T09:53:22.692839625Z,-0.03,0.016,0.985
,,0,2026-08-23T09:53:22.940575427Z,-0.031,0.016,0.984
,,0,2026-08-23T09:53:23.192205004Z,-0.031,0.016,0.984
,,0,2026-08-23T09:53:23.447313783Z,-0.029,0.015,0.986
,,0,2026-08-23T09:53:23.701330457Z,-0.028,0.016,0.986
,,0,2026-08-23T09:53:23.944075397Z,-0.027,0.017,0.986
,,0,2026-08-23T09:53:24.195384532Z,-0.03,0.015,0.985
,,0,2026-08-23T09:53:24.446129603Z,-0.029,0.015,0.986
,,0,2026-08-23T09:53:24.701212684Z,-0.029,0.015,0.985
,,0,2026-08-23T09:53:24.94415441Z,-0.029,0.015,0.987
,,0,2026-08-23T09:53:25.193238731Z,-0.029,0.016,0.985
,,0,2026-08-23T09:53:25.44557864Z,-0.03,0.016,0.985
,,0,2026-08-23T09:53:25.702842381Z,-0.03,0.015,0.984
,,0,2026-08-23T09:53:25.943938779Z,-0.03,0.016,0.985
,,0,2026-08-23T09:53:26.19489333Z,-0.029,0.016,0.983
,,0,2026-08-23T09:53:26.445586136Z,-0.03,0.016,0.984
,,0,2026-08-23T09:53:26.700307262Z,-0.028,0.016,0.986
,,0,2026-08-23T09:53:26.943160816Z,-0.03,0.016,0.984
,,0,2026-08-23T09:53:27.19497342Z,-0.03,0.016,0.985
,,0,2026-08-23T09:53:27.446852133Z,-0.029,0.016,0.986
,,0,2026-08-23T09:53:27.703082004Z,-0.03,0.015,0.985
,,0,2026-08-23T09:53:27.943568521Z,-0.028,0.017,0.985
,,0,2026-08-23T09:53:28.195218611Z,-0.03,0.016,0.985
,,0,2026-08-23T09:53:28.44690631Z,-0.029,0.017,0.986
,,0,2026-08-23T09:53:28.701792747Z,-0.03,0.016,0.985
,,0,2026-08-23T09:53:28.943306226Z,-0.029,0.017,0.986
,,0,2026-08-23T09:53:29.194895451Z,-0.029,0.016,0.986
,,0,2026-08-23T09:53:29.446459859Z,-0.029,0.016,0.984
,,0,2026-08-23T09:53:29.702734132Z,-0.029,0.016,0.986
,,0,2026-08-23T09:53:29.943687204Z,-0.029,0.016,0.985
,,0,2026-08-23T09:53:30.194979803Z,-0.03,0.016,0.985
,,0,2026-08-23T09:53:30.445761061Z,-0.028,0.016,0.986
,,0,2026-08-23T09:53:30.699956429Z,-0.03,0.015,0.986
,,0,2026-08-23T09:53:30.944290841Z,-0.029,0.016,0.987
,,0,2026-08-23T09:53:31.195684577Z,-0.03,0.015,0.986
,,0,2026-08-23T09:53:31.44676277Z,-0.03,0.016,0.985
,,0,2026-08-23T09:53:31.702981314Z,-0.03,0.014,0.987
,,0,2026-08-23T09:53:31.944070846Z,-0.03,0.016,0.985
,,0,2026-08-23T09:53:32.195296921Z,-0.03,0.016,0.985
,,0,2026-08-23T09:53:32.446155248Z,-0.031,0.016,0.985
,,0,2026-08-23T09:53:32.700171775Z,-0.029,0.016,0.985
,,0,2026-08-23T09:53:32.943613117Z,-0.03,0.016,0.986
,,0,2026-08-23T09:53:33.196845367Z,-0.029,0.016,0.985
,,0,2026-08-23T09:53:33.447096991Z,-0.028,0.016,0.986
,,0,2026-08-23T09:53:33.703340584Z,-0.031,0.016,0.985
,,0,2026-08-23T09:53:33.945577328Z,-0.031,0.016,0.984
,,0,2026-08-23T09:53:34.19559168Z,-0.028,0.016,0.986
,,0,2026-08-23T09:53:34.446273926Z,-0.03,0.016,0.986
,,0,2026-08-23T09:53:34.703821484Z,-0.03,0.016,0.986
,,0,2026-08-23T09:53:34.944629053Z,-0.03,0.015,0.985
,,0,2026-08-23T09:53:35.195293197Z,-0.03,0.016,0.986
,,0,2026-08-23T09:53:35.446711568Z,-0.029,0.016,0.986
,,0,2026-08-23T09:53:35.702921804Z,-0.03,0.015,0.985
,,0,2026-08-23T09:53:35.944800446Z,-0.031,0.016,0.985
,,0,2026-08-23T09:53:36.195298817Z,-0.03,0.015,0.985
,,0,2026-08-23T09:53:36.446003539Z,-0.03,0.016,0.985
,,0,2026-08-23T09:53:36.701538071Z,-0.029,0.016,0.986
,,0,2026-08-23T09:53:36.943756835Z,-0.031,0.016,0.985
,,0,2026-08-23T09:53:37.191996485Z,-0.03,0.016,0.986
,,0,2026-08-23T09:53:37.442841642Z,-0.03,0.015,0.986
,,0,2026-08-23T09:53:37.69299118Z,-0.03,0.016,0.985
,,0,2026-08-23T09:53:37.940662803Z,-0.029,0.014,0.985
,,0,2026-08-23T09:53:38.192117475Z,-0.03,0.015,0.986
,,0,2026-08-23T09:53:38.442852711Z,-0.031,0.016,0.985
,,0,2026-08-23T09:53:38.6929557Z,-0.03,0.017,0.986
,,0,2026-08-23T09:53:38.940678701Z,-0.029,0.015,0.986
,,0,2026-08-23T09:53:39.192427531Z,-0.029,0.015,0.986
,,0,2026-08-23T09:53:39.442767843Z,-0.03,0.015,0.986
,,0,2026-08-23T09:53:39.69307197Z,-0.031,0.016,0.985
,,0,2026-08-23T09:53:39.940844461Z,-0.029,0.016,0.986
,,0,2026-08-23T09:53:40.192200886Z,-0.029,0.016,0.986
,,0,2026-08-23T09:53:40.443012451Z,-0.029,0.015,0.986
,,0,2026-08-23T09:53:40.693239065Z,-0.029,0.015,0.985
,,0,2026-08-23T09:53:40.940879468Z,-0.029,0.015,0.985
,,0,2026-08-23T09:53:41.192287215Z,-0.03,0.015,0.984
,,0,2026-08-23T09:53:41.442764394Z,-0.03,0.016,0.987
,,0,2026-08-23T09:53:41.693083942Z,-0.029,0.016,0.988
,,0,2026-08-23T09:53:41.940715649Z,-0.028,0.016,0.987
,,0,2026-08-23T09:53:42.19583094Z,-0.03,0.015,0.986
,,0,2026-08-23T09:53:42.446124939Z,-0.03,0.014,0.987
,,0,2026-08-23T09:53:42.701280357Z,-0.03,0.016,0.985
,,0,2026-08-23T09:53:42.944199356Z,-0.031,0.016,0.986
,,0,2026-08-23T09:53:43.197026353Z,-0.031,0.016,0.986
,,0,2026-08-23T09:53:43.447332785Z,-0.03,0.016,0.985
,,0,2026-08-23T09:53:43.703735759Z,-0.029,0.017,0.986
,,0,2026-08-23T09:53:43.94557518Z,-0.03,0.017,0.986
,,0,2026-08-23T09:53:44.195298301Z,-0.029,0.016,0.985
,,0,2026-08-23T09:53:44.446710936Z,-0.03,0.016,0.984
,,0,2026-08-23T09:53:44.704218558Z,-0.03,0.015,0.986
,,0,2026-08-23T09:53:44.943934446Z,-0.031,0.015,0.985
,,0,2026-08-23T09:53:45.195590741Z,-0.031,0.015,0.986
,,0,2026-08-23T09:53:45.446539638Z,-0.03,0.016,0.985
,,0,2026-08-23T09:53:45.701478111Z,-0.029,0.016,0.985
,,0,2026-08-23T09:53:45.944324667Z,-0.029,0.016,0.985
,,0,2026-08-23T09:53:46.195732115Z,-0.029,0.017,0.985
,,0,2026-08-23T09:53:46.446392812Z,-0.029,0.017,0.985
,,0,2026-08-23T09:53:46.703330496Z,-0.029,0.017,0.985
,,0,2026-08-23T09:53:46.944422506Z,-0.028,0.016,0.986
,,0,2026-08-23T09:53:47.195735144Z,-0.031,0.015,0.984
,,0,2026-08-23T09:53:47.446171105Z,-0.031,0.015,0.984
,,0,2026-08-23T09:53:47.701525466Z,-0.03,0.015,0.987
,,0,2026-08-23T09:53:47.944536557Z,-0.028,0.016,0.987
,,0,2026-08-23T09:53:48.195470939Z,-0.027,0.016,0.987
,,0,2026-08-23T09:53:48.447265291Z,-0.028,0.017,0.985
,,0,2026-08-23T09:53:48.701146903Z,-0.03,0.015,0.985
,,0,2026-08-23T09:53:48.944305318Z,-0.03,0.016,0.985
,,0,2026-08-23T09:53:49.1952388Z,-0.031,0.016,0.985
,,0,2026-08-23T09:53:49.446118297Z,-0.03,0.015,0.984
,,0,2026-08-23T09:53:49.70035792Z,-0.03,0.016,0.985
,,0,2026-08-23T09:53:49.944003513Z,-0.03,0.016,0.985
,,0,2026-08-23T09:53:50.195366617Z,-0.03,0.016,0.985
,,0,2026-08-23T09:53:50.446839479Z,-0.029,0.016,0.985
,,0,2026-08-23T09:53:50.704780422Z,-0.03,0.016,0.986
,,0,2026-08-23T09:53:50.943939627Z,-0.03,0.015,0.987
,,0,2026-08-23T09:53:51.19610845Z,-0.029,0.016,0.984
,,0,2026-08-23T09:53:51.44688309Z,-0.03,0.017,0.985
,,0,2026-08-23T09:53:51.700573498Z,-0.031,0.016,0.984
,,0,2026-08-23T09:53:51.945002966Z,-0.03,0.016,0.985
,,0,2026-08-23T09:53:52.196323213Z,-0.029,0.016,0.986
,,0,2026-08-23T09:53:52.446936284Z,-0.028,0.017,0.984
,,0,2026-08-23T09:53:52.701910842Z,-0.031,0.016,0.984
,,0,2026-08-23T09:53:52.945949072Z,-0.031,0.015,0.985
,,0,2026-08-23T09:53:53.195728515Z,-0.03,0.016,0.985
,,0,2026-08-23T09:53:53.44770394Z,-0.03,0.015,0.986
,,0,2026-08-23T09:53:53.703953516Z,-0.031,0.016,0.986
,,0,2026-08-23T09:53:53.946236107Z,-0.03,0.016,0.985
,,0,2026-08-23T09:53:54.195913279Z,-0.03,0.016,0.984
,,0,2026-08-23T09:53:54.446390288Z,-0.028,0.016,0.985
,,0,2026-08-23T09:53:54.702024199Z,-0.029,0.016,0.985
,,0,2026-08-23T09:53:54.944513707Z,-0.029,0.017,0.985
,,0,2026-08-23T09:53:55.195260174Z,-0.032,0.015,0.984
,,0,2026-08-23T09:53:55.445961304Z,-0.03,0.016,0.984
,,0,2026-08-23T09:53:55.700807955Z,-0.03,0.016,0.984
,,0,2026-08-23T09:53:55.943992125Z,-0.03,0.016,0.985
,,0,2026-08-23T09:53:56.196789488Z,-0.029,0.016,0.986
,,0,2026-08-23T09:53:56.447196734Z,0.063,0.008,1.048
,,0,2026-08-23T09:53:56.703229847Z,-0.052,0.103,1.021
,,0,2026-08-23T09:53:56.940867583Z,-0.182,0.149,0.908
,,0,2026-08-23T09:53:57.192574555Z,-0.291,-0.025,0.944
,,0,2026-08-23T09:53:57.443065604Z,-0.39,0.166,0.905
,,0,2026-08-23T09:53:57.693899379Z,-0.725,0.021,0.505
,,0,2026-08-23T09:53:57.940953823Z,-0.805,0.058,0.617
,,0,2026-08-23T09:53:58.192399003Z,-0.827,0.017,0.568
,,0,2026-08-23T09:53:58.443432787Z,-0.821,0.27,0.413
,,0,2026-08-23T09:53:58.693720953Z,0.476,0.538,0.67
,,0,2026-08-23T09:53:58.941345724Z,0.036,0.557,0.66
,,0,2026-08-23T09:53:59.192929467Z,-0.096,0.113,1.107
,,0,2026-08-23T09:53:59.443639274Z,-0.213,0.182,0.951
,,0,2026-08-23T09:53:59.693686075Z,-0.285,0.144,1.002
,,0,2026-08-23T09:53:59.941272038Z,-0.359,0.145,0.892
,,0,2026-08-23T09:54:00.19288677Z,-0.327,0.145,0.835
,,0,2026-08-23T09:54:00.443620881Z,0.176,0.072,0.957
,,0,2026-08-23T09:54:00.693542743Z,0.225,0.009,0.956
,,0,2026-08-23T09:54:00.94129053Z,-0.277,0.22,1.138
,,0,2026-08-23T09:54:01.192700619Z,-0.006,-0.011,0.981
,,0,2026-08-23T09:54:01.443652165Z,-0.007,-0.007,0.985
,,0,2026-08-23T09:54:01.693969427Z,-0.072,-0.003,0.974
,,0,2026-08-23T09:54:01.945123659Z,0.231,-0.031,0.92
,,0,2026-08-23T09:54:02.195669618Z,0.252,-0.043,0.945
,,0,2026-08-23T09:54:02.447501438Z,0.245,-0.057,0.944
,,0,2026-08-23T09:54:02.703239572Z,0.22,-0.055,0.954
,,0,2026-08-23T09:54:02.944338275Z,0.118,-0.074,0.871
,,0,2026-08-23T09:54:03.195808102Z,-0.319,-0.191,0.918
,,0,2026-08-23T09:54:03.447514021Z,-0.691,-0.516,0.815
,,0,2026-08-23T09:54:03.701154309Z,-0.648,-0.322,0.736
,,0,2026-08-23T09:54:03.944708042Z,-0.76,-0.113,0.653
,,0,2026-08-23T09:54:04.195698705Z,-0.902,0.045,0.409
,,0,2026-08-23T09:54:04.447367483Z,-0.911,0.007,0.455
,,0,2026-08-23T09:54:04.702791424Z,-1.018,-0.003,0.151
,,0,2026-08-23T09:54:04.943960013Z,-1.027,0.003,0.08
,,0,2026-08-23T09:54:05.19580645Z,-1.022,0.013,0.094
,,0,2026-08-23T09:54:05.447421864Z,-1.023,-0.007,-0.056
,,0,2026-08-23T09:54:05.700907036Z,-1.031,0.006,0
,,0,2026-08-23T09:54:05.944198467Z,-1.026,0.015,0.018
,,0,2026-08-23T09:54:06.196589027Z,-1.048,0.002,-0.047
,,0,2026-08-23T09:54:06.447359645Z,-1.173,-0.017,-0.1
,,0,2026-08-23T09:54:06.703836072Z,-1.025,0.024,0.072
,,0,2026-08-23T09:54:06.941497739Z,-1.028,-0.021,0.013
,,0,2026-08-23T09:54:07.192738648Z,-1.034,0.006,-0.039
,,0,2026-08-23T09:54:07.443544736Z,-1.034,-0,-0.025
,,0,2026-08-23T09:54:07.693780337Z,-1.028,0.013,-0.008
,,0,2026-08-23T09:54:07.941266284Z,-1.03,0.001,0.002
,,0,2026-08-23T09:54:08.19266672Z,-1.03,0.006,0
,,0,2026-08-23T09:54:08.443346203Z,-1.03,0.007,0.001
,,0,2026-08-23T09:54:08.693696146Z,-1.029,0.007,0.002
,,0,2026-08-23T09:54:08.941285639Z,-1.029,0.007,0.002
,,0,2026-08-23T09:54:09.192729139Z,-1.029,0.006,0.003
,,0,2026-08-23T09:54:09.443517519Z,-1.029,0.007,0.003
,,0,2026-08-23T09:54:09.693558818Z,-1.029,0.006,0.002
,,0,2026-08-23T09:54:09.941294375Z,-1.029,0.006,0.002
,,0,2026-08-23T09:54:10.192857179Z,-1.028,0.007,0.003
,,0,2026-08-23T09:54:10.443327046Z,-1.028,0.007,0.004
,,0,2026-08-23T09:54:10.693719485Z,-1.029,0.007,0.003
,,0,2026-08-23T09:54:10.941261418Z,-1.029,0.006,0.001
,,0,2026-08-23T09:54:11.192694118Z,-1.029,0.007,0.001
,,0,2026-08-23T09:54:11.443346789Z,-1.029,0.007,0.003
,,0,2026-08-23T09:54:11.693614902Z,-1.028,0.007,0.002
,,0,2026-08-23T09:54:11.945209508Z,-1.028,0.007,0.002
,,0,2026-08-23T09:54:12.196566917Z,-1.03,0.007,0.001
,,0,2026-08-23T09:54:12.447326523Z,-1.028,0.007,0.003
,,0,2026-08-23T09:54:12.703800456Z,-1.029,0.007,0.003
,,0,2026-08-23T09:54:12.945461039Z,-1.029,0.006,0.002
,,0,2026-08-23T09:54:13.196958531Z,-1.029,0.008,0.004
,,0,2026-08-23T09:54:13.446521338Z,-1.028,0.007,0.004
,,0,2026-08-23T09:54:13.701051039Z,-1.03,0.007,0.004
,,0,2026-08-23T09:54:13.944178512Z,-1.029,0.007,0.004
,,0,2026-08-23T09:54:14.195943607Z,-1.03,0.007,0.002
,,0,2026-08-23T09:54:14.447282844Z,-1.031,0.008,0.002
,,0,2026-08-23T09:54:14.700690636Z,-1.029,0.005,0.003
,,0,2026-08-23T09:54:14.944658124Z,-1.028,0.007,0.002
,,0,2026-08-23T09:54:15.195384477Z,-1.027,0.007,0.003
,,0,2026-08-23T09:54:15.447432801Z,-1.028,0.007,0.002
,,0,2026-08-23T09:54:15.703726495Z,-1.027,0.006,0.004
,,0,2026-08-23T09:54:15.945253526Z,-1.028,0.006,0.003
,,0,2026-08-23T09:54:16.19651802Z,-1.03,0.007,0.003
,,0,2026-08-23T09:54:16.447412527Z,-1.028,0.008,0.002
,,0,2026-08-23T09:54:16.700964335Z,-1.03,0.007,0.002
,,0,2026-08-23T09:54:16.941712997Z,-1.029,0.006,0.004
,,0,2026-08-23T09:54:17.19254731Z,-1.029,0.007,0.003
,,0,2026-08-23T09:54:17.44348438Z,-1.03,0.006,0.003
,,0,2026-08-23T09:54:22.703188691Z,-0.095,-0.059,0.969
,,0,2026-08-23T09:54:22.944509832Z,-0.065,-0.024,1.033
,,0,2026-08-23T09:54:23.19623242Z,-0.052,-0.059,0.959
,,0,2026-08-23T09:54:23.447473853Z,-0.025,-0.023,0.989
,,0,2026-08-23T09:54:23.704035738Z,-0.028,-0.013,0.98
,,0,2026-08-23T09:54:23.945398479Z,-0.018,-0.008,0.989
,,0,2026-08-23T09:54:24.196589756Z,-0.02,-0.008,0.987
,,0,2026-08-23T09:54:24.447578751Z,-0.021,-0.01,0.988
,,0,2026-08-23T09:54:24.703191598Z,-0.021,-0.009,0.989
,,0,2026-08-23T09:54:24.94553893Z,-0.021,-0.009,0.987
,,0,2026-08-23T09:54:25.196218728Z,-0.02,-0.009,0.985
,,0,2026-08-23T09:54:25.446827098Z,-0.02,-0.01,0.986
,,0,2026-08-23T09:54:25.701323629Z,-0.019,-0.01,0.986
,,0,2026-08-23T09:54:25.944683662Z,-0.019,-0.01,0.985
,,0,2026-08-23T09:54:26.196268605Z,-0.021,-0.009,0.984
,,0,2026-08-23T09:54:26.447797268Z,-0.02,-0.01,0.983
,,0,2026-08-23T09:54:26.703993265Z,-0.018,-0.01,0.985
,,0,2026-08-23T09:54:26.94360435Z,-0.02,-0.009,0.984
,,0,2026-08-23T09:54:27.196794054Z,-0.02,-0.01,0.984
,,0,2026-08-23T09:54:27.446869695Z,-0.02,-0.01,0.986
,,0,2026-08-23T09:54:27.706382263Z,-0.019,-0.01,0.985
,,0,2026-08-23T09:54:27.945435907Z,-0.019,-0.011,0.984
,,0,2026-08-23T09:54:28.197838909Z,-0.018,-0.01,0.984
,,0,2026-08-23T09:54:28.446777529Z,-0.018,-0.01,0.985
,,0,2026-08-23T09:54:28.702488204Z,-0.019,-0.008,0.985
,,0,2026-08-23T09:54:28.946468451Z,-0.02,-0.009,0.985
,,0,2026-08-23T09:54:29.196547276Z,-0.02,-0.01,0.986
,,0,2026-08-23T09:54:29.448289742Z,-0.019,-0.01,0.986
,,0,2026-08-23T09:54:29.704654614Z,-0.02,-0.009,0.986
,,0,2026-08-23T09:54:29.945071286Z,-0.019,-0.008,0.985
,,0,2026-08-23T09:54:30.196564667Z,-0.019,-0.009,0.986
,,0,2026-08-23T09:54:30.451785686Z,-0.02,-0.008,0.991
,,0,2026-08-23T09:54:30.696152416Z,-0.02,-0.009,0.986
,,0,2026-08-23T09:54:30.956068972Z,-0.019,-0.01,0.987
,,0,2026-08-23T09:54:31.193095561Z,-0.019,-0.009,0.985
,,0,2026-08-23T09:54:31.4437227Z,-0.019,-0.008,0.985
,,0,2026-08-23T09:54:31.693992058Z,-0.018,-0.009,0.984
,,0,2026-08-23T09:54:31.941902176Z,-0.017,-0.009,0.983
,,0,2026-08-23T09:54:32.193025458Z,-0.017,-0.009,0.984
,,0,2026-08-23T09:54:32.443978626Z,-0.018,-0.009,0.984
,,0,2026-08-23T09:54:32.693956842Z,-0.017,-0.008,0.985
,,0,2026-08-23T09:54:32.94154115Z,-0.019,-0.009,0.985
,,0,2026-08-23T09:54:33.192892276Z,-0.019,-0.009,0.985
,,0,2026-08-23T09:54:33.443824007Z,-0.019,-0.01,0.985
,,0,2026-08-23T09:54:33.694162659Z,-0.018,-0.009,0.986
,,0,2026-08-23T09:54:33.941726549Z,-0.019,-0.01,0.985
,,0,2026-08-23T09:54:34.193109053Z,-0.016,-0.01,0.984
,,0,2026-08-23T09:54:34.443732641Z,-0.017,-0.009,0.984
,,0,2026-08-23T09:54:34.69396069Z,-0.016,-0.009,0.985
,,0,2026-08-23T09:54:34.941664496Z,-0.017,-0.01,0.983
,,0,2026-08-23T09:54:35.193190435Z,-0.018,-0.01,0.983
,,0,2026-08-23T09:54:35.443785735Z,-0.017,-0.01,0.985
,,0,2026-08-23T09:54:35.703692051Z,-0.019,-0.009,0.985
,,0,2026-08-23T09:54:35.945946472Z,-0.019,-0.008,0.985
,,0,2026-08-23T09:54:36.196135297Z,-0.018,-0.008,0.986
,,0,2026-08-23T09:54:36.446911106Z,-0.016,-0.01,0.983
,,0,2026-08-23T09:54:36.703932778Z,-0.016,-0.01,0.983
,,0,2026-08-23T09:54:36.943054109Z,-0.017,-0.01,0.981
,,0,2026-08-23T09:54:37.197503067Z,-0.016,-0.009,0.981
,,0,2026-08-23T09:54:37.447794121Z,-0.016,-0.009,0.984
,,0,2026-08-23T09:54:37.704462946Z,-0.017,-0.01,0.984
,,0,2026-08-23T09:54:37.946123583Z,-0.016,-0.01,0.985
,,0,2026-08-23T09:54:38.19730308Z,-0.018,-0.008,0.986
,,0,2026-08-23T09:54:38.447201732Z,-0.018,-0.01,0.985
,,0,2026-08-23T09:54:38.701447212Z,-0.02,-0.01,0.985
,,0,2026-08-23T09:54:38.944992223Z,-0.02,-0.009,0.984
,,0,2026-08-23T09:54:39.197485535Z,-0.019,-0.009,0.982
,,0,2026-08-23T09:54:39.446726264Z,-0.02,-0.009,0.983
,,0,2026-08-23T09:54:39.701709184Z,-0.018,-0.008,0.985
,,0,2026-08-23T09:54:39.944604106Z,-0.018,-0.008,0.985
,,0,2026-08-23T09:54:40.195953416Z,-0.019,-0.009,0.984
,,0,2026-08-23T09:54:40.446885851Z,-0.018,-0.007,0.984
,,0,2026-08-23T09:54:40.701484221Z,-0.018,-0.01,0.984
,,0,2026-08-23T09:54:40.944717005Z,-0.019,-0.01,0.985
,,0,2026-08-23T09:54:41.196011361Z,-0.021,-0.01,0.984
,,0,2026-08-23T09:54:41.44692797Z,-0.018,-0.009,0.983
,,0,2026-08-23T09:54:41.704421128Z,-0.019,-0.01,0.981
,,0,2026-08-23T09:54:41.946196614Z,-0.019,-0.009,0.982
,,0,2026-08-23T09:54:42.197327513Z,-0.018,-0.009,0.984
,,0,2026-08-23T09:54:42.447770553Z,-0.018,-0.008,0.985
,,0,2026-08-23T09:54:42.701795527Z,-0.019,-0.009,0.983
,,0,2026-08-23T09:54:42.945044254Z,-0.018,-0.007,0.985
,,0,2026-08-23T09:54:43.196351811Z,-0.02,-0.01,0.984
,,0,2026-08-23T09:54:43.44791433Z,-0.02,-0.01,0.981
,,0,2026-08-23T09:54:43.698737862Z,-0.018,-0.01,0.981
,,0,2026-08-23T09:54:43.945132454Z,-0.017,-0.009,0.984
,,0,2026-08-23T09:54:44.195857218Z,-0.016,-0.009,0.984
,,0,2026-08-23T09:54:44.448113436Z,-0.014,-0.009,0.984
,,0,2026-08-23T09:54:44.701490495Z,-0.018,-0.009,0.983
,,0,2026-08-23T09:54:44.944934518Z,-0.014,-0.009,0.981
,,0,2026-08-23T09:54:45.196313832Z,-0.016,-0.01,0.985
,,0,2026-08-23T09:54:45.447353734Z,-0.02,-0.008,0.982
,,0,2026-08-23T09:54:45.701438899Z,-0.019,-0.009,0.983
,,0,2026-08-23T09:54:45.945112229Z,-0.02,-0.008,0.983
,,0,2026-08-23T09:54:46.19627929Z,-0.019,-0.008,0.986
,,0,2026-08-23T09:54:46.448205132Z,-0.018,-0.009,0.985
,,0,2026-08-23T09:54:46.704201745Z,-0.018,-0.008,0.984
,,0,2026-08-23T09:54:46.944720264Z,-0.016,-0.01,0.986
,,0,2026-08-23T09:54:47.196394207Z,-0.017,-0.009,0.987
,,0,2026-08-23T09:54:47.448066075Z,-0.019,-0.009,0.987
,,0,2026-08-23T09:54:47.701723049Z,-0.017,-0.008,0.986
,,0,2026-08-23T09:54:47.946007511Z,-0.018,-0.008,0.986
,,0,2026-08-23T09:54:48.196614603Z,-0.02,-0.009,0.984
,,0,2026-08-23T09:54:48.44714184Z,-0.019,-0.008,0.985
,,0,2026-08-23T09:54:48.704294959Z,-0.018,-0.008,0.988
,,0,2026-08-23T09:54:48.946067115Z,-0.018,-0.008,0.987
,,0,2026-08-23T09:54:49.196370491Z,-0.017,-0.008,0.987
,,0,2026-08-23T09:54:49.448139208Z,-0.019,-0.01,0.988
,,0,2026-08-23T09:54:49.703942936Z,-0.018,-0.009,0.986
,,0,2026-08-23T09:54:49.945097411Z,-0.018,-0.008,0.987
,,0,2026-08-23T09:54:50.196078041Z,-0.019,-0.008,0.987
,,0,2026-08-23T09:54:50.448291973Z,-0.018,-0.008,0.984
,,0,2026-08-23T09:54:50.70171897Z,-0.019,-0.009,0.984
,,0,2026-08-23T09:54:50.945910438Z,-0.019,-0.009,0.985
,,0,2026-08-23T09:54:51.196249424Z,-0.018,-0.009,0.988
,,0,2026-08-23T09:54:51.447987009Z,-0.018,-0.008,0.987
,,0,2026-08-23T09:54:51.704428813Z,-0.018,-0.008,0.987
,,0,2026-08-23T09:54:51.94612518Z,-0.017,-0.008,0.987
,,0,2026-08-23T09:54:52.196497044Z,-0.018,-0.009,0.989
,,0,2026-08-23T09:54:52.447989969Z,-0.019,-0.01,0.989
,,0,2026-08-23T09:54:52.703990574Z,-0.016,-0.009,0.985
,,0,2026-08-23T09:54:52.945944599Z,-0.016,-0.008,0.984
,,0,2026-08-23T09:54:53.197541295Z,-0.017,-0.009,0.986
,,0,2026-08-23T09:54:53.448223186Z,-0.018,-0.009,0.987
,,0,2026-08-23T09:54:53.70383437Z,-0.018,-0.009,0.987
,,0,2026-08-23T09:54:53.945109937Z,-0.02,-0.009,0.987
,,0,2026-08-23T09:54:54.196369509Z,-0.019,-0.01,0.987
,,0,2026-08-23T09:54:54.446936426Z,-0.018,-0.008,0.985
,,0,2026-08-23T09:54:54.702913325Z,-0.017,-0.008,0.985
,,0,2026-08-23T09:54:54.946007134Z,-0.018,-0.009,0.984
,,0,2026-08-23T09:54:55.197313937Z,-0.018,-0.009,0.988
,,0,2026-08-23T09:54:55.446972078Z,-0.017,-0.008,0.988
,,0,2026-08-23T09:54:55.701560272Z,-0.018,-0.008,0.987
,,0,2026-08-23T09:54:55.945136927Z,-0.019,-0.007,0.986
,,0,2026-08-23T09:54:56.196148959Z,-0.018,-0.009,0.988
,,0,2026-08-23T09:54:56.448376959Z,-0.018,-0.009,0.988
,,0,2026-08-23T09:54:56.704259614Z,-0.018,-0.009,0.985
,,0,2026-08-23T09:54:56.943372951Z,-0.017,-0.008,0.986
,,0,2026-08-23T09:54:57.196437783Z,-0.019,-0.009,0.988
,,0,2026-08-23T09:54:57.447061188Z,-0.017,-0.008,0.986
,,0,2026-08-23T09:54:57.701329285Z,-0.019,-0.009,0.987
,,0,2026-08-23T09:54:57.944887179Z,-0.018,-0.009,0.986
,,0,2026-08-23T09:54:58.197451571Z,-0.016,-0.01,0.987
,,0,2026-08-23T09:54:58.447037348Z,-0.019,-0.008,0.986
,,0,2026-08-23T09:54:58.703088113Z,-0.018,-0.008,0.987
,,0,2026-08-23T09:54:58.945876585Z,-0.018,-0.01,0.986
,,0,2026-08-23T09:54:59.197213514Z,-0.018,-0.01,0.986
,,0,2026-08-23T09:54:59.446834874Z,-0.017,-0.01,0.984
,,0,2026-08-23T09:54:59.701697473Z,-0.018,-0.009,0.984
,,0,2026-08-23T09:54:59.946589986Z,-0.017,-0.01,0.983
,,0,2026-08-23T09:55:00.196440747Z,-0.018,-0.008,0.987
,,0,2026-08-23T09:55:00.448031999Z,-0.018,-0.01,0.987
,,0,2026-08-23T09:55:00.704458783Z,-0.017,-0.008,0.985
,,0,2026-08-23T09:55:00.946091709Z,-0.018,-0.008,0.986
,,0,2026-08-23T09:55:01.196568131Z,-0.019,-0.009,0.985
,,0,2026-08-23T09:55:01.448262262Z,-0.018,-0.009,0.985
,,0,2026-08-23T09:55:01.704563461Z,-0.02,-0.008,0.984
,,0,2026-08-23T09:55:01.945926672Z,-0.017,-0.009,0.987
,,0,2026-08-23T09:55:02.197598684Z,-0.018,-0.008,0.985
,,0,2026-08-23T09:55:02.448052501Z,-0.018,-0.009,0.988
,,0,2026-08-23T09:55:02.704252855Z,-0.018,-0.008,0.985
,,0,2026-08-23T09:55:02.946172801Z,-0.017,-0.009,0.986
,,0,2026-08-23T09:55:03.19636883Z,-0.018,-0.008,0.986
,,0,2026-08-23T09:55:03.448071497Z,-0.016,-0.009,0.987
,,0,2026-08-23T09:55:03.704101896Z,-0.017,-0.01,0.987
,,0,2026-08-23T09:55:03.945224234Z,-0.02,-0.008,0.986
,,0,2026-08-23T09:55:04.19637963Z,-0.017,-0.009,0.987
,,0,2026-08-23T09:55:04.447993286Z,-0.021,-0.008,0.987
,,0,2026-08-23T09:55:04.70557237Z,-0.02,-0.009,0.985
,,0,2026-08-23T09:55:04.946081287Z,-0.015,-0.009,0.985
,,0,2026-08-23T09:55:05.196494038Z,-0.018,-0.009,0.987
,,0,2026-08-23T09:55:05.446981862Z,-0.018,-0.008,0.985
,,0,2026-08-23T09:55:05.701707121Z,-0.02,-0.008,0.984
,,0,2026-08-23T09:55:05.946115498Z,-0.019,-0.009,0.985
,,0,2026-08-23T09:55:06.197806267Z,-0.02,-0.008,0.984
,,0,2026-08-23T09:55:06.448241117Z,-0.019,-0.007,0.985
,,0,2026-08-23T09:55:06.704134984Z,-0.018,-0.008,0.986
,,0,2026-08-23T09:55:06.945675574Z,-0.018,-0.008,0.987
,,0,2026-08-23T09:55:07.193721124Z,-0.018,-0.008,0.987
,,0,2026-08-23T09:55:07.444288095Z,-0.018,-0.008,0.987
,,0,2026-08-23T09:55:07.694343767Z,-0.018,-0.009,0.985
,,0,2026-08-23T09:55:07.942233906Z,-0.017,-0.008,0.986
,,0,2026-08-23T09:55:08.193608875Z,-0.019,-0.008,0.984
,,0,2026-08-23T09:55:08.444041965Z,-0.02,-0.007,0.982
,,0,2026-08-23T09:55:08.694567704Z,-0.02,-0.008,0.983
,,0,2026-08-23T09:55:08.942064182Z,-0.019,-0.009,0.984
,,0,2026-08-23T09:55:09.193491604Z,-0.018,-0.008,0.986
,,0,2026-08-23T09:55:09.44424452Z,-0.018,-0.008,0.987
,,0,2026-08-23T09:55:09.694659174Z,-0.017,-0.009,0.986
,,0,2026-08-23T09:55:09.942237162Z,-0.018,-0.007,0.985
,,0,2026-08-23T09:55:10.193527018Z,-0.02,-0.007,0.984
,,0,2026-08-23T09:55:10.444181978Z,-0.019,-0.008,0.983
,,0,2026-08-23T09:55:10.694473288Z,-0.016,-0.01,0.987
,,0,2026-08-23T09:55:10.942317194Z,-0.016,-0.009,0.986
,,0,2026-08-23T09:55:11.193542428Z,-0.018,-0.009,0.986
,,0,2026-08-23T09:55:11.444098397Z,-0.019,-0.009,0.984
,,0,2026-08-23T09:55:11.69435753Z,-0.019,-0.008,0.984
,,0,2026-08-23T09:55:11.945332872Z,-0.019,-0.009,0.984
,,0,2026-08-23T09:55:12.197320693Z,-0.017,-0.009,0.984
,,0,2026-08-23T09:55:12.447608891Z,-0.018,-0.008,0.986
,,0,2026-08-23T09:55:12.702039911Z,-0.017,-0.008,0.986
,,0,2026-08-23T09:55:12.946232701Z,-0.018,-0.008,0.985
,,0,2026-08-23T09:55:13.19724171Z,-0.018,-0.01,0.987
,,0,2026-08-23T09:55:13.448311217Z,-0.019,-0.008,0.986
,,0,2026-08-23T09:55:13.704870074Z,-0.018,-0.008,0.985
,,0,2026-08-23T09:55:13.946279707Z,-0.018,-0.008,0.985
,,0,2026-08-23T09:55:14.197206632Z,-0.017,-0.008,0.985
,,0,2026-08-23T09:55:14.448740225Z,-0.018,-0.009,0.987
,,0,2026-08-23T09:55:14.703552171Z,-0.017,-0.009,0.985
,,0,2026-08-23T09:55:14.947279847Z,-0.02,-0.008,0.985
,,0,2026-08-23T09:55:15.197843148Z,-0.017,-0.008,0.986
,,0,2026-08-23T09:55:15.448123817Z,-0.019,-0.01,0.985
,,0,2026-08-23T09:55:15.702028044Z,-0.02,-0.008,0.984
,,0,2026-08-23T09:55:15.945315762Z,-0.019,-0.007,0.985
,,0,2026-08-23T09:55:16.196604874Z,-0.018,-0.009,0.986
,,0,2026-08-23T09:55:16.448262355Z,-0.018,-0.008,0.984
,,0,2026-08-23T09:55:16.704521476Z,-0.019,-0.008,0.985
,,0,2026-08-23T09:55:16.944853593Z,-0.021,-0.009,0.984
,,0,2026-08-23T09:55:17.194662056Z,-0.016,-0.008,0.984
,,0,2026-08-23T09:55:17.448569115Z,-0.017,-0.008,0.984
,,0,2026-08-23T09:55:17.699300822Z,-0.017,-0.008,0.984
,,0,2026-08-23T09:55:17.950807682Z,-0.02,-0.008,0.983
,,0,2026-08-23T09:55:18.19365263Z,-0.018,-0.007,0.984
,,0,2026-08-23T09:55:18.444651126Z,-0.017,-0.008,0.984
,,0,2026-08-23T09:55:18.694571503Z,-0.019,-0.009,0.984
,,0,2026-08-23T09:55:18.947260434Z,-0.019,-0.008,0.983
,,0,2026-08-23T09:55:19.199110723Z,-0.017,-0.009,0.984
,,0,2026-08-23T09:55:19.452629205Z,-0.017,-0.009,0.983
,,0,2026-08-23T09:55:19.694692119Z,-0.021,-0.008,0.983
,,0,2026-08-23T09:55:19.942455104Z,-0.018,-0.008,0.983
,,0,2026-08-23T09:55:20.193850603Z,-0.019,-0.008,0.983
,,0,2026-08-23T09:55:20.444478669Z,-0.018,-0.009,0.982
,,0,2026-08-23T09:55:20.694831345Z,-0.018,-0.009,0.984
,,0,2026-08-23T09:55:20.942488634Z,-0.017,-0.01,0.984
,,0,2026-08-23T09:55:21.193758382Z,-0.018,-0.009,0.983
,,0,2026-08-23T09:55:21.444429438Z,-0.017,-0.008,0.983
,,0,2026-08-23T09:55:21.694672826Z,-0.017,-0.008,0.984
,,0,2026-08-23T09:55:21.942439754Z,-0.015,-0.009,0.985
,,0,2026-08-23T09:55:22.197341773Z,-0.017,-0.01,0.988
,,0,2026-08-23T09:55:22.448654509Z,-0.016,-0.008,0.984
,,0,2026-08-23T09:55:22.704689068Z,-0.018,-0.008,0.985
,,0,2026-08-23T09:55:22.945459095Z,-0.016,-0.009,0.985
,,0,2026-08-23T09:55:23.197652865Z,-0.017,-0.009,0.985
,,0,2026-08-23T09:55:23.448399422Z,-0.018,-0.009,0.985
,,0,2026-08-23T09:55:23.705772646Z,-0.017,-0.007,0.987
,,0,2026-08-23T09:55:23.945448287Z,-0.017,-0.009,0.985
,,0,2026-08-23T09:55:24.197640844Z,-0.016,-0.009,0.984
,,0,2026-08-23T09:55:24.447623775Z,-0.015,-0.008,0.986
,,0,2026-08-23T09:55:24.697342242Z,-0.016,-0.008,0.987
,,0,2026-08-23T09:55:24.945212198Z,-0.016,-0.008,0.987
,,0,2026-08-23T09:55:25.196397425Z,-0.017,-0.008,0.987
,,0,2026-08-23T09:55:25.447739298Z,-0.017,-0.009,0.987
,,0,2026-08-23T09:55:25.702472469Z,-0.018,-0.01,0.986
,,0,2026-08-23T09:55:25.946608709Z,-0.019,-0.008,0.987
,,0,2026-08-23T09:55:26.196807699Z,-0.016,-0.008,0.984
,,0,2026-08-23T09:55:26.447988414Z,-0.017,-0.008,0.983
,,0,2026-08-23T09:55:29.695307137Z,-0.018,-0.007,0.986
,,0,2026-08-23T09:55:29.942565764Z,-0.018,-0.009,0.987
,,0,2026-08-23T09:55:30.193904315Z,-0.016,-0.009,0.985
,,0,2026-08-23T09:55:30.444458414Z,-0.016,-0.009,0.985
,,0,2026-08-23T09:55:42.705049369Z,-0.016,-0.009,0.986
,,0,2026-08-23T09:55:42.946741996Z,-0.017,-0.009,0.987
,,0,2026-08-23T09:55:43.196829121Z,-0.017,-0.008,0.986
,,0,2026-08-23T09:55:43.448545586Z,-0.017,-0.008,0.986
,,0,2026-08-23T09:55:43.704800073Z,-0.018,-0.007,0.986
,,0,2026-08-23T09:55:43.9459673Z,-0.017,-0.008,0.987
,,0,2026-08-23T09:55:44.197830406Z,-0.016,-0.009,0.984
,,0,2026-08-23T09:55:44.448717598Z,-0.016,-0.008,0.984
,,0,2026-08-23T09:55:44.70222797Z,-0.017,-0.009,0.985
,,0,2026-08-23T09:55:44.94566431Z,-0.016,-0.009,0.986
,,0,2026-08-23T09:55:45.196697458Z,-0.017,-0.008,0.985
,,0,2026-08-23T09:55:45.448572275Z,-0.017,-0.009,0.986
,,0,2026-08-23T09:55:45.702539121Z,-0.019,-0.007,0.983
,,0,2026-08-23T09:55:45.945590247Z,-0.018,-0.008,0.983
,,0,2026-08-23T09:55:46.196926387Z,-0.019,-0.008,0.984
,,0,2026-08-23T09:55:46.448002265Z,-0.018,-0.007,0.987
,,0,2026-08-23T09:55:46.694889178Z,-0.017,-0.008,0.985
,,0,2026-08-23T09:55:46.942688966Z,-0.017,-0.008,0.986
,,0,2026-08-23T09:55:47.193830708Z,-0.018,-0.008,0.986
,,0,2026-08-23T09:55:47.444645076Z,-0.017,-0.008,0.985
,,0,2026-08-23T09:55:47.694735217Z,-0.016,-0.009,0.987
,,0,2026-08-23T09:55:47.942615904Z,-0.016,-0.009,0.986
,,0,2026-08-23T09:55:48.194033434Z,-0.02,-0.007,0.986
,,0,2026-08-23T09:55:48.444700107Z,-0.018,-0.008,0.988
,,0,2026-08-23T09:55:48.694974629Z,-0.018,-0.009,0.987
,,0,2026-08-23T09:55:48.942587861Z,0.008,-0.068,0.98
,,0,2026-08-23T09:55:49.194054678Z,-0.019,0.005,0.983
,,0,2026-08-23T09:55:49.444770731Z,-0.018,-0.007,0.984
,,0,2026-08-23T09:55:58.706543802Z,-0.029,0.016,0.985
,,0,2026-08-23T09:55:58.945744536Z,-0.029,0.017,0.985
,,0,2026-08-23T09:55:59.19699552Z,-0.029,0.017,0.984
,,0,2026-08-23T09:55:59.448405115Z,-0.028,0.015,0.987
,,0,2026-08-23T09:55:59.704365674Z,-0.029,0.017,0.986
,,0,2026-08-23T09:55:59.945823631Z,-0.028,0.015,0.986
,,0,2026-08-23T09:56:00.196872495Z,-0.029,0.017,0.988
,,0,2026-08-23T09:56:00.448737768Z,-0.03,0.016,0.984
,,0,2026-08-23T09:56:00.705016522Z,-0.029,0.016,0.985
,,0,2026-08-23T09:56:00.946775473Z,-0.028,0.017,0.987
,,0,2026-08-23T09:56:01.197787586Z,-0.03,0.015,0.984
,,0,2026-08-23T09:56:01.447830305Z,-0.03,0.017,0.985
,,0,2026-08-23T09:56:01.705229556Z,-0.029,0.016,0.986
,,0,2026-08-23T09:56:01.945647843Z,-0.029,0.016,0.984
,,0,2026-08-23T09:56:02.19681143Z,-0.027,0.017,0.984
,,0,2026-08-23T09:56:02.44876637Z,-0.027,0.017,0.986
,,0,2026-08-23T09:56:09.707916397Z,-0.03,0.018,0.985
,,0,2026-08-23T09:56:09.946554443Z,-0.027,0.016,0.983
,,0,2026-08-23T09:56:10.197930756Z,-0.029,0.017,0.985
,,0,2026-08-23T09:56:10.448293007Z,-0.029,0.016,0.984
,,0,2026-08-23T09:56:10.704358689Z,-0.031,0.016,0.984
,,0,2026-08-23T09:56:10.946795852Z,-0.029,0.016,0.984
,,0,2026-08-23T09:56:11.199265494Z,-0.029,0.016,0.987
,,0,2026-08-23T09:56:11.449685237Z,-0.029,0.016,0.986
,,0,2026-08-23T09:56:11.70557565Z,-0.029,0.016,0.985
,,0,2026-08-23T09:56:11.947598729Z,-0.03,0.016,0.985
,,0,2026-08-23T09:56:12.197615167Z,-0.03,0.016,0.984
,,0,2026-08-23T09:56:12.448159568Z,-0.027,0.016,0.985
,,0,2026-08-23T09:56:12.702908505Z,-0.027,0.016,0.986
,,0,2026-08-23T09:56:12.945941172Z,-0.028,0.016,0.984
,,0,2026-08-23T09:56:13.198477075Z,-0.028,0.016,0.986
,,0,2026-08-23T09:56:13.448649262Z,-0.028,0.017,0.985
,,0,2026-08-23T09:56:13.705468457Z,-0.028,0.017,0.985
,,0,2026-08-23T09:56:13.94690398Z,-0.027,0.016,0.985
,,0,2026-08-23T09:56:14.198469203Z,-0.029,0.016,0.985
,,0,2026-08-23T09:56:14.448193769Z,-0.03,0.017,0.985
,,0,2026-08-23T09:56:14.705233863Z,-0.029,0.017,0.984
,,0,2026-08-23T09:56:14.945873615Z,-0.026,0.015,0.984
,,0,2026-08-23T09:56:15.197524682Z,-0.028,0.017,0.986
,,0,2026-08-23T09:56:15.449012894Z,-0.029,0.016,0.986
,,0,2026-08-23T09:56:15.70517842Z,-0.029,0.017,0.985
,,0,2026-08-23T09:56:15.947030891Z,-0.031,0.017,0.984
,,0,2026-08-23T09:56:16.197478388Z,-0.029,0.016,0.985
,,0,2026-08-23T09:56:16.448069644Z,-0.03,0.017,0.985
,,0,2026-08-23T09:56:16.702381969Z,-0.03,0.017,0.984
,,0,2026-08-23T09:56:16.945492881Z,-0.029,0.017,0.984
,,0,2026-08-23T09:56:17.198604602Z,-0.029,0.016,0.984
,,0,2026-08-23T09:56:17.448857884Z,-0.028,0.016,0.987
,,0,2026-08-23T09:56:17.704961818Z,-0.028,0.016,0.985
,,0,2026-08-23T09:56:17.947064737Z,-0.028,0.016,0.985
,,0,2026-08-23T09:56:18.197604143Z,-0.03,0.017,0.984
,,0,2026-08-23T09:56:18.448054677Z,-0.031,0.016,0.984
,,0,2026-08-23T09:56:18.705074791Z,-0.031,0.016,0.984
,,0,2026-08-23T09:56:18.946212678Z,-0.031,0.017,0.984
,,0,2026-08-23T09:56:19.197567801Z,-0.029,0.016,0.987
,,0,2026-08-23T09:56:19.448723737Z,-0.03,0.016,0.983
,,0,2026-08-23T09:56:19.705168469Z,-0.027,0.016,0.985
,,0,2026-08-23T09:56:19.946130644Z,-0.026,0.017,0.986
,,0,2026-08-23T09:56:20.197178313Z,-0.026,0.016,0.985
,,0,2026-08-23T09:56:20.448023701Z,-0.026,0.016,0.986
,,0,2026-08-23T09:56:20.70266477Z,-0.029,0.017,0.985
,,0,2026-08-23T09:56:20.946971986Z,-0.029,0.016,0.987
,,0,2026-08-23T09:56:21.198145351Z,-0.028,0.017,0.987
,,0,2026-08-23T09:56:21.447766318Z,-0.029,0.017,0.984
,,0,2026-08-23T09:56:21.70526663Z,-0.03,0.016,0.984
,,0,2026-08-23T09:56:21.946888791Z,-0.03,0.017,0.982
,,0,2026-08-23T09:56:22.197313125Z,-0.027,0.016,0.973
,,0,2026-08-23T09:56:22.448757091Z,-0.024,0.016,0.981
,,0,2026-08-23T09:56:22.704702832Z,-0.029,0.017,0.984
,,0,2026-08-23T09:56:22.945840576Z,-0.027,0.017,0.986
,,0,2026-08-23T09:56:23.197142683Z,-0.029,0.017,0.985
,,0,2026-08-23T09:56:23.447857674Z,-0.028,0.016,0.984
,,0,2026-08-23T09:56:23.704833466Z,-0.028,0.017,0.983
,,0,2026-08-23T09:56:23.945916331Z,-0.029,0.016,0.987
,,0,2026-08-23T09:56:24.196730613Z,-0.028,0.016,0.988
,,0,2026-08-23T09:56:24.449715048Z,-0.028,0.016,0.985
,,0,2026-08-23T09:56:24.695348995Z,-0.03,0.016,0.985
,,0,2026-08-23T09:56:24.943078245Z,-0.028,0.016,0.986
,,0,2026-08-23T09:56:25.194421224Z,-0.028,0.017,0.986
,,0,2026-08-23T09:56:25.445152291Z,-0.029,0.017,0.984
,,0,2026-08-23T09:56:25.695242449Z,-0.028,0.016,0.985
,,0,2026-08-23T09:56:25.943138672Z,-0.03,0.017,0.984
,,0,2026-08-23T09:56:26.194244679Z,-0.03,0.017,0.983
,,0,2026-08-23T09:56:26.444878145Z,-0.027,0.018,0.986
,,0,2026-08-23T09:56:26.695215054Z,-0.03,0.016,0.985
,,0,2026-08-23T09:56:26.943285529Z,-0.03,0.016,0.984
,,0,2026-08-23T09:56:27.19439762Z,-0.03,0.016,0.985
,,0,2026-08-23T09:56:27.445054947Z,-0.029,0.017,0.984
,,0,2026-08-23T09:56:27.695432811Z,-0.031,0.017,0.984
,,0,2026-08-23T09:56:27.943092425Z,-0.029,0.016,0.985
,,0,2026-08-23T09:56:28.194213692Z,-0.03,0.017,0.985
,,0,2026-08-23T09:56:28.444852733Z,-0.029,0.016,0.985
,,0,2026-08-23T09:56:28.695279626Z,-0.027,0.017,0.987
,,0,2026-08-23T09:56:28.946369595Z,-0.029,0.017,0.986
,,0,2026-08-23T09:56:29.197501853Z,-0.027,0.017,0.985
,,0,2026-08-23T09:56:29.448062275Z,-0.028,0.016,0.987
,,0,2026-08-23T09:56:29.707023817Z,-0.029,0.017,0.986
,,0,2026-08-23T09:56:29.946830999Z,-0.03,0.016,0.985
,,0,2026-08-23T09:56:30.198517843Z,-0.029,0.017,0.985
,,0,2026-08-23T09:56:30.449911759Z,-0.027,0.016,0.987
,,0,2026-08-23T09:56:30.703845258Z,-0.028,0.017,0.988
,,0,2026-08-23T09:56:30.948090075Z,-0.029,0.017,0.986
,,0,2026-08-23T09:56:31.199375355Z,-0.028,0.016,0.985
,,0,2026-08-23T09:56:31.449800018Z,-0.027,0.017,0.987
,,0,2026-08-23T09:56:31.706438295Z,-0.027,0.016,0.985
,,0,2026-08-23T09:56:31.946602868Z,-0.026,0.016,0.986
,,0,2026-08-23T09:56:32.197844898Z,-0.029,0.016,0.985
,,0,2026-08-23T09:56:32.448487832Z,-0.03,0.016,0.986
,,0,2026-08-23T09:56:32.707295959Z,-0.028,0.017,0.984
,,0,2026-08-23T09:56:32.946021131Z,-0.029,0.017,0.984
,,0,2026-08-23T09:56:33.197761228Z,-0.029,0.017,0.985
,,0,2026-08-23T09:56:33.448307042Z,-0.029,0.017,0.985
,,0,2026-08-23T09:56:33.703787186Z,-0.028,0.017,0.985
,,0,2026-08-23T09:56:33.946785531Z,-0.029,0.018,0.985
,,0,2026-08-23T09:56:34.197895599Z,-0.029,0.017,0.986
,,0,2026-08-23T09:56:34.448506682Z,-0.029,0.017,0.985
,,0,2026-08-23T09:56:34.704217282Z,-0.028,0.016,0.984
,,0,2026-08-23T09:56:34.948106917Z,-0.029,0.017,0.984
,,0,2026-08-23T09:56:35.197828751Z,-0.029,0.018,0.986
,,0,2026-08-23T09:56:35.448200436Z,-0.028,0.017,0.986
,,0,2026-08-23T09:56:35.706539276Z,-0.03,0.017,0.986
,,0,2026-08-23T09:56:35.946957263Z,-0.028,0.016,0.987
,,0,2026-08-23T09:56:36.197419312Z,-0.028,0.016,0.984
,,0,2026-08-23T09:56:36.447885934Z,-0.028,0.016,0.985
,,0,2026-08-23T09:56:36.702657032Z,-0.03,0.017,0.987
,,0,2026-08-23T09:56:36.945402648Z,-0.028,0.017,0.987
,,0,2026-08-23T09:56:37.194469684Z,-0.028,0.018,0.986
,,0,2026-08-23T09:56:37.445216169Z,-0.029,0.017,0.985
,,0,2026-08-23T09:56:37.695208466Z,-0.027,0.017,0.987
,,0,2026-08-23T09:56:37.943309923Z,-0.026,0.016,0.986
,,0,2026-08-23T09:56:38.194239402Z,-0.027,0.017,0.986
,,0,2026-08-23T09:56:38.44494223Z,-0.029,0.016,0.987
,,0,2026-08-23T09:56:38.695663539Z,-0.029,0.017,0.985
,,0,2026-08-23T09:56:38.943152468Z,-0.029,0.017,0.986
,,0,2026-08-23T09:56:39.194388717Z,-0.027,0.017,0.986
,,0,2026-08-23T09:56:39.445025296Z,-0.029,0.017,0.988
,,0,2026-08-23T09:56:39.695568133Z,-0.029,0.017,0.986
,,0,2026-08-23T09:56:39.943217333Z,-0.029,0.017,0.986
,,0,2026-08-23T09:56:40.194364999Z,-0.029,0.017,0.985
,,0,2026-08-23T09:56:40.445069532Z,-0.029,0.016,0.988
,,0,2026-08-23T09:56:49.706863094Z,-0.029,0.017,0.986
,,0,2026-08-23T09:56:49.947086802Z,-0.029,0.016,0.986
,,0,2026-08-23T09:56:50.19760557Z,-0.029,0.017,0.988
,,0,2026-08-23T09:56:50.448291373Z,-0.028,0.018,0.986
,,0,2026-08-23T09:56:50.703105743Z,-0.028,0.016,0.986
,,0,2026-08-23T09:56:50.946313359Z,-0.029,0.017,0.985
,,0,2026-08-23T09:56:51.197632306Z,-0.028,0.017,0.987
,,0,2026-08-23T09:56:51.449151473Z,-0.03,0.016,0.985
,,0,2026-08-23T09:56:51.702937351Z,-0.031,0.017,0.984
,,0,2026-08-23T09:56:51.947550074Z,-0.03,0.016,0.984
,,0,2026-08-23T09:56:52.197783306Z,-0.03,0.017,0.985
,,0,2026-08-23T09:56:52.448283037Z,-0.027,0.017,0.987
,,0,2026-08-23T09:56:52.703188223Z,-0.03,0.017,0.985
,,0,2026-08-23T09:56:52.947230363Z,-0.028,0.017,0.985
,,0,2026-08-23T09:56:53.197697939Z,-0.027,0.016,0.987
,,0,2026-08-23T09:56:53.449497351Z,-0.028,0.017,0.987
,,0,2026-08-23T09:56:53.703234952Z,-0.03,0.017,0.985
,,0,2026-08-23T09:56:53.94638536Z,-0.029,0.017,0.985
,,0,2026-08-23T09:56:54.198963618Z,-0.028,0.017,0.985
,,0,2026-08-23T09:56:54.448401756Z,-0.028,0.017,0.987
,,0,2026-08-23T09:56:54.70618223Z,-0.027,0.016,0.986
,,0,2026-08-23T09:56:54.94732231Z,-0.03,0.017,0.984
,,0,2026-08-23T09:56:55.198694298Z,-0.028,0.018,0.985
,,0,2026-08-23T09:56:55.449320227Z,-0.029,0.017,0.986
,,0,2026-08-23T09:56:55.705887875Z,-0.028,0.017,0.984
,,0,2026-08-23T09:56:55.946428501Z,-0.028,0.017,0.985
,,0,2026-08-23T09:56:56.199066799Z,-0.026,0.017,0.985
,,0,2026-08-23T09:56:56.449543516Z,-0.029,0.016,0.986
,,0,2026-08-23T09:56:56.705667785Z,-0.029,0.017,0.986
,,0,2026-08-23T09:56:56.945852939Z,-0.028,0.016,0.986
,,0,2026-08-23T09:56:57.197781487Z,-0.029,0.016,0.987
,,0,2026-08-23T09:56:57.449571458Z,-0.03,0.017,0.985
,,0,2026-08-23T09:56:57.705056309Z,-0.029,0.017,0.987
,,0,2026-08-23T09:56:57.947480943Z,-0.028,0.017,0.984
,,0,2026-08-23T09:56:58.197890627Z,-0.029,0.016,0.987
,,0,2026-08-23T09:56:58.449564386Z,-0.029,0.017,0.986
,,0,2026-08-23T09:56:58.706614844Z,-0.03,0.016,0.985
,,0,2026-08-23T09:56:58.947149447Z,-0.03,0.017,0.986
,,0,2026-08-23T09:56:59.194814764Z,-0.029,0.016,0.987
,,0,2026-08-23T09:56:59.445411161Z,-0.029,0.017,0.988
,,0,2026-08-23T09:56:59.695687002Z,-0.029,0.016,0.985
,,0,2026-08-23T09:56:59.943416114Z,-0.029,0.016,0.987
,,0,2026-08-23T09:57:00.194729062Z,-0.03,0.017,0.987
,,0,2026-08-23T09:57:00.445283396Z,-0.028,0.016,0.986
,,0,2026-08-23T09:57:00.695425562Z,-0.029,0.017,0.987
,,0,2026-08-23T09:57:00.943306185Z,-0.03,0.016,0.985
,,0,2026-08-23T09:57:01.194656181Z,-0.029,0.017,0.987
,,0,2026-08-23T09:57:01.44527758Z,-0.03,0.017,0.985
,,0,2026-08-23T09:57:01.695545164Z,-0.03,0.016,0.986
,,0,2026-08-23T09:57:01.943254298Z,-0.029,0.017,0.985
,,0,2026-08-23T09:57:02.194792101Z,-0.029,0.016,0.986
,,0,2026-08-23T09:57:02.445247363Z,-0.029,0.017,0.986
,,0,2026-08-23T09:57:02.6982375Z,-0.028,0.017,0.987
,,0,2026-08-23T09:57:02.943261361Z,-0.028,0.017,0.985
,,0,2026-08-23T09:57:03.1947906Z,-0.029,0.017,0.984
,,0,2026-08-23T09:57:03.445380725Z,-0.029,0.017,0.986
,,0,2026-08-23T09:57:03.695540163Z,-0.028,0.016,0.987
,,0,2026-08-23T09:57:03.943459966Z,-0.029,0.016,0.988
,,0,2026-08-23T09:57:04.198100372Z,-0.028,0.017,0.986
,,0,2026-08-23T09:57:04.448776414Z,-0.026,0.017,0.984
,,0,2026-08-23T09:57:04.706363898Z,-0.029,0.017,0.986
,,0,2026-08-23T09:57:04.94702077Z,-0.029,0.017,0.987
,,0,2026-08-23T09:57:05.198734179Z,-0.027,0.017,0.988
,,0,2026-08-23T09:57:05.448827453Z,-0.031,0.015,0.985
,,0,2026-08-23T09:57:05.707819932Z,-0.031,0.016,0.977
,,0,2026-08-23T09:57:05.948312685Z,-0.028,0.016,0.987
,,0,2026-08-23T09:57:06.198032953Z,-0.03,0.014,0.985
,,0,2026-08-23T09:57:06.448648609Z,-0.03,0.018,0.985
,,0,2026-08-23T09:57:06.703338348Z,-0.029,0.017,0.985
,,0,2026-08-23T09:57:06.949583625Z,-0.029,0.016,0.987
,,0,2026-08-23T09:57:07.194809411Z,-0.03,0.017,0.985
,,0,2026-08-23T09:57:07.445338467Z,-0.03,0.016,0.985
,,0,2026-08-23T09:57:07.695699226Z,-0.028,0.017,0.986
,,0,2026-08-23T09:57:07.943372405Z,-0.029,0.018,0.985
,,0,2026-08-23T09:57:08.194813327Z,-0.027,0.016,0.985
,,0,2026-08-23T09:57:08.445541764Z,-0.028,0.018,0.984
,,0,2026-08-23T09:57:08.696061145Z,-0.028,0.017,0.984
,,0,2026-08-23T09:57:08.943414686Z,-0.029,0.018,0.985
,,0,2026-08-23T09:57:09.194680341Z,-0.029,0.018,0.985
,,0,2026-08-23T09:57:09.445502881Z,-0.029,0.016,0.984
,,0,2026-08-23T09:57:09.695635069Z,-0.029,0.016,0.985
,,0,2026-08-23T09:57:09.943367251Z,-0.029,0.016,0.985
,,0,2026-08-23T09:57:10.194729231Z,-0.029,0.017,0.984
,,0,2026-08-23T09:57:10.445179652Z,0.005,0.022,0.829
,,0,2026-08-23T09:57:10.695611184Z,-0.029,0.017,0.981
,,0,2026-08-23T09:57:10.943454377Z,-0.028,0.015,0.985
,,0,2026-08-23T09:57:11.19459096Z,-0.029,0.017,0.986
,,0,2026-08-23T09:57:11.445537207Z,-0.029,0.016,0.985
,,0,2026-08-23T09:57:11.695562601Z,-0.029,0.018,0.985
,,0,2026-08-23T09:57:11.943397638Z,-0.029,0.017,0.984
,,0,2026-08-23T09:57:12.198946371Z,-0.03,0.017,0.984
,,0,2026-08-23T09:57:12.449607091Z,-0.029,0.016,0.987
,,0,2026-08-23T09:57:12.705344062Z,-0.029,0.017,0.984
,,0,2026-08-23T09:57:12.947089543Z,-0.031,0.017,0.984
,,0,2026-08-23T09:57:13.197816257Z,-0.029,0.017,0.985
,,0,2026-08-23T09:57:13.449642176Z,-0.029,0.016,0.985
,,0,2026-08-23T09:57:13.70557427Z,-0.029,0.017,0.983
,,0,2026-08-23T09:57:13.946660778Z,-0.03,0.017,0.984
,,0,2026-08-23T09:57:14.197686041Z,-0.028,0.017,0.985
,,0,2026-08-23T09:57:14.449789027Z,-0.028,0.017,0.985
,,0,2026-08-23T09:57:14.703092922Z,-0.029,0.017,0.985
,,0,2026-08-23T09:57:14.946600206Z,-0.029,0.017,0.984
,,0,2026-08-23T09:57:15.199035056Z,-0.03,0.017,0.984
,,0,2026-08-23T09:57:15.450532366Z,-0.032,0.017,0.984
,,0,2026-08-23T09:57:15.706508925Z,-0.028,0.018,0.985
,,0,2026-08-23T09:57:15.948294642Z,-0.03,0.017,0.987
,,0,2026-08-23T09:57:16.198479481Z,-0.028,0.017,0.987
,,0,2026-08-23T09:57:16.450124191Z,-0.029,0.016,0.985
,,0,2026-08-23T09:57:16.706585428Z,-0.026,0.017,0.985
,,0,2026-08-23T09:57:16.946005708Z,-0.027,0.016,0.986
,,0,2026-08-23T09:57:17.198463857Z,-0.026,0.016,0.986
,,0,2026-08-23T09:57:17.449266336Z,-0.028,0.017,0.986
,,0,2026-08-23T09:57:17.705178212Z,-0.029,0.016,0.986
,,0,2026-08-23T09:57:17.947432138Z,-0.029,0.016,0.986
,,0,2026-08-23T09:57:18.198148332Z,-0.029,0.017,0.986
,,0,2026-08-23T09:57:18.44954573Z,-0.028,0.017,0.985
,,0,2026-08-23T09:57:18.705696191Z,-0.028,0.017,0.985
,,0,2026-08-23T09:57:18.946544737Z,-0.029,0.016,0.984
,,0,2026-08-23T09:57:19.198886278Z,-0.028,0.016,0.986
,,0,2026-08-23T09:57:19.449578018Z,-0.027,0.016,0.986
,,0,2026-08-23T09:57:19.701947373Z,-0.029,0.017,0.986
,,0,2026-08-23T09:57:19.953915653Z,-0.027,0.017,0.987
,,0,2026-08-23T09:57:20.205581333Z,-0.029,0.017,0.985
,,0,2026-08-23T09:57:20.445590492Z,-0.027,0.016,0.986
,,0,2026-08-23T09:57:20.69597902Z,-0.028,0.016,0.987
,,0,2026-08-23T09:57:20.943416729Z,-0.029,0.018,0.984
,,0,2026-08-23T09:57:21.19479942Z,-0.028,0.016,0.986
,,0,2026-08-23T09:57:21.445647312Z,-0.029,0.017,0.987
,,0,2026-08-23T09:57:21.695911444Z,-0.029,0.016,0.986
,,0,2026-08-23T09:57:21.944001683Z,-0.029,0.017,0.984
,,0,2026-08-23T09:57:22.199658114Z,-0.029,0.016,0.985
,,0,2026-08-23T09:57:22.45614686Z,-0.03,0.016,0.985
,,0,2026-08-23T09:57:22.695959837Z,-0.03,0.017,0.986
,,0,2026-08-23T09:57:22.943533512Z,-0.029,0.016,0.985
,,0,2026-08-23T09:57:23.197178173Z,-0.029,0.017,0.986
,,0,2026-08-23T09:57:23.46544756Z,-0.029,0.017,0.986
,,0,2026-08-23T09:57:23.708807054Z,-0.029,0.016,0.987
,,0,2026-08-23T09:57:23.953070809Z,-0.028,0.016,0.986
,,0,2026-08-23T09:57:24.206645184Z,-0.028,0.017,0.987
,,0,2026-08-23T09:57:24.446152923Z,-0.029,0.017,0.986
,,0,2026-08-23T09:57:24.700509502Z,-0.029,0.017,0.985
,,0,2026-08-23T09:57:24.943837137Z,-0.03,0.016,0.985
,,0,2026-08-23T09:57:25.195309075Z,-0.029,0.016,0.985
,,0,2026-08-23T09:57:25.446038714Z,-0.03,0.016,0.987
,,0,2026-08-23T09:57:25.695736055Z,-0.028,0.016,0.987
,,0,2026-08-23T09:57:25.943413393Z,-0.027,0.016,0.985
,,0,2026-08-23T09:57:26.200884074Z,-0.027,0.016,0.985
,,0,2026-08-23T09:57:26.44548127Z,-0.03,0.017,0.985
,,0,2026-08-23T09:57:26.695611327Z,-0.031,0.017,0.984
,,0,2026-08-23T09:57:26.948237517Z,-0.03,0.016,0.984
,,0,2026-08-23T09:57:27.194923192Z,-0.031,0.016,0.984
,,0,2026-08-23T09:57:27.445646982Z,-0.028,0.017,0.984
,,0,2026-08-23T09:57:27.695564531Z,-0.029,0.016,0.984
,,0,2026-08-23T09:57:27.943505817Z,-0.03,0.017,0.986
,,0,2026-08-23T09:57:28.194773844Z,-0.029,0.017,0.985
,,0,2026-08-23T09:57:28.445652886Z,-0.029,0.016,0.985
,,0,2026-08-23T09:57:28.695894909Z,-0.03,0.017,0.985
,,0,2026-08-23T09:57:28.943483243Z,-0.03,0.017,0.985
,,0,2026-08-23T09:57:29.195035466Z,-0.027,0.017,0.986
,,0,2026-08-23T09:57:29.44561663Z,-0.029,0.017,0.985
,,0,2026-08-23T09:57:29.695790035Z,-0.029,0.018,0.986
,,0,2026-08-23T09:57:29.952052855Z,-0.029,0.016,0.987
,,0,2026-08-23T09:57:30.203823275Z,-0.03,0.016,0.986
,,0,2026-08-23T09:57:30.455617711Z,-0.029,0.016,0.988
,,0,2026-08-23T09:57:30.696116445Z,-0.028,0.016,0.988
,,0,2026-08-23T09:57:30.943679264Z,-0.028,0.017,0.988
,,0,2026-08-23T09:57:31.194960768Z,-0.028,0.017,0.988
,,0,2026-08-23T09:57:31.445625732Z,-0.028,0.017,0.986
,,0,2026-08-23T09:57:31.695950733Z,-0.029,0.018,0.986
,,0,2026-08-23T09:57:31.9434381Z,-0.03,0.017,0.986
,,0,2026-08-23T09:57:32.194828818Z,-0.029,0.017,0.986
,,0,2026-08-23T09:57:32.445445349Z,-0.03,0.017,0.987
,,0,2026-08-23T09:57:32.695849213Z,-0.03,0.016,0.985
,,0,2026-08-23T09:57:32.94351761Z,-0.031,0.017,0.986
,,0,2026-08-23T09:57:33.194932136Z,-0.029,0.016,0.987
,,0,2026-08-23T09:57:33.445552066Z,-0.029,0.016,0.985
,,0,2026-08-23T09:57:33.695956959Z,-0.027,0.016,0.987
,,0,2026-08-23T09:57:33.943439126Z,-0.029,0.017,0.987
,,0,2026-08-23T09:57:34.195060293Z,-0.028,0.016,0.986
,,0,2026-08-23T09:57:34.446048439Z,-0.03,0.016,0.987
,,0,2026-08-23T09:57:34.696237287Z,-0.028,0.017,0.987
,,0,2026-08-23T09:57:34.947499433Z,-0.028,0.016,0.987
,,0,2026-08-23T09:57:35.200946447Z,-0.027,0.017,0.987
,,0,2026-08-23T09:57:35.450148935Z,-0.03,0.017,0.985
,,0,2026-08-23T09:57:35.703693965Z,-0.03,0.018,0.985
,,0,2026-08-23T09:57:35.948713133Z,-0.029,0.018,0.984
,,0,2026-08-23T09:57:36.201750601Z,-0.03,0.016,0.985
,,0,2026-08-23T09:57:36.45730396Z,-0.03,0.016,0.985
,,0,2026-08-23T09:57:36.704880383Z,-0.029,0.016,0.985
,,0,2026-08-23T09:57:36.958992166Z,-0.028,0.017,0.985
,,0,2026-08-23T09:57:37.203966487Z,-0.028,0.016,0.985
,,0,2026-08-23T09:57:37.449147621Z,-0.028,0.017,0.986
,,0,2026-08-23T09:57:37.700081578Z,-0.029,0.017,0.985
,,0,2026-08-23T09:57:37.946924233Z,-0.029,0.016,0.986
,,0,2026-08-23T09:57:38.197595017Z,-0.029,0.016,0.986
,,0,2026-08-23T09:57:38.445714685Z,-0.03,0.017,0.985
,,0,2026-08-23T09:57:38.700049805Z,-0.028,0.016,0.985
,,0,2026-08-23T09:57:38.948332585Z,-0.029,0.017,0.984
,,0,2026-08-23T09:57:39.198067175Z,-0.029,0.017,0.986
,,0,2026-08-23T09:57:39.449936673Z,-0.03,0.016,0.986
,,0,2026-08-23T09:57:39.704796361Z,-0.03,0.017,0.985
,,0,2026-08-23T09:57:39.951209705Z,-0.03,0.016,0.985
,,0,2026-08-23T09:57:40.203071882Z,-0.03,0.016,0.988
,,0,2026-08-23T09:57:40.446650327Z,-0.028,0.016,0.988
,,0,2026-08-23T09:57:40.696239593Z,-0.028,0.017,0.987
,,0,2026-08-23T09:57:40.952000033Z,-0.028,0.017,0.988
,,0,2026-08-23T09:57:41.195449972Z,-0.029,0.017,0.985
,,0,2026-08-23T09:57:41.455844113Z,-0.029,0.017,0.986
,,0,2026-08-23T09:57:41.696245343Z,-0.029,0.017,0.985
,,0,2026-08-23T09:57:41.947282011Z,-0.029,0.016,0.986
,,0,2026-08-23T09:57:42.195324985Z,-0.031,0.016,0.985
,,0,2026-08-23T09:57:42.445572793Z,-0.03,0.016,0.986
,,0,2026-08-23T09:57:42.696080749Z,-0.029,0.016,0.985
,,0,2026-08-23T09:57:42.943677332Z,-0.03,0.018,0.985
,,0,2026-08-23T09:57:43.19492095Z,-0.031,0.017,0.985
,,0,2026-08-23T09:57:43.449871219Z,-0.029,0.018,0.988
,,0,2026-08-23T09:57:43.712755736Z,-0.03,0.017,0.985
,,0,2026-08-23T09:57:43.943848313Z,-0.027,0.017,0.986
,,0,2026-08-23T09:57:44.195220683Z,-0.028,0.017,0.987
,,0,2026-08-23T09:57:44.450151796Z,-0.029,0.018,0.985
,,0,2026-08-23T09:57:44.695915066Z,-0.028,0.017,0.985
,,0,2026-08-23T09:57:44.943708505Z,-0.027,0.016,0.987
,,0,2026-08-23T09:57:45.19729274Z,-0.03,0.017,0.987
,,0,2026-08-23T09:57:45.445708784Z,-0.029,0.017,0.987
,,0,2026-08-23T09:57:45.69588768Z,-0.028,0.016,0.988
,,0,2026-08-23T09:57:45.943759353Z,-0.029,0.016,0.987
,,0,2026-08-23T09:57:46.195308005Z,-0.03,0.017,0.984
,,0,2026-08-23T09:57:46.445685117Z,-0.031,0.017,0.985
,,0,2026-08-23T09:57:46.695995803Z,-0.027,0.016,0.987
,,0,2026-08-23T09:57:46.943707875Z,-0.028,0.017,0.986
,,0,2026-08-23T09:57:47.194999224Z,-0.029,0.017,0.986
,,0,2026-08-23T09:57:47.445812551Z,-0.029,0.017,0.985
,,0,2026-08-23T09:57:47.695923693Z,-0.03,0.015,0.987
,,0,2026-08-23T09:57:47.943517813Z,-0.029,0.017,0.987
,,0,2026-08-23T09:57:48.195034432Z,-0.03,0.017,0.986
,,0,2026-08-23T09:57:48.445712956Z,-0.029,0.017,0.986
,,0,2026-08-23T09:57:48.695976313Z,-0.029,0.017,0.987
,,0,2026-08-23T09:57:48.943843223Z,-0.029,0.016,0.987
,,0,2026-08-23T09:57:49.195038593Z,-0.029,0.016,0.985
,,0,2026-08-23T09:57:49.445773665Z,-0.028,0.015,0.985
,,0,2026-08-23T09:57:49.695902219Z,-0.03,0.016,0.986
,,0,2026-08-23T09:57:49.943785344Z,-0.029,0.016,0.986
,,0,2026-08-23T09:57:50.199211636Z,-0.029,0.017,0.984
,,0,2026-08-23T09:57:50.448659663Z,-0.029,0.017,0.985
,,0,2026-08-23T09:57:50.703301824Z,-0.029,0.017,0.985
,,0,2026-08-23T09:57:50.946609271Z,-0.03,0.017,0.987
,,0,2026-08-23T09:57:51.198179924Z,-0.027,0.016,0.987
,,0,2026-08-23T09:57:51.449593852Z,-0.029,0.018,0.986
,,0,2026-08-23T09:57:51.704985618Z,-0.029,0.017,0.985
,,0,2026-08-23T09:57:51.94729202Z,0.051,0.111,1.037
,,0,2026-08-23T09:57:52.198062906Z,-0.139,-0.015,0.84
,,0,2026-08-23T09:57:52.44971879Z,-0.281,-0.113,0.939
,,0,2026-08-23T09:57:52.705206252Z,0.01,0.21,1.018
,,0,2026-08-23T09:57:52.947542592Z,-0.093,-0.039,0.972
,,0,2026-08-23T09:57:53.198167951Z,-0.024,0.02,0.99
,,0,2026-08-23T09:57:53.449787754Z,-0.03,0.018,0.984
,,0,2026-08-23T09:57:53.706359839Z,-0.03,0.018,0.984
,,0,2026-08-23T09:57:53.947695097Z,-0.029,0.019,0.985
,,0,2026-08-23T09:57:54.199593803Z,-0.028,0.018,0.985
,,0,2026-08-23T09:57:54.44972056Z,-0.028,0.018,0.985
,,0,2026-08-23T09:57:54.707047175Z,-0.029,0.018,0.985
,,0,2026-08-23T09:57:54.947683685Z,-0.029,0.018,0.986
,,0,2026-08-23T09:57:55.198228549Z,-0.029,0.017,0.987
,,0,2026-08-23T09:57:55.449981375Z,-0.029,0.017,0.986
,,0,2026-08-23T09:57:55.706208241Z,-0.03,0.018,0.985
,,0,2026-08-23T09:57:55.947725411Z,-0.03,0.017,0.985
,,0,2026-08-23T09:57:56.199036306Z,-0.031,0.017,0.985
,,0,2026-08-23T09:57:56.449857698Z,-0.031,0.016,0.988
,,0,2026-08-23T09:57:56.707268946Z,-0.028,0.017,0.988
,,0,2026-08-23T09:57:56.946188386Z,-0.029,0.017,0.986
,,0,2026-08-23T09:57:57.199128292Z,-0.052,0.022,1.01
,,0,2026-08-23T09:57:57.44865325Z,-0.158,-0.043,1.153
,,0,2026-08-23T09:57:57.703523805Z,-0.019,0.189,0.547
,,0,2026-08-23T09:57:57.946680277Z,-0.116,0.085,1.081
,,0,2026-08-23T09:57:58.198394954Z,-0.015,0,0.892
,,0,2026-08-23T09:57:58.448742775Z,-0.067,0.002,0.978
,,0,2026-08-23T09:57:58.705487602Z,-0.029,0.018,0.987
,,0,2026-08-23T09:57:58.946516158Z,-0.029,0.018,0.986
,,0,2026-08-23T09:57:59.19825318Z,-0.029,0.019,0.985
,,0,2026-08-23T09:57:59.448625643Z,-0.028,0.017,0.985
,,0,2026-08-23T09:57:59.70612061Z,-0.026,0.018,0.987
,,0,2026-08-23T09:57:59.947340419Z,-0.027,0.017,0.986
,,0,2026-08-23T09:58:00.198262173Z,-0.028,0.018,0.985
,,0,2026-08-23T09:58:00.449905778Z,-0.028,0.018,0.985
,,0,2026-08-23T09:58:00.706838182Z,-0.03,0.019,0.99
,,0,2026-08-23T09:58:00.947587892Z,-0.006,0.17,0.843
,,0,2026-08-23T09:58:01.197921398Z,-0.103,0.325,0.75
,,0,2026-08-23T09:58:01.448656495Z,-0.067,0.047,0.967
,,0,2026-08-23T09:58:01.705236522Z,-0.038,0.021,0.99
,,0,2026-08-23T09:58:01.947762041Z,-0.026,0.017,0.987
,,0,2026-08-23T09:58:02.198430595Z,-0.027,0.018,0.985
,,0,2026-08-23T09:58:02.448823685Z,-0.028,0.018,0.986
,,0,2026-08-23T09:58:02.706278816Z,-0.029,0.018,0.986
,,0,2026-08-23T09:58:02.946363882Z,-0.029,0.019,0.987
,,0,2026-08-23T09:58:03.198415023Z,-0.029,0.018,0.986
,,0,2026-08-23T09:58:03.455742905Z,-0.028,0.017,0.986
,,0,2026-08-23T09:58:03.696045539Z,-0.027,0.018,0.987
,,0,2026-08-23T09:58:03.943836102Z,-0.028,0.017,0.987
,,0,2026-08-23T09:58:04.195055606Z,-0.029,0.017,0.988
,,0,2026-08-23T09:58:04.450943073Z,-0.03,0.018,0.988
,,0,2026-08-23T09:58:04.697072981Z,-0.029,0.017,0.985
,,0,2026-08-23T09:58:04.954546504Z,-0.029,0.019,0.985
,,0,2026-08-23T09:58:05.196781367Z,-0.029,0.019,0.985
,,0,2026-08-23T09:58:05.445958269Z,-0.028,0.018,0.985
,,0,2026-08-23T09:58:05.696201171Z,-0.029,0.018,0.985
,,0,2026-08-23T09:58:05.946665444Z,-0.028,0.017,0.987
,,0,2026-08-23T09:58:06.20470364Z,-0.029,0.018,0.987
,,0,2026-08-23T09:58:06.447527347Z,-0.03,0.019,0.983
,,0,2026-08-23T09:58:06.696162297Z,-0.029,0.018,0.985
,,0,2026-08-23T09:58:06.943913358Z,-0.029,0.018,0.985
,,0,2026-08-23T09:58:07.202164676Z,-0.029,0.018,0.984
,,0,2026-08-23T09:58:07.447990729Z,-0.028,0.018,0.985
,,0,2026-08-23T09:58:07.697530321Z,-0.027,0.018,0.987
,,0,2026-08-23T09:58:07.9438768Z,-0.027,0.017,0.987
,,0,2026-08-23T09:58:08.196993221Z,-0.029,0.018,0.986
,,0,2026-08-23T09:58:08.44914064Z,-0.025,0.023,0.985
,,0,2026-08-23T09:58:08.706263301Z,-0.001,-0.026,1.034
,,0,2026-08-23T09:58:08.947647087Z,-0.427,-0.146,0.94
,,0,2026-08-23T09:58:09.198328481Z,-0.651,0.048,0.654
,,0,2026-08-23T09:58:09.448781133Z,-0.422,0.392,0.713
,,0,2026-08-23T09:58:09.70504338Z,-0.106,0.102,1.116
,,0,2026-08-23T09:58:09.946904529Z,0.035,0.142,1.175
,,0,2026-08-23T09:58:10.198229324Z,-0.027,0.011,0.985
,,0,2026-08-23T09:58:10.449715525Z,-0.028,0.018,0.984
,,0,2026-08-23T09:58:10.706027709Z,-0.029,0.02,0.987
,,0,2026-08-23T09:58:10.9477085Z,-0.029,0.018,0.985
,,0,2026-08-23T09:58:11.199232343Z,-0.028,0.018,0.987
,,0,2026-08-23T09:58:11.449574111Z,-0.026,0.019,0.987
,,0,2026-08-23T09:58:11.696578507Z,-0.027,0.019,0.985
,,0,2026-08-23T09:58:11.948365498Z,-0.026,0.019,0.987
,,0,2026-08-23T09:58:12.195448Z,-0.028,0.018,0.987
,,0,2026-08-23T09:58:12.445928891Z,-0.028,0.019,0.986
,,0,2026-08-23T09:58:12.696212707Z,-0.027,0.018,0.985
,,0,2026-08-23T09:58:12.955203803Z,-0.027,0.018,0.985
,,0,2026-08-23T09:58:13.202472428Z,-0.027,0.018,0.986
,,0,2026-08-23T09:58:13.447571366Z,-0.028,0.018,0.986
,,0,2026-08-23T09:58:13.696100527Z,-0.028,0.019,0.986
,,0,2026-08-23T09:58:13.947255559Z,-0.027,0.018,0.988
,,0,2026-08-23T09:58:14.205169994Z,-0.028,0.019,0.988
,,0,2026-08-23T09:58:14.447316351Z,-0.028,0.018,0.987
,,0,2026-08-23T09:58:14.696277746Z,-0.027,0.018,0.988
,,0,2026-08-23T09:58:14.943785751Z,-0.026,0.018,0.987
,,0,2026-08-23T09:58:15.195112993Z,-0.027,0.018,0.985
,,0,2026-08-23T09:58:15.445848419Z,-0.325,-0.006,1.025
,,0,2026-08-23T09:58:15.69602464Z,-0.051,-0.18,1.175
,,0,2026-08-23T09:58:15.943634102Z,-0.262,0.405,0.768
,,0,2026-08-23T09:58:16.195328763Z,-0.289,0.478,0.657
,,0,2026-08-23T09:58:16.445645144Z,0.011,0.113,1.137
,,0,2026-08-23T09:58:16.702014619Z,-0.392,-0.561,2.003
,,0,2026-08-23T09:58:16.94559787Z,-0.025,0.036,0.988
,,0,2026-08-23T09:58:17.199369673Z,-0.03,0.018,0.985
,,0,2026-08-23T09:58:17.448889028Z,-0.026,0.019,0.978
,,0,2026-08-23T09:58:17.704013477Z,-0.026,0.017,0.988
,,0,2026-08-23T09:58:17.951005944Z,-0.025,0.019,0.985
,,0,2026-08-23T09:58:18.199309184Z,-0.028,0.018,0.985
,,0,2026-08-23T09:58:18.451800626Z,-0.028,0.019,0.985
,,0,2026-08-23T09:58:18.696442308Z,-0.027,0.018,0.986
,,0,2026-08-23T09:58:18.94418849Z,-0.026,0.018,0.987
,,0,2026-08-23T09:58:19.195490871Z,-0.026,0.019,0.987
,,0,2026-08-23T09:58:19.446075806Z,-0.027,0.018,0.985
,,0,2026-08-23T09:58:19.696433574Z,-0.027,0.018,0.986
,,0,2026-08-23T09:58:19.944005287Z,-0.027,0.019,0.985
,,0,2026-08-23T09:58:20.195359976Z,-0.027,0.018,0.985
,,0,2026-08-23T09:58:20.446052645Z,-0.027,0.019,0.985
,,0,2026-08-23T09:58:20.696374128Z,-0.028,0.018,0.985
,,0,2026-08-23T09:58:20.944115982Z,-0.027,0.018,0.986
,,0,2026-08-23T09:58:21.195311202Z,-0.026,0.018,0.986
,,0,2026-08-23T09:58:21.446147345Z,-0.027,0.018,0.987
,,0,2026-08-23T09:58:21.696208044Z,-0.026,0.018,0.987
,,0,2026-08-23T09:58:21.944068873Z,-0.027,0.018,0.986
,,0,2026-08-23T09:58:22.1954589Z,-0.027,0.018,0.987
,,0,2026-08-23T09:58:22.44606387Z,-0.027,0.018,0.986
,,0,2026-08-23T09:58:22.696402322Z,-0.027,0.019,0.986
,,0,2026-08-23T09:58:22.943870236Z,-0.027,0.018,0.985
,,0,2026-08-23T09:58:23.198568682Z,-0.026,0.018,0.986
,,0,2026-08-23T09:58:23.450211942Z,-0.027,0.018,0.986
,,0,2026-08-23T09:58:23.701895405Z,-0.027,0.018,0.985
,,0,2026-08-23T09:58:23.947250239Z,-0.027,0.018,0.985
,,0,2026-08-23T09:58:24.198409253Z,-0.027,0.018,0.985
,,0,2026-08-23T09:58:24.449519672Z,-0.027,0.019,0.985
,,0,2026-08-23T09:58:24.706710332Z,-0.027,0.018,0.984
,,0,2026-08-23T09:58:24.947865974Z,-0.032,0.018,0.988
,,0,2026-08-23T09:58:25.198522166Z,-0.35,0.068,1.075
,,0,2026-08-23T09:58:25.449916745Z,-0.909,-0.04,0.286
,,0,2026-08-23T09:58:25.706206472Z,-0.961,0.1,0.167
,,0,2026-08-23T09:58:25.948016979Z,-0.963,0.16,0.306
,,0,2026-08-23T09:58:26.199250405Z,-0.099,0.418,0.756
,,0,2026-08-23T09:58:26.449124922Z,-0.211,0.07,1.096
,,0,2026-08-23T09:58:26.703890734Z,-0.05,0.016,0.979
,,0,2026-08-23T09:58:26.945696271Z,-0.027,0.018,0.986
,,0,2026-08-23T09:58:27.198520246Z,-0.027,0.018,0.986
,,0,2026-08-23T09:58:27.448724386Z,-0.028,0.017,0.985
,,0,2026-08-23T09:58:27.704707488Z,-0.028,0.019,0.985
,,0,2026-08-23T09:58:27.950731499Z,-0.028,0.017,0.985
,,0,2026-08-23T09:58:28.210362224Z,-0.026,0.018,0.986
,,0,2026-08-23T09:58:28.446102342Z,-0.028,0.019,0.985
,,0,2026-08-23T09:58:28.696172753Z,-0.028,0.018,0.985
,,0,2026-08-23T09:58:28.944336813Z,-0.027,0.019,0.985
,,0,2026-08-23T09:58:29.195358941Z,-0.028,0.018,0.987
,,0,2026-08-23T09:58:29.446017438Z,-0.027,0.017,0.985
,,0,2026-08-23T09:58:29.696373546Z,-0.027,0.019,0.986
,,0,2026-08-23T09:58:29.944109969Z,-0.027,0.018,0.988
,,0,2026-08-23T09:58:30.19533448Z,-0.027,0.018,0.986
,,0,2026-08-23T09:58:30.445892266Z,-0.026,0.018,0.987
,,0,2026-08-23T09:58:30.69636009Z,-0.028,0.019,0.986
,,0,2026-08-23T09:58:30.943920266Z,-0.029,0.018,0.987
,,0,2026-08-23T09:58:31.195231288Z,-0.028,0.018,0.987
,,0,2026-08-23T09:58:31.44599153Z,-0.027,0.018,0.984
,,0,2026-08-23T09:58:31.69628031Z,-0.028,0.018,0.984
,,0,2026-08-23T09:58:31.94390835Z,-0.029,0.018,0.985
,,0,2026-08-23T09:58:32.195423958Z,-0.357,-0.035,0.967
,,0,2026-08-23T09:58:32.445974824Z,-0.263,0.1,1.19
,,0,2026-08-23T09:58:32.696738449Z,-0.832,-0.238,0.345
,,0,2026-08-23T09:58:32.948192388Z,-0.884,-0.641,-0.183
,,0,2026-08-23T09:58:33.198494286Z,-0.81,-0.337,-0.027
,,0,2026-08-23T09:58:33.450254052Z,-0.002,0.727,-0.155
,,0,2026-08-23T09:58:33.703667984Z,0.356,1.303,-0.169
,,0,2026-08-23T09:58:33.946911068Z,-0.83,0.432,0.502
,,0,2026-08-23T09:58:34.198554737Z,-1.043,-0.428,0.247
,,0,2026-08-23T09:58:34.44993607Z,-0.695,-0.895,-0.246
,,0,2026-08-23T09:58:34.704189162Z,-0.553,-0.324,-0.394
,,0,2026-08-23T09:58:34.947672554Z,-0.851,0.501,-0.053
,,0,2026-08-23T09:58:35.199345346Z,-0.229,1.061,-0.09
,,0,2026-08-23T09:58:35.449849377Z,-0.381,0.54,0.336
,,0,2026-08-23T09:58:35.703762925Z,-1.16,-0.258,0.43
,,0,2026-08-23T09:58:35.947105903Z,-0.76,0.269,0.515
,,0,2026-08-23T09:58:36.198027651Z,-0.607,0.066,0.846
,,0,2026-08-23T09:58:36.449028083Z,-0.262,0.009,0.905
,,0,2026-08-23T09:58:36.704150901Z,-0.051,0.017,0.983
,,0,2026-08-23T09:58:36.945183559Z,-0.044,0.017,0.985
,,0,2026-08-23T09:58:37.199165929Z,-0.042,0.016,0.984
,,0,2026-08-23T09:58:37.45028365Z,-0.041,0.015,0.986
,,0,2026-08-23T09:58:37.707673239Z,-0.04,0.017,0.985
,,0,2026-08-23T09:58:37.947638262Z,-0.038,0.016,0.985
,,0,2026-08-23T09:58:38.202660198Z,-0.041,0.016,0.986
,,0,2026-08-23T09:58:38.447983749Z,-0.041,0.016,0.987
,,0,2026-08-23T09:58:38.708342496Z,-0.041,0.016,0.987
,,0,2026-08-23T09:58:38.943959848Z,-0.041,0.017,0.984
,,0,2026-08-23T09:58:39.19543815Z,-0.04,0.017,0.984
,,0,2026-08-23T09:58:39.445939581Z,-0.04,0.016,0.985
,,0,2026-08-23T09:58:39.696297604Z,-0.037,0.017,0.985
,,0,2026-08-23T09:58:39.949142663Z,-0.039,0.017,0.984
,,0,2026-08-23T09:58:40.200370236Z,-0.038,0.017,0.985
,,0,2026-08-23T09:58:40.44903042Z,-0.038,0.018,0.984
,,0,2026-08-23T09:58:40.69630792Z,-0.038,0.017,0.985
,,0,2026-08-23T09:58:40.944023549Z,-0.038,0.017,0.985
,,0,2026-08-23T09:58:41.195334227Z,-0.039,0.017,0.985
,,0,2026-08-23T09:58:41.44600483Z,-0.037,0.016,0.985
,,0,2026-08-23T09:58:41.696208081Z,-0.036,0.017,0.985
,,0,2026-08-23T09:58:41.944012204Z,-0.036,0.017,0.984
,,0,2026-08-23T09:58:42.195255782Z,-0.038,0.018,0.987
,,0,2026-08-23T09:58:42.445935008Z,-0.038,0.018,0.986
,,0,2026-08-23T09:58:42.696295623Z,-0.037,0.016,0.985
,,0,2026-08-23T09:58:42.943983072Z,-0.038,0.017,0.985
,,0,2026-08-23T09:58:43.197711532Z,-0.036,0.016,0.986
,,0,2026-08-23T09:58:43.448938677Z,-0.034,0.017,0.986
,,0,2026-08-23T09:58:43.704070393Z,-0.037,0.016,0.986
,,0,2026-08-23T09:58:43.948310449Z,-0.037,0.017,0.987
,,0,2026-08-23T09:58:44.198638108Z,-0.038,0.017,0.987
,,0,2026-08-23T09:58:44.448944654Z,-0.037,0.017,0.984
,,0,2026-08-23T09:58:44.701917125Z,-0.038,0.017,0.984
,,0,2026-08-23T09:58:44.946964248Z,-0.037,0.017,0.985
,,0,2026-08-23T09:58:45.199654603Z,-0.036,0.018,0.985
,,0,2026-08-23T09:58:45.44965055Z,-0.034,0.017,0.987
,,0,2026-08-23T09:58:45.703791995Z,-0.036,0.017,0.986
,,0,2026-08-23T09:58:45.947150854Z,-0.035,0.018,0.986
,,0,2026-08-23T09:58:46.198408277Z,-0.036,0.017,0.986
,,0,2026-08-23T09:58:46.449130013Z,-0.037,0.017,0.987
,,0,2026-08-23T09:58:46.704058988Z,-0.036,0.017,0.986
,,0,2026-08-23T09:58:46.945449101Z,-0.036,0.017,0.986
,,0,2026-08-23T09:58:47.198661405Z,-0.036,0.018,0.986
,,0,2026-08-23T09:58:47.450133246Z,-0.036,0.017,0.985
,,0,2026-08-23T09:58:47.706284768Z,-0.034,0.017,0.985
,,0,2026-08-23T09:58:47.947829079Z,-0.034,0.017,0.985
,,0,2026-08-23T09:58:48.198615601Z,-0.033,0.016,0.985
,,0,2026-08-23T09:58:48.448854806Z,-0.034,0.018,0.985
,,0,2026-08-23T09:58:48.705424859Z,-0.036,0.017,0.986
,,0,2026-08-23T09:58:48.948025107Z,-0.036,0.017,0.985
,,0,2026-08-23T09:58:49.198567752Z,-0.036,0.017,0.989
,,0,2026-08-23T09:58:49.451233338Z,-0.041,0.017,0.979
,,0,2026-08-23T09:58:49.703299739Z,-0.034,0.017,0.986
,,0,2026-08-23T09:58:49.949694756Z,-0.033,0.018,0.985
,,0,2026-08-23T09:58:50.195539713Z,-0.034,0.017,0.986
,,0,2026-08-23T09:58:50.446055813Z,-0.037,0.017,0.984
,,0,2026-08-23T09:58:50.696607153Z,-0.036,0.018,0.985
,,0,2026-08-23T09:58:50.949899232Z,-0.035,0.018,0.985
,,0,2026-08-23T09:58:51.204283435Z,-0.034,0.016,0.987
,,0,2026-08-23T09:58:51.447522479Z,-0.036,0.016,0.987
,,0,2026-08-23T09:58:51.696300777Z,-0.036,0.017,0.985
,,0,2026-08-23T09:58:51.944025558Z,-0.036,0.018,0.986
,,0,2026-08-23T09:58:52.195362813Z,-0.034,0.017,0.985
,,0,2026-08-23T09:58:52.446215307Z,-0.034,0.017,0.984
,,0,2026-08-23T09:58:52.696345116Z,-0.037,0.017,0.986
,,0,2026-08-23T09:58:52.944006058Z,-0.036,0.016,0.985
,,0,2026-08-23T09:58:53.195415287Z,-0.035,0.016,0.987
,,0,2026-08-23T09:58:53.446177016Z,-0.035,0.017,0.986
,,0,2026-08-23T09:58:53.696448522Z,-0.036,0.017,0.985
,,0,2026-08-23T09:58:53.943984457Z,-0.034,0.018,0.986
,,0,2026-08-23T09:58:54.195585903Z,-0.035,0.017,0.986
,,0,2026-08-23T09:58:54.446174718Z,-0.035,0.017,0.985
,,0,2026-08-23T09:58:54.706265061Z,-0.035,0.017,0.986
,,0,2026-08-23T09:58:54.948209513Z,-0.034,0.018,0.985
,,0,2026-08-23T09:58:55.198631546Z,-0.033,0.018,0.985
,,0,2026-08-23T09:58:55.449139076Z,-0.033,0.017,0.985
,,0,2026-08-23T09:58:55.704398177Z,-0.033,0.018,0.985
,,0,2026-08-23T09:58:55.946801512Z,-0.033,0.017,0.986
,,0,2026-08-23T09:58:56.198406814Z,-0.036,0.017,0.985
,,0,2026-08-23T09:58:56.447418599Z,-0.036,0.016,0.984
,,0,2026-08-23T09:58:56.7040381Z,-0.035,0.02,0.984
,,0,2026-08-23T09:58:56.946368576Z,-0.034,0.018,0.983
,,0,2026-08-23T09:58:57.198383761Z,-0.036,0.018,0.984
,,0,2026-08-23T09:58:57.449016742Z,-0.036,0.017,0.986
,,0,2026-08-23T09:58:57.705743995Z,-0.035,0.018,0.984
,,0,2026-08-23T09:58:57.947914373Z,-0.033,0.018,0.984
,,0,2026-08-23T09:58:58.199128848Z,-0.035,0.017,0.984
,,0,2026-08-23T09:58:58.449286064Z,-0.033,0.017,0.985
,,0,2026-08-23T09:58:58.704191905Z,-0.033,0.017,0.986
,,0,2026-08-23T09:58:58.948041201Z,-0.034,0.017,0.987
,,0,2026-08-23T09:58:59.199585577Z,-0.035,0.017,0.985
,,0,2026-08-23T09:58:59.449228713Z,-0.035,0.018,0.985
,,0,2026-08-23T09:58:59.703563456Z,-0.035,0.018,0.985
,,0,2026-08-23T09:58:59.948184467Z,-0.035,0.016,0.985
,,0,2026-08-23T09:59:00.199879337Z,-0.035,0.017,0.984
,,0,2026-08-23T09:59:00.450365706Z,-0.035,0.018,0.984
,,0,2026-08-23T09:59:00.706662459Z,-0.032,0.018,0.986
,,0,2026-08-23T09:59:00.948407485Z,-0.032,0.016,0.985
,,0,2026-08-23T09:59:01.198885017Z,-0.032,0.017,0.985
,,0,2026-08-23T09:59:01.450115972Z,-0.033,0.018,0.986
,,0,2026-08-23T09:59:01.706423718Z,-0.035,0.017,0.984
,,0,2026-08-23T09:59:01.948853127Z,-0.035,0.018,0.983
,,0,2026-08-23T09:59:02.1987663Z,-0.035,0.017,0.983
,,0,2026-08-23T09:59:02.449313972Z,-0.033,0.017,0.986
,,0,2026-08-23T09:59:02.70445262Z,-0.033,0.018,0.985
,,0,2026-08-23T09:59:02.947339911Z,-0.032,0.018,0.985
,,0,2026-08-23T09:59:03.198574652Z,-0.031,0.017,0.985
,,0,2026-08-23T09:59:03.449626298Z,-0.035,0.017,0.985
,,0,2026-08-23T09:59:03.704355144Z,-0.035,0.017,0.986
,,0,2026-08-23T09:59:03.948346002Z,-0.035,0.017,0.984
,,0,2026-08-23T09:59:04.198753589Z,-0.033,0.018,0.986
,,0,2026-08-23T09:59:04.450617709Z,-0.032,0.017,0.985
,,0,2026-08-23T09:59:04.707587806Z,-0.032,0.017,0.986
,,0,2026-08-23T09:59:04.947209718Z,-0.033,0.016,0.984
,,0,2026-08-23T09:59:05.198573056Z,-0.033,0.016,0.985
,,0,2026-08-23T09:59:05.450332912Z,-0.034,0.018,0.985
,,0,2026-08-23T09:59:05.705788596Z,-0.034,0.016,0.987
,,0,2026-08-23T09:59:05.947632833Z,-0.034,0.017,0.988
,,0,2026-08-23T09:59:06.199098147Z,-0.034,0.017,0.986
,,0,2026-08-23T09:59:06.450523348Z,-0.035,0.018,0.985
,,0,2026-08-23T09:59:06.704221398Z,-0.034,0.017,0.986
,,0,2026-08-23T09:59:06.945817185Z,-0.033,0.017,0.985
,,0,2026-08-23T09:59:07.199261583Z,-0.034,0.017,0.986
,,0,2026-08-23T09:59:07.449184317Z,-0.034,0.017,0.986
,,0,2026-08-23T09:59:07.704404007Z,-0.032,0.017,0.986
,,0,2026-08-23T09:59:07.949013303Z,-0.032,0.018,0.987
,,0,2026-08-23T09:59:08.199715957Z,-0.035,0.018,0.988
,,0,2026-08-23T09:59:08.450209202Z,-0.034,0.017,0.987
,,0,2026-08-23T09:59:08.706518385Z,-0.035,0.017,0.988
,,0,2026-08-23T09:59:08.947176772Z,-0.034,0.016,0.988
,,0,2026-08-23T09:59:09.198803104Z,-0.035,0.017,0.984
,,0,2026-08-23T09:59:09.449288195Z,-0.034,0.017,0.985
,,0,2026-08-23T09:59:09.703880355Z,-0.031,0.017,0.986
,,0,2026-08-23T09:59:09.947160103Z,-0.03,0.017,0.986
,,0,2026-08-23T09:59:10.198409837Z,-0.032,0.017,0.987
,,0,2026-08-23T09:59:10.449138107Z,-0.032,0.018,0.986
,,0,2026-08-23T09:59:10.705578906Z,-0.035,0.017,0.986
,,0,2026-08-23T09:59:10.947125354Z,-0.035,0.017,0.985
,,0,2026-08-23T09:59:11.198615933Z,-0.035,0.018,0.986
,,0,2026-08-23T09:59:11.450376936Z,-0.033,0.017,0.985
,,0,2026-08-23T09:59:11.703862029Z,-0.034,0.017,0.986
,,0,2026-08-23T09:59:11.948244764Z,-0.033,0.017,0.985
,,0,2026-08-23T09:59:12.198664098Z,-0.034,0.016,0.986
,,0,2026-08-23T09:59:12.44995791Z,-0.033,0.017,0.987
,,0,2026-08-23T09:59:12.706329956Z,-0.032,0.018,0.986
,,0,2026-08-23T09:59:12.94823591Z,-0.032,0.018,0.985
,,0,2026-08-23T09:59:13.198810997Z,-0.036,0.017,0.985
,,0,2026-08-23T09:59:13.449133211Z,-0.035,0.017,0.984
,,0,2026-08-23T09:59:13.704129975Z,-0.035,0.018,0.984
,,0,2026-08-23T09:59:13.947293515Z,-0.033,0.017,0.985
,,0,2026-08-23T09:59:14.199724111Z,-0.033,0.017,0.986
,,0,2026-08-23T09:59:14.44924882Z,-0.035,0.017,0.985
,,0,2026-08-23T09:59:14.704164504Z,-0.032,0.018,0.985
,,0,2026-08-23T09:59:14.948217129Z,-0.032,0.019,0.986
,,0,2026-08-23T09:59:15.199301665Z,-0.031,0.017,0.985
,,0,2026-08-23T09:59:15.449786479Z,-0.034,0.018,0.985
,,0,2026-08-23T09:59:15.70599358Z,-0.034,0.017,0.984
,,0,2026-08-23T09:59:15.947172518Z,-0.034,0.018,0.985
,,0,2026-08-23T09:59:16.198806473Z,-0.034,0.017,0.985
,,0,2026-08-23T09:59:16.449075484Z,-0.033,0.018,0.985
,,0,2026-08-23T09:59:16.704445933Z,-0.033,0.018,0.984
,,0,2026-08-23T09:59:16.945579402Z,-0.033,0.018,0.984
,,0,2026-08-23T09:59:17.198388867Z,-0.031,0.017,0.985
,,0,2026-08-23T09:59:17.450217463Z,-0.031,0.017,0.986
,,0,2026-08-23T09:59:17.706533107Z,-0.032,0.016,0.987
,,0,2026-08-23T09:59:17.948346162Z,-0.034,0.019,0.999
,,0,2026-08-23T09:59:18.201156344Z,-0.036,0.016,0.985
,,0,2026-08-23T09:59:18.448146441Z,-0.033,0.016,0.987
,,0,2026-08-23T09:59:18.701567824Z,-0.035,0.017,0.984
,,0,2026-08-23T09:59:18.948390161Z,-0.035,0.018,0.986
,,0,2026-08-23T09:59:19.199582784Z,-0.036,0.017,0.986
,,0,2026-08-23T09:59:19.448122557Z,-0.033,0.018,0.986
,,0,2026-08-23T09:59:19.724462604Z,-0.035,0.018,0.986
,,0,2026-08-23T09:59:19.947098361Z,-0.033,0.017,0.985
,,0,2026-08-23T09:59:20.1979742Z,-0.034,0.018,0.985
,,0,2026-08-23T09:59:20.446803226Z,-0.034,0.018,0.984
,,0,2026-08-23T09:59:20.70349924Z,-0.034,0.018,0.985
,,0,2026-08-23T09:59:20.944081742Z,-0.034,0.018,0.984
,,0,2026-08-23T09:59:21.195654871Z,-0.032,0.017,0.984
,,0,2026-08-23T09:59:21.451711695Z,-0.032,0.017,0.985
,,0,2026-08-23T09:59:21.696488017Z,-0.032,0.017,0.984
,,0,2026-08-23T09:59:21.944394057Z,-0.031,0.016,0.985
,,0,2026-08-23T09:59:22.197428159Z,-0.033,0.017,0.985
,,0,2026-08-23T09:59:22.45589364Z,-0.034,0.017,0.985
,,0,2026-08-23T09:59:22.697903424Z,-0.033,0.018,0.984
,,0,2026-08-23T09:59:22.948187973Z,-0.034,0.018,0.984
,,0,2026-08-23T09:59:23.204291952Z,-0.033,0.017,0.985
,,0,2026-08-23T09:59:23.457122732Z,-0.034,0.017,0.984
,,0,2026-08-23T09:59:23.69689431Z,-0.032,0.018,0.986
,,0,2026-08-23T09:59:23.944264635Z,-0.031,0.017,0.988
,,0,2026-08-23T09:59:24.198444741Z,-0.032,0.018,0.986
,,0,2026-08-23T09:59:24.452852827Z,-0.033,0.018,0.984
,,0,2026-08-23T09:59:24.696487023Z,-0.034,0.017,0.985
,,0,2026-08-23T09:59:24.94781604Z,-0.034,0.017,0.984
,,0,2026-08-23T09:59:25.196382482Z,-0.034,0.018,0.984
,,0,2026-08-23T09:59:25.450260803Z,-0.034,0.017,0.985
,,0,2026-08-23T09:59:25.696847544Z,-0.034,0.018,0.985
,,0,2026-08-23T09:59:25.95053618Z,-0.033,0.018,0.985
,,0,2026-08-23T09:59:26.195821326Z,-0.032,0.018,0.985
,,0,2026-08-23T09:59:26.44999353Z,-0.033,0.017,0.985
,,0,2026-08-23T09:59:26.696796894Z,-0.031,0.016,0.985
,,0,2026-08-23T09:59:26.947037308Z,-0.032,0.017,0.985
,,0,2026-08-23T09:59:27.196109774Z,-0.033,0.017,0.984
,,0,2026-08-23T09:59:27.458269292Z,-0.035,0.017,0.985
,,0,2026-08-23T09:59:27.702724561Z,-0.034,0.018,0.985
,,0,2026-08-23T09:59:27.946440684Z,-0.034,0.019,0.985
,,0,2026-08-23T09:59:28.195607034Z,-0.033,0.018,0.984
,,0,2026-08-23T09:59:28.449473466Z,-0.032,0.018,0.985
,,0,2026-08-23T09:59:28.706397375Z,-0.032,0.017,0.985
,,0,2026-08-23T09:59:28.94816957Z,-0.033,0.017,0.985
,,0,2026-08-23T09:59:29.198797855Z,-0.033,0.016,0.986
,,0,2026-08-23T09:59:29.453497688Z,-0.033,0.017,0.984
,,0,2026-08-23T09:59:29.698042871Z,-0.034,0.018,0.985
,,0,2026-08-23T09:59:29.950359264Z,-0.034,0.018,0.984
,,0,2026-08-23T09:59:30.195633979Z,-0.031,0.017,0.985
,,0,2026-08-23T09:59:30.446288331Z,-0.031,0.017,0.985
,,0,2026-08-23T09:59:30.703921374Z,-0.032,0.017,0.984
,,0,2026-08-23T09:59:30.944471448Z,-0.033,0.018,0.985
,,0,2026-08-23T09:59:31.195622721Z,-0.034,0.017,0.985
,,0,2026-08-23T09:59:31.446295808Z,-0.034,0.017,0.984
,,0,2026-08-23T09:59:31.699295539Z,-0.033,0.016,0.985
,,0,2026-08-23T09:59:31.944398358Z,-0.032,0.018,0.984
,,0,2026-08-23T09:59:32.196279383Z,-0.033,0.017,0.984
,,0,2026-08-23T09:59:32.44822911Z,-0.033,0.018,0.986
,,0,2026-08-23T09:59:32.696441084Z,-0.033,0.017,0.985
,,0,2026-08-23T09:59:32.944129319Z,-0.032,0.016,0.986
,,0,2026-08-23T09:59:33.199829868Z,-0.033,0.017,0.987
,,0,2026-08-23T09:59:33.450052166Z,-0.034,0.017,0.985
,,0,2026-08-23T09:59:33.69651849Z,-0.033,0.019,0.983
,,0,2026-08-23T09:59:33.944308107Z,-0.035,0.018,0.985
,,0,2026-08-23T09:59:34.195662565Z,-0.033,0.017,0.985
,,0,2026-08-23T09:59:34.446567875Z,-0.034,0.018,0.985
,,0,2026-08-23T09:59:34.705955484Z,-0.034,0.017,0.985
,,0,2026-08-23T09:59:34.951468248Z,-0.034,0.018,0.985
,,0,2026-08-23T09:59:35.195854972Z,-0.035,0.017,0.985
,,0,2026-08-23T09:59:35.446274795Z,-0.033,0.018,0.984
,,0,2026-08-23T09:59:35.70381429Z,-0.032,0.018,0.987
,,0,2026-08-23T09:59:35.948551161Z,-0.032,0.018,0.985
,,0,2026-08-23T09:59:36.199360016Z,-0.032,0.018,0.984
,,0,2026-08-23T09:59:36.446268581Z,-0.032,0.018,0.985
,,0,2026-08-23T09:59:36.696654139Z,-0.033,0.017,0.985
,,0,2026-08-23T09:59:36.959077785Z,-0.034,0.017,0.984
,,0,2026-08-23T09:59:37.197287936Z,-0.033,0.017,0.985
,,0,2026-08-23T09:59:37.448117561Z,-0.032,0.018,0.984
,,0,2026-08-23T09:59:37.696814431Z,-0.032,0.016,0.985
,,0,2026-08-23T09:59:37.944176767Z,-0.032,0.017,0.985
,,0,2026-08-23T09:59:38.195826312Z,-0.031,0.017,0.985
,,0,2026-08-23T09:59:38.446361988Z,-0.034,0.017,0.985
,,0,2026-08-23T09:59:38.698053624Z,-0.034,0.016,0.986
,,0,2026-08-23T09:59:38.950052945Z,-0.034,0.017,0.984
,,0,2026-08-23T09:59:39.205250385Z,-0.031,0.018,0.985
,,0,2026-08-23T09:59:39.450643416Z,-0.032,0.017,0.986
,,0,2026-08-23T09:59:39.709094682Z,-0.033,0.017,0.987
,,0,2026-08-23T09:59:39.944128401Z,-0.033,0.017,0.986
,,0,2026-08-23T09:59:40.195709786Z,-0.033,0.017,0.986
,,0,2026-08-23T09:59:40.451103533Z,-0.033,0.017,0.985
,,0,2026-08-23T09:59:40.697001725Z,-0.033,0.017,0.987
,,0,2026-08-23T09:59:40.951415473Z,-0.034,0.017,0.986
,,0,2026-08-23T09:59:41.195710201Z,-0.033,0.016,0.986
,,0,2026-08-23T09:59:41.446151396Z,-0.033,0.018,0.985
,,0,2026-08-23T09:59:41.696500703Z,-0.033,0.017,0.985
,,0,2026-08-23T09:59:41.944084812Z,-0.034,0.018,0.986
,,0,2026-08-23T09:59:42.195572Z,-0.032,0.018,0.986
,,0,2026-08-23T09:59:42.446297856Z,-0.031,0.018,0.986
,,0,2026-08-23T09:59:42.696482342Z,-0.032,0.017,0.985
,,0,2026-08-23T09:59:42.944295426Z,-0.033,0.019,0.986
,,0,2026-08-23T09:59:43.196113349Z,-0.034,0.018,0.985
,,0,2026-08-23T09:59:43.446494515Z,-0.033,0.018,0.985
,,0,2026-08-23T09:59:43.699836989Z,-0.034,0.017,0.984
,,0,2026-08-23T09:59:43.956177975Z,-0.033,0.018,0.984
,,0,2026-08-23T09:59:44.198639467Z,-0.032,0.016,0.985
,,0,2026-08-23T09:59:44.44654041Z,-0.031,0.018,0.984
,,0,2026-08-23T09:59:44.696951402Z,-0.033,0.018,0.984
,,0,2026-08-23T09:59:44.95826652Z,-0.033,0.017,0.985
,,0,2026-08-23T09:59:45.196278183Z,-0.033,0.018,0.985
,,0,2026-08-23T09:59:45.453773914Z,-0.031,0.018,0.984
,,0,2026-08-23T09:59:45.704722678Z,-0.032,0.017,0.985
,,0,2026-08-23T09:59:45.957212624Z,-0.033,0.018,0.984
,,0,2026-08-23T09:59:46.19928505Z,-0.032,0.017,0.986
,,0,2026-08-23T09:59:46.449582087Z,-0.033,0.017,0.984
,,0,2026-08-23T09:59:46.697201482Z,-0.033,0.018,0.984
,,0,2026-08-23T09:59:46.949172163Z,-0.033,0.019,0.986
,,0,2026-08-23T09:59:47.203264891Z,-0.034,0.016,0.985
,,0,2026-08-23T09:59:47.456557416Z,-0.033,0.018,0.985
,,0,2026-08-23T09:59:47.696874247Z,-0.033,0.017,0.984
,,0,2026-08-23T09:59:47.945112635Z,-0.033,0.018,0.985
,,0,2026-08-23T09:59:48.203242218Z,-0.031,0.017,0.985
,,0,2026-08-23T09:59:48.450393251Z,-0.032,0.016,0.985
,,0,2026-08-23T09:59:48.696660545Z,-0.033,0.017,0.986
,,0,2026-08-23T09:59:48.94448589Z,-0.034,0.017,0.985
,,0,2026-08-23T09:59:49.199087828Z,-0.034,0.017,0.984
,,0,2026-08-23T09:59:49.448226832Z,-0.033,0.018,0.985
,,0,2026-08-23T09:59:49.700124145Z,-0.031,0.016,0.984
,,0,2026-08-23T09:59:49.946237359Z,-0.031,0.017,0.985
,,0,2026-08-23T09:59:50.199229461Z,-0.031,0.017,0.985
,,0,2026-08-23T09:59:50.449467253Z,-0.032,0.017,0.985
,,0,2026-08-23T09:59:50.704565979Z,-0.033,0.017,0.986
,,0,2026-08-23T09:59:50.947523398Z,-0.034,0.017,0.985
,,0,2026-08-23T09:59:51.198939276Z,-0.033,0.018,0.985
,,0,2026-08-23T09:59:51.449462339Z,-0.033,0.017,0.984
,,0,2026-08-23T09:59:51.705857186Z,-0.034,0.018,0.984
,,0,2026-08-23T09:59:51.959277187Z,-0.033,0.017,0.984
,,0,2026-08-23T09:59:52.204964646Z,-0.031,0.017,0.986
,,0,2026-08-23T09:59:52.447050741Z,-0.03,0.017,0.984
,,0,2026-08-23T09:59:52.696776042Z,-0.031,0.017,0.985
,,0,2026-08-23T09:59:52.944599846Z,-0.031,0.017,0.985
,,0,2026-08-23T09:59:53.197787523Z,-0.033,0.017,0.985
,,0,2026-08-23T09:59:53.451229884Z,-0.033,0.017,0.985
,,0,2026-08-23T09:59:53.696914317Z,-0.033,0.018,0.984
,,0,2026-08-23T09:59:53.944291951Z,-0.033,0.017,0.984
,,0,2026-08-23T09:59:54.195862959Z,-0.033,0.018,0.985
,,0,2026-08-23T09:59:54.446433839Z,-0.033,0.018,0.985
,,0,2026-08-23T09:59:54.696514479Z,-0.033,0.017,0.985
,,0,2026-08-23T09:59:54.944438938Z,-0.033,0.017,0.985
,,0,2026-08-23T09:59:55.202048445Z,-0.033,0.017,0.985
,,0,2026-08-23T09:59:55.446687389Z,-0.031,0.017,0.984
,,0,2026-08-23T09:59:55.696695338Z,-0.032,0.018,0.984
,,0,2026-08-23T09:59:55.944334367Z,-0.031,0.017,0.984
,,0,2026-08-23T09:59:56.195683494Z,-0.033,0.018,0.985
,,0,2026-08-23T09:59:56.451368721Z,-0.032,0.017,0.985
,,0,2026-08-23T09:59:56.710765105Z,-0.034,0.017,0.985
,,0,2026-08-23T09:59:56.952090477Z,-0.034,0.017,0.985
,,0,2026-08-23T09:59:57.200464179Z,-0.033,0.018,0.985
,,0,2026-08-23T09:59:57.448028957Z,-0.033,0.017,0.985
,,0,2026-08-23T09:59:57.6973051Z,-0.033,0.018,0.984
,,0,2026-08-23T09:59:57.946434559Z,-0.033,0.018,0.985
,,0,2026-08-23T09:59:58.195793235Z,-0.033,0.017,0.984
,,0,2026-08-23T09:59:58.447320645Z,-0.033,0.017,0.984
,,0,2026-08-23T09:59:58.702669583Z,-0.031,0.018,0.984
,,0,2026-08-23T09:59:58.948871044Z,-0.031,0.017,0.984
,,0,2026-08-23T09:59:59.206124306Z,-0.03,0.018,0.984
,,0,2026-08-23T09:59:59.455061587Z,-0.032,0.018,0.985
,,0,2026-08-23T09:59:59.696760275Z,-0.034,0.018,0.984
,,0,2026-08-23T09:59:59.947468126Z,-0.033,0.018,0.984
,,0,2026-08-23T10:00:00.197622363Z,-0.032,0.018,0.984
,,0,2026-08-23T10:00:00.449242058Z,-0.033,0.018,0.985
,,0,2026-08-23T10:00:00.69676206Z,-0.033,0.017,0.986
,,0,2026-08-23T10:00:00.944274672Z,-0.032,0.018,0.984
,,0,2026-08-23T10:00:01.195840585Z,-0.032,0.017,0.985
,,0,2026-08-23T10:00:01.446778758Z,-0.033,0.017,0.986
,,0,2026-08-23T10:00:01.707774794Z,-0.033,0.018,0.984
,,0,2026-08-23T10:00:01.947811624Z,-0.032,0.017,0.984
,,0,2026-08-23T10:00:02.196026003Z,-0.032,0.018,0.983
,,0,2026-08-23T10:00:02.449421423Z,-0.033,0.017,0.984
,,0,2026-08-23T10:00:02.702712047Z,-0.032,0.017,0.985
,,0,2026-08-23T10:00:02.950294741Z,-0.032,0.017,0.985
,,0,2026-08-23T10:00:03.203516472Z,-0.032,0.017,0.984
,,0,2026-08-23T10:00:03.447967168Z,-0.033,0.018,0.983
,,0,2026-08-23T10:00:03.696444299Z,-0.032,0.017,0.983
,,0,2026-08-23T10:00:03.946031241Z,-0.033,0.018,0.983
,,0,2026-08-23T10:00:04.208239851Z,-0.034,0.017,0.982
,,0,2026-08-23T10:00:04.456497273Z,-0.031,0.017,0.986
,,0,2026-08-23T10:00:04.708303797Z,-0.031,0.018,0.984
,,0,2026-08-23T10:00:04.951448269Z,-0.031,0.017,0.984
,,0,2026-08-23T10:00:05.209277199Z,-0.033,0.018,0.985
,,0,2026-08-23T10:00:05.454624049Z,-0.033,0.018,0.984
,,0,2026-08-23T10:00:05.696756129Z,-0.033,0.017,0.984
,,0,2026-08-23T10:00:05.949856811Z,-0.033,0.017,0.985
,,0,2026-08-23T10:00:06.195685489Z,-0.03,0.017,0.986
,,0,2026-08-23T10:00:06.450866882Z,-0.033,0.017,0.985
,,0,2026-08-23T10:00:06.709301711Z,-0.034,0.017,0.984
,,0,2026-08-23T10:00:06.944412119Z,-0.033,0.017,0.985
,,0,2026-08-23T10:00:07.195877832Z,-0.032,0.017,0.984
,,0,2026-08-23T10:00:07.44643938Z,-0.03,0.017,0.985
,,0,2026-08-23T10:00:07.69918531Z,-0.033,0.018,0.985
,,0,2026-08-23T10:00:07.953980847Z,-0.033,0.017,0.984
,,0,2026-08-23T10:00:08.195677543Z,-0.032,0.017,0.985
,,0,2026-08-23T10:00:08.449168633Z,-0.033,0.017,0.985
,,0,2026-08-23T10:00:08.696833349Z,-0.032,0.017,0.985
,,0,2026-08-23T10:00:08.944450288Z,-0.033,0.017,0.985
,,0,2026-08-23T10:00:09.195888805Z,-0.031,0.018,0.984
,,0,2026-08-23T10:00:09.450153609Z,-0.032,0.018,0.985
,,0,2026-08-23T10:00:09.697039619Z,-0.03,0.016,0.985
,,0,2026-08-23T10:00:09.948993725Z,-0.032,0.018,0.985
,,0,2026-08-23T10:00:10.199779257Z,-0.035,0.018,0.985
,,0,2026-08-23T10:00:10.448236498Z,-0.033,0.017,0.985
,,0,2026-08-23T10:00:10.696596942Z,-0.033,0.017,0.986
,,0,2026-08-23T10:00:10.944435221Z,-0.031,0.016,0.985
,,0,2026-08-23T10:00:11.203532558Z,-0.031,0.018,0.985
,,0,2026-08-23T10:00:11.449896299Z,-0.031,0.018,0.987
,,0,2026-08-23T10:00:11.696789149Z,-0.034,0.018,0.986
,,0,2026-08-23T10:00:11.947603655Z,-0.033,0.017,0.984
,,0,2026-08-23T10:00:12.203197867Z,-0.034,0.017,0.985
,,0,2026-08-23T10:00:12.450382451Z,-0.032,0.017,0.986
,,0,2026-08-23T10:00:12.70800736Z,-0.032,0.018,0.987
,,0,2026-08-23T10:00:12.94704567Z,-0.033,0.018,0.985
,,0,2026-08-23T10:00:13.199091293Z,-0.031,0.018,0.986
,,0,2026-08-23T10:00:13.451127378Z,-0.03,0.017,0.986
,,0,2026-08-23T10:00:13.706656805Z,-0.032,0.017,0.986
,,0,2026-08-23T10:00:13.944476928Z,-0.033,0.018,0.988
,,0,2026-08-23T10:00:14.199851629Z,-0.033,0.018,0.985
,,0,2026-08-23T10:00:14.449551937Z,-0.032,0.017,0.987
,,0,2026-08-23T10:00:14.697112639Z,-0.032,0.017,0.987
,,0,2026-08-23T10:00:14.944371158Z,-0.033,0.016,0.985
,,0,2026-08-23T10:00:15.195715364Z,-0.033,0.017,0.985
,,0,2026-08-23T10:00:15.44647546Z,-0.034,0.018,0.985
,,0,2026-08-23T10:00:15.700171862Z,-0.031,0.016,0.986
,,0,2026-08-23T10:00:15.946409119Z,-0.031,0.017,0.987
,,0,2026-08-23T10:00:16.195881232Z,-0.031,0.019,0.986
,,0,2026-08-23T10:00:16.446582249Z,-0.034,0.018,0.984
,,0,2026-08-23T10:00:16.696655897Z,-0.034,0.018,0.985
,,0,2026-08-23T10:00:16.944902883Z,-0.033,0.017,0.985
,,0,2026-08-23T10:00:17.201833711Z,-0.033,0.018,0.987
,,0,2026-08-23T10:00:17.454586919Z,-0.031,0.017,0.985
,,0,2026-08-23T10:00:17.696650455Z,-0.031,0.017,0.985
,,0,2026-08-23T10:00:17.944351234Z,-0.031,0.017,0.985
,,0,2026-08-23T10:00:18.206123894Z,-0.033,0.017,0.986
,,0,2026-08-23T10:00:18.447258019Z,-0.034,0.017,0.986
,,0,2026-08-23T10:00:18.696650954Z,-0.034,0.018,0.986
,,0,2026-08-23T10:00:18.949564009Z,-0.034,0.017,0.985
,,0,2026-08-23T10:00:19.200229548Z,-0.031,0.017,0.984
,,0,2026-08-23T10:00:19.450575734Z,-0.033,0.017,0.985
,,0,2026-08-23T10:00:19.697059802Z,-0.031,0.017,0.985
,,0,2026-08-23T10:00:19.946505324Z,-0.03,0.018,0.984
,,0,2026-08-23T10:00:20.202129861Z,-0.03,0.017,0.986
,,0,2026-08-23T10:00:20.449949179Z,-0.062,0.017,0.985
,,0,2026-08-23T10:00:20.708816483Z,-0.032,0.017,0.985
,,0,2026-08-23T10:00:20.946371664Z,-0.033,0.018,0.984
,,0,2026-08-23T10:00:21.195888473Z,-0.033,0.017,0.985
,,0,2026-08-23T10:00:21.446600203Z,-0.032,0.017,0.985
,,0,2026-08-23T10:00:21.696582824Z,-0.032,0.018,0.985
,,0,2026-08-23T10:00:21.944554044Z,-0.032,0.017,0.985
,,0,2026-08-23T10:00:22.195822694Z,-0.031,0.017,0.984
,,0,2026-08-23T10:00:22.446944454Z,-0.031,0.017,0.984
,,0,2026-08-23T10:00:22.714446315Z,-0.031,0.018,0.984
,,0,2026-08-23T10:00:22.944717951Z,-0.031,0.017,0.985
,,0,2026-08-23T10:00:23.195796134Z,-0.033,0.017,0.986
,,0,2026-08-23T10:00:23.451101599Z,-0.034,0.018,0.986
,,0,2026-08-23T10:00:23.706503637Z,-0.032,0.018,0.985
,,0,2026-08-23T10:00:23.948740122Z,-0.032,0.017,0.985
,,0,2026-08-23T10:00:24.195952996Z,-0.033,0.018,0.985
,,0,2026-08-23T10:00:24.446567266Z,-0.032,0.018,0.985
,,0,2026-08-23T10:00:24.696789111Z,-0.03,0.018,0.985
,,0,2026-08-23T10:00:24.945245146Z,-0.031,0.019,0.986
,,0,2026-08-23T10:00:25.197030705Z,-0.03,0.017,0.986
,,0,2026-08-23T10:00:25.447051193Z,-0.034,0.018,0.986
,,0,2026-08-23T10:00:25.696882182Z,-0.033,0.017,0.986
,,0,2026-08-23T10:00:25.9444214Z,-0.034,0.018,0.988
,,0,2026-08-23T10:00:26.195655085Z,-0.034,0.017,0.986
,,0,2026-08-23T10:00:26.446332677Z,-0.032,0.018,0.985
,,0,2026-08-23T10:00:26.696930065Z,-0.032,0.017,0.985
,,0,2026-08-23T10:00:26.944804351Z,-0.033,0.017,0.985
,,0,2026-08-23T10:00:27.196059604Z,-0.033,0.017,0.987
,,0,2026-08-23T10:00:27.446997857Z,-0.034,0.018,0.985
,,0,2026-08-23T10:00:27.697028798Z,-0.033,0.018,0.987
,,0,2026-08-23T10:00:27.944676487Z,-0.043,0.016,0.966
,,0,2026-08-23T10:00:28.212533757Z,-0.029,0.017,0.985
,,0,2026-08-23T10:00:28.446816315Z,-0.03,0.017,0.985
,,0,2026-08-23T10:00:28.699752482Z,-0.032,0.018,0.987
,,0,2026-08-23T10:00:28.947838368Z,-0.033,0.017,0.987
,,0,2026-08-23T10:00:29.20871997Z,-0.031,0.018,0.986
,,0,2026-08-23T10:00:29.448532598Z,-0.03,0.018,0.986
,,0,2026-08-23T10:00:29.697995252Z,-0.03,0.017,0.984
,,0,2026-08-23T10:00:29.949046401Z,-0.031,0.017,0.987
,,0,2026-08-23T10:00:30.210453199Z,-0.032,0.017,0.985
,,0,2026-08-23T10:00:30.451165394Z,-0.032,0.018,0.984
,,0,2026-08-23T10:00:30.696851277Z,-0.032,0.017,0.985
,,0,2026-08-23T10:00:30.944691486Z,-0.033,0.017,0.986
,,0,2026-08-23T10:00:31.196313087Z,-0.034,0.017,0.986
,,0,2026-08-23T10:00:31.451147806Z,-0.032,0.017,0.986
,,0,2026-08-23T10:00:31.697623848Z,-0.032,0.018,0.985
,,0,2026-08-23T10:00:31.944571277Z,-0.032,0.018,0.985
,,0,2026-08-23T10:00:32.196007689Z,-0.032,0.017,0.987
,,0,2026-08-23T10:00:32.448566299Z,-0.031,0.017,0.986
,,0,2026-08-23T10:00:32.697132643Z,-0.034,0.017,0.984
,,0,2026-08-23T10:00:32.948981404Z,-0.032,0.016,0.988
,,0,2026-08-23T10:00:33.196240119Z,-0.034,0.017,0.987
,,0,2026-08-23T10:00:33.452464083Z,-0.032,0.018,0.985
,,0,2026-08-23T10:00:33.697888025Z,-0.031,0.017,0.985
,,0,2026-08-23T10:00:33.944493Z,-0.032,0.018,0.984
,,0,2026-08-23T10:00:34.197893617Z,-0.031,0.017,0.985
,,0,2026-08-23T10:00:34.454815147Z,-0.032,0.018,0.985
,,0,2026-08-23T10:00:34.697007446Z,-0.032,0.017,0.986
,,0,2026-08-23T10:00:34.949875248Z,-0.031,0.017,0.986
,,0,2026-08-23T10:00:35.196015345Z,-0.031,0.018,0.985
,,0,2026-08-23T10:00:35.44677863Z,-0.031,0.017,0.985
,,0,2026-08-23T10:00:35.696815566Z,-0.031,0.017,0.985
,,0,2026-08-23T10:00:35.944635361Z,-0.032,0.018,0.985
,,0,2026-08-23T10:00:36.19604851Z,-0.03,0.018,0.985
,,0,2026-08-23T10:00:36.44679579Z,-0.031,0.017,0.985
,,0,2026-08-23T10:00:36.697026164Z,-0.033,0.018,0.986
,,0,2026-08-23T10:00:36.946625781Z,-0.032,0.017,0.984
,,0,2026-08-23T10:00:37.196129913Z,-0.032,0.017,0.985
,,0,2026-08-23T10:00:37.446777965Z,-0.032,0.018,0.985
,,0,2026-08-23T10:00:37.696700002Z,-0.03,0.017,0.985
,,0,2026-08-23T10:00:37.949141345Z,-0.032,0.017,0.986
,,0,2026-08-23T10:00:38.196083295Z,-0.032,0.018,0.985
,,0,2026-08-23T10:00:38.446684435Z,-0.032,0.017,0.985
,,0,2026-08-23T10:00:38.696779096Z,-0.031,0.017,0.985
,,0,2026-08-23T10:00:38.94457406Z,-0.031,0.017,0.985
,,0,2026-08-23T10:00:39.195975675Z,-0.032,0.017,0.985
,,0,2026-08-23T10:00:39.449526745Z,-0.033,0.016,0.986
,,0,2026-08-23T10:00:39.710453531Z,-0.033,0.017,0.985
,,0,2026-08-23T10:00:39.951097199Z,-0.033,0.017,0.986
,,0,2026-08-23T10:00:40.19605196Z,-0.032,0.016,0.986
,,0,2026-08-23T10:00:40.446599775Z,-0.031,0.017,0.986
,,0,2026-08-23T10:00:40.696912351Z,-0.031,0.017,0.986
,,0,2026-08-23T10:00:40.949703362Z,-0.031,0.017,0.986
,,0,2026-08-23T10:00:41.195908707Z,-0.031,0.017,0.985
,,0,2026-08-23T10:00:41.449760413Z,-0.032,0.017,0.985
,,0,2026-08-23T10:00:41.696953512Z,-0.032,0.017,0.986
,,0,2026-08-23T10:00:41.948307005Z,-0.031,0.017,0.985
,,0,2026-08-23T10:00:42.197985499Z,-0.03,0.017,0.983
,,0,2026-08-23T10:00:42.446686884Z,-0.033,0.017,0.986
,,0,2026-08-23T10:00:42.696812172Z,-0.032,0.018,0.985
,,0,2026-08-23T10:00:42.94828427Z,-0.032,0.017,0.984
,,0,2026-08-23T10:00:43.195753692Z,-0.032,0.018,0.985
,,0,2026-08-23T10:00:43.446842953Z,-0.03,0.018,0.984
,,0,2026-08-23T10:00:43.696789607Z,-0.03,0.017,0.985
,,0,2026-08-23T10:00:43.944706249Z,-0.029,0.017,0.985
,,0,2026-08-23T10:00:44.195936135Z,-0.032,0.017,0.984
,,0,2026-08-23T10:00:44.446786466Z,-0.031,0.018,0.986
,,0,2026-08-23T10:00:44.696973502Z,-0.032,0.017,0.986
,,0,2026-08-23T10:00:44.953477351Z,-0.032,0.017,0.985
,,0,2026-08-23T10:00:45.196801833Z,-0.031,0.018,0.985
,,0,2026-08-23T10:00:45.461640777Z,-0.032,0.016,0.986
,,0,2026-08-23T10:00:45.710480257Z,-0.032,0.017,0.985
,,0,2026-08-23T10:00:45.949744215Z,-0.033,0.017,0.985
,,0,2026-08-23T10:00:46.195897201Z,-0.031,0.016,0.985
,,0,2026-08-23T10:00:46.446550318Z,-0.03,0.017,0.985
,,0,2026-08-23T10:00:46.697935822Z,-0.032,0.017,0.986
,,0,2026-08-23T10:00:46.94464036Z,-0.033,0.018,0.987
,,0,2026-08-23T10:00:47.203996443Z,-0.032,0.017,0.986
,,0,2026-08-23T10:00:47.448689465Z,-0.031,0.017,0.986
,,0,2026-08-23T10:00:47.697929471Z,-0.029,0.017,0.985
,,0,2026-08-23T10:00:47.944372598Z,-0.027,0.022,0.982
,,0,2026-08-23T10:00:48.19591837Z,-0.031,0.016,0.986
,,0,2026-08-23T10:00:48.44650631Z,-0.032,0.019,0.986
,,0,2026-08-23T10:00:48.696569216Z,-0.033,0.017,0.985
,,0,2026-08-23T10:00:48.944273037Z,-0.032,0.018,0.981
,,0,2026-08-23T10:00:49.195750656Z,-0.033,0.016,0.986
,,0,2026-08-23T10:00:49.446344832Z,-0.031,0.016,0.988
,,0,2026-08-23T10:00:49.697210637Z,-0.031,0.018,0.986
,,0,2026-08-23T10:00:49.944372288Z,-0.031,0.017,0.986
,,0,2026-08-23T10:00:50.199151446Z,-0.029,0.018,0.985
,,0,2026-08-23T10:00:50.45057954Z,-0.03,0.016,0.985
,,0,2026-08-23T10:00:50.704307626Z,-0.038,0.018,0.987
,,0,2026-08-23T10:00:50.947492934Z,-0.033,0.016,0.985
,,0,2026-08-23T10:00:51.199750614Z,-0.033,0.017,0.984
,,0,2026-08-23T10:00:51.450106429Z,-0.032,0.018,0.984
,,0,2026-08-23T10:00:51.704758988Z,-0.032,0.018,0.984
,,0,2026-08-23T10:00:51.947791941Z,-0.035,0.017,0.986
,,0,2026-08-23T10:00:52.198730935Z,-0.033,0.017,0.985
,,0,2026-08-23T10:00:52.449698483Z,-0.032,0.018,0.985
,,0,2026-08-23T10:00:52.706069161Z,-0.032,0.017,0.985
,,0,2026-08-23T10:00:52.947615039Z,-0.033,0.019,0.985
,,0,2026-08-23T10:00:53.199123045Z,-0.029,0.017,0.984
,,0,2026-08-23T10:00:53.450263866Z,-0.031,0.017,0.984
,,0,2026-08-23T10:00:53.704775878Z,-0.032,0.017,0.985
,,0,2026-08-23T10:00:53.947476673Z,-0.032,0.017,0.986
,,0,2026-08-23T10:00:54.198904711Z,-0.032,0.017,0.984
,,0,2026-08-23T10:00:54.449529992Z,-0.032,0.018,0.985
,,0,2026-08-23T10:00:54.705325513Z,-0.032,0.018,0.986
,,0,2026-08-23T10:00:54.947615194Z,-0.032,0.017,0.985
,,0,2026-08-23T10:00:55.199395892Z,-0.032,0.018,0.985
,,0,2026-08-23T10:00:55.449026245Z,-0.032,0.017,0.985
,,0,2026-08-23T10:00:55.70472278Z,-0.032,0.017,0.984
,,0,2026-08-23T10:00:55.947515417Z,-0.032,0.018,0.984
,,0,2026-08-23T10:00:56.199929459Z,-0.032,0.018,0.984
,,0,2026-08-23T10:00:56.449540141Z,-0.031,0.017,0.984
,,0,2026-08-23T10:00:58.697114593Z,-0.032,0.017,0.986
,,0,2026-08-23T10:00:58.944706142Z,-0.032,0.017,0.984
,,0,2026-08-23T10:00:59.195947915Z,-0.031,0.017,0.985
,,0,2026-08-23T10:00:59.446298745Z,-0.032,0.016,0.985
,,0,2026-08-23T10:00:59.698465717Z,-0.031,0.016,0.995
,,0,2026-08-23T10:00:59.944409415Z,-0.033,0.016,0.98
,,0,2026-08-23T10:01:00.195936238Z,-0.033,0.017,0.98
,,0,2026-08-23T10:01:00.446627099Z,-0.031,0.018,0.983
,,0,2026-08-23T10:01:00.696875702Z,-0.031,0.017,0.988
,,0,2026-08-23T10:01:00.944497056Z,-0.031,0.017,0.991
,,0,2026-08-23T10:01:01.1958378Z,-0.032,0.018,0.976
,,0,2026-08-23T10:01:01.446540397Z,-0.031,0.017,0.989
,,0,2026-08-23T10:01:01.696827236Z,-0.031,0.017,0.985
,,0,2026-08-23T10:01:01.944567048Z,-0.031,0.018,0.984
,,0,2026-08-23T10:01:02.195854676Z,-0.031,0.018,0.984
,,0,2026-08-23T10:01:02.44647599Z,-0.036,0.016,0.967
,,0,2026-08-23T10:01:02.704674739Z,-0.032,0.017,0.985
,,0,2026-08-23T10:01:02.948591764Z,-0.032,0.017,0.984
,,0,2026-08-23T10:01:03.199142501Z,-0.032,0.017,0.984
,,0,2026-08-23T10:01:03.449684496Z,-0.032,0.018,0.984
,,0,2026-08-23T10:01:03.706165468Z,-0.03,0.017,0.985
,,0,2026-08-23T10:01:03.947900941Z,-0.029,0.017,0.985
,,0,2026-08-23T10:01:04.199068689Z,-0.029,0.017,0.985
,,0,2026-08-23T10:01:04.45048138Z,-0.033,0.018,0.984
,,0,2026-08-23T10:01:04.706393386Z,-0.033,0.018,0.985
,,0,2026-08-23T10:01:04.948319798Z,-0.033,0.017,0.986
,,0,2026-08-23T10:01:05.199017691Z,-0.033,0.017,0.985
,,0,2026-08-23T10:01:05.449528972Z,-0.032,0.017,0.985
,,0,2026-08-23T10:01:05.706880617Z,-0.032,0.017,0.984
,,0,2026-08-23T10:01:05.948522099Z,-0.032,0.018,0.985
,,0,2026-08-23T10:01:06.200155631Z,-0.031,0.017,0.985
,,0,2026-08-23T10:01:06.449911281Z,-0.033,0.017,0.985
,,0,2026-08-23T10:01:06.704763208Z,-0.031,0.018,0.985
,,0,2026-08-23T10:01:06.946811887Z,-0.031,0.018,0.985
,,0,2026-08-23T10:01:07.199124412Z,-0.03,0.018,0.986
,,0,2026-08-23T10:01:07.449525406Z,-0.031,0.017,0.985
,,0,2026-08-23T10:01:08.705742496Z,-0.034,0.017,0.985
,,0,2026-08-23T10:01:08.947667481Z,-0.03,0.017,0.985
,,0,2026-08-23T10:01:09.199067759Z,-0.03,0.017,0.987
,,0,2026-08-23T10:01:09.449713817Z,-0.032,0.017,0.986
,,0,2026-08-23T10:01:09.705674224Z,-0.032,0.017,0.985
,,0,2026-08-23T10:01:09.947336039Z,-0.032,0.017,0.985
,,0,2026-08-23T10:01:10.199594309Z,-0.029,0.017,0.987
,,0,2026-08-23T10:01:10.449900863Z,-0.031,0.017,0.985
,,0,2026-08-23T10:01:10.707088371Z,-0.033,0.017,0.987
,,0,2026-08-23T10:01:10.947923629Z,-0.033,0.017,0.986
,,0,2026-08-23T10:01:11.199360064Z,-0.033,0.017,0.984
,,0,2026-08-23T10:01:11.449715353Z,-0.032,0.017,0.986
,,0,2026-08-23T10:01:11.705119142Z,-0.033,0.016,0.986
,,0,2026-08-23T10:01:11.948795143Z,-0.032,0.017,0.985
,,0,2026-08-23T10:01:12.199369131Z,-0.033,0.017,0.986
,,0,2026-08-23T10:01:12.451046189Z,-0.033,0.017,0.985

