#group,false,false,true,true,false,false,true,true
#datatype,string,long,dateTime:RFC3339,dateTime:RFC3339,dateTime:RFC3339,double,string,string
#default,last,,,,,,,
,result,table,_start,_stop,_time,_value,_field,_measurement
,,0,2026-08-19T15:34:56.375636787Z,2026-08-19T16:34:56.375636787Z,2026-08-19T15:49:40Z,-0.08,X,sensor_data
,,0,2026-08-19T15:34:56.375636787Z,2026-08-19T16:34:56.375636787Z,2026-08-19T15:49:41Z,-0.079,X,sensor_data
,,0,2026-08-19T15:34:56.375636787Z,2026-08-19T16:34:56.375636787Z,2026-08-19T15:49:42Z,-0.079,X,sensor_data
,,0,2026-08-19T15:34:56.375636787Z,2026-08-19T16:34:56.375636787Z,2026-08-19T15:49:43Z,-0.079,X,sensor_data
,,0,2026-08-19T15:34:56.375636787Z,2026-08-19T16:34:56.375636787Z,2026-08-19T15:49:44Z,-0.08,X,sensor_data
,,0,2026-08-19T15:34:56.375636787Z,2026-08-19T16:34:56.375636787Z,2026-08-19T15:49:45Z,-0.079,X,sensor_data
,,0,2026-08-19T15:34:56.375636787Z,2026-08-19T16:34:56.375636787Z,2026-08-19T15:49:46Z,-0.081,X,sensor_data
,,0,2026-08-19T15:34:56.375636787Z,2026-08-19T16:34:56.375636787Z,2026-08-19T15:49:47Z,-0.08,X,sensor_data
,,0,2026-08-19T15:34:56.375636787Z,2026-08-19T16:34:56.375636787Z,2026-08-19T15:49:48Z,-0.079,X,sensor_data
,,0,2026-08-19T15:34:56.375636787Z,2026-08-19T16:34:56.375636787Z,2026-08-19T15:49:49Z,-0.079,X,sensor_data
,,0,2026-08-19T15:34:56.375636787Z,2026-08-19T16:34:56.375636787Z,2026-08-19T15:49:50Z,-0.08,X,sensor_data
,,0,2026-08-19T15:34:56.375636787Z,2026-08-19T16:34:56.375636787Z,2026-08-19T15:49:51Z,-0.08,X,sensor_data
,,0,2026-08-19T15:34:56.375636787Z,2026-08-19T16:34:56.375636787Z,2026-08-19T15:49:52Z,-0.08,X,sensor_data
,,0,2026-08-19T15:34:56.375636787Z,2026-08-19T16:34:56.375636787Z,2026-08-19T15:49:53Z,-0.078,X,sensor_data
,,0,2026-08-19T15:34:56.375636787Z,2026-08-19T16:34:56.375636787Z,2026-08-19T15:49:54Z,-0.079,X,sensor_data
,,0,2026-08-19T15:34:56.375636787Z,2026-08-19T16:34:56.375636787Z,2026-08-19T15:49:55Z,-0.08,X,sensor_data
,,0,2026-08-19T15:34:56.375636787Z,2026-08-19T16:34:56.375636787Z,2026-08-19T15:49:56Z,-0.079,X,sensor_data
,,0,2026-08-19T15:34:56.375636787Z,2026-08-19T16:34:56.375636787Z,2026-08-19T15:49:57Z,-0.08,X,sensor_data
,,0,2026-08-19T15:34:56.375636787Z,2026-08-19T16:34:56.375636787Z,2026-08-19T15:49:58Z,-0.08,X,sensor_data
,,0,2026-08-19T15:34:56.375636787Z,2026-08-19T16:34:56.375636787Z,2026-08-19T15:49:59Z,-0.079,X,sensor_data
,,0,2026-08-19T15:34:56.375636787Z,2026-08-19T16:34:56.375636787Z,2026-08-19T15:50:00Z,-0.08,X,sensor_data
,,0,2026-08-19T15:34:56.375636787Z,2026-08-19T16:34:56.375636787Z,2026-08-19T15:50:04Z,-0.08,X,sensor_data
,,0,2026-08-19T15:34:56.375636787Z,2026-08-19T16:34:56.375636787Z,2026-08-19T15:50:05Z,-0.08,X,sensor_data
,,0,2026-08-19T15:34:56.375636787Z,2026-08-19T16:34:56.375636787Z,2026-08-19T15:50:06Z,-0.08,X,sensor_data
,,0,2026-08-19T15:34:56.375636787Z,2026-08-19T16:34:56.375636787Z,2026-08-19T15:50:07Z,-0.078,X,sensor_data
,,0,2026-08-19T15:34:56.375636787Z,2026-08-19T16:34:56.375636787Z,2026-08-19T15:50:08Z,-0.078,X,sensor_data
,,0,2026-08-19T15:34:56.375636787Z,2026-08-19T16:34:56.375636787Z,2026-08-19T15:50:09Z,-0.079,X,sensor_data
,,0,2026-08-19T15:34:56.375636787Z,2026-08-19T16:34:56.375636787Z,2026-08-19T15:50:10Z,-0.079,X,sensor_data
,,0,2026-08-19T15:34:56.375636787Z,2026-08-19T16:34:56.375636787Z,2026-08-19T15:50:11Z,-0.08,X,sensor_data
,,0,2026-08-19T15:34:56.375636787Z,2026-08-19T16:34:56.375636787Z,2026-08-19T15:50:12Z,-0.079,X,sensor_data
,,0,2026-08-19T15:34:56.375636787Z,2026-08-19T16:34:56.375636787Z,2026-08-19T15:50:13Z,-0.08,X,sensor_data
,,0,2026-08-19T15:34:56.375636787Z,2026-08-19T16:34:56.375636787Z,2026-08-19T15:50:14Z,-0.079,X,sensor_data
,,0,2026-08-19T15:34:56.375636787Z,2026-08-19T16:34:56.375636787Z,2026-08-19T15:50:15Z,-0.079,X,sensor_data
,,0,2026-08-19T15:34:56.375636787Z,2026-08-19T16:34:56.375636787Z,2026-08-19T15:50:16Z,-0.079,X,sensor_data
,,0,2026-08-19T15:34:56.375636787Z,2026-08-19T16:34:56.375636787Z,2026-08-19T15:50:17Z,-0.08,X,sensor_data
,,0,2026-08-19T15:34:56.375636787Z,2026-08-19T16:34:56.375636787Z,2026-08-19T15:50:18Z,-0.08,X,sensor_data
,,0,2026-08-19T15:34:56.375636787Z,2026-08-19T16:34:56.375636787Z,2026-08-19T15:50:19Z,-0.079,X,sensor_data
,,0,2026-08-19T15:34:56.375636787Z,2026-08-19T16:34:56.375636787Z,2026-08-19T15:50:20Z,-0.08,X,sensor_data
,,0,2026-08-19T15:34:56.375636787Z,2026-08-19T16:34:56.375636787Z,2026-08-19T15:50:21Z,-0.079,X,sensor_data
,,0,2026-08-19T15:34:56.375636787Z,2026-08-19T16:34:56.375636787Z,2026-08-19T15:50:22Z,-0.079,X,sensor_data
,,0,2026-08-19T15:34:56.375636787Z,2026-08-19T16:34:56.375636787Z,2026-08-19T15:50:23Z,-0.079,X,sensor_data
,,0,2026-08-19T15:34:56.375636787Z,2026-08-19T16:34:56.375636787Z,2026-08-19T15:50:24Z,-0.079,X,sensor_data
,,0,2026-08-19T15:34:56.375636787Z,2026-08-19T16:34:56.375636787Z,2026-08-19T15:50:25Z,-0.079,X,sensor_data
,,0,2026-08-19T15:34:56.375636787Z,2026-08-19T16:34:56.375636787Z,2026-08-19T15:50:26Z,-0.08,X,sensor_data
,,0,2026-08-19T15:34:56.375636787Z,2026-08-19T16:34:56.375636787Z,2026-08-19T15:50:27Z,-0.079,X,sensor_data
,,0,2026-08-19T15:34:56.375636787Z,2026-08-19T16:34:56.375636787Z,2026-08-19T15:50:28Z,-0.08,X,sensor_data
,,0,2026-08-19T15:34:56.375636787Z,2026-08-19T16:34:56.375636787Z,2026-08-19T15:50:29Z,-0.079,X,sensor_data
,,0,2026-08-19T15:34:56.375636787Z,2026-08-19T16:34:56.375636787Z,2026-08-19T15:50:30Z,-0.08,X,sensor_data
,,0,2026-08-19T15:34:56.375636787Z,2026-08-19T16:34:56.375636787Z,2026-08-19T15:50:31Z,-0.746,X,sensor_data
,,0,2026-08-19T15:34:56.375636787Z,2026-08-19T16:34:56.375636787Z,2026-08-19T15:50:32Z,-0.977,X,sensor_data
,,0,2026-08-19T15:34:56.375636787Z,2026-08-19T16:34:56.375636787Z,2026-08-19T15:50:33Z,-0.7,X,sensor_data
,,0,2026-08-19T15:34:56.375636787Z,2026-08-19T16:34:56.375636787Z,2026-08-19T15:50:34Z,-1.226,X,sensor_data
,,0,2026-08-19T15:34:56.375636787Z,2026-08-19T16:34:56.375636787Z,2026-08-19T15:50:35Z,-0.897,X,sensor_data
,,0,2026-08-19T15:34:56.375636787Z,2026-08-19T16:34:56.375636787Z,2026-08-19T15:50:36Z,-1.029,X,sensor_data
,,0,2026-08-19T15:34:56.375636787Z,2026-08-19T16:34:56.375636787Z,2026-08-19T15:50:37Z,-1.33,X,sensor_data
,,0,2026-08-19T15:34:56.375636787Z,2026-08-19T16:34:56.375636787Z,2026-08-19T15:50:38Z,-1.577,X,sensor_data
,,0,2026-08-19T15:34:56.375636787Z,2026-08-19T16:34:56.375636787Z,2026-08-19T15:50:39Z,-1.539,X,sensor_data
,,0,2026-08-19T15:34:56.375636787Z,2026-08-19T16:34:56.375636787Z,2026-08-19T15:50:40Z,-1.016,X,sensor_data
,,0,2026-08-19T15:34:56.375636787Z,2026-08-19T16:34:56.375636787Z,2026-08-19T15:50:41Z,-0.345,X,sensor_data
,,0,2026-08-19T15:34:56.375636787Z,2026-08-19T16:34:56.375636787Z,2026-08-19T15:50:42Z,-0.13,X,sensor_data
,,0,2026-08-19T15:34:56.375636787Z,2026-08-19T16:34:56.375636787Z,2026-08-19T15:50:43Z,-0.127,X,sensor_data
,,0,2026-08-19T15:34:56.375636787Z,2026-08-19T16:34:56.375636787Z,2026-08-19T15:50:44Z,-0.129,X,sensor_data
,,0,2026-08-19T15:34:56.375636787Z,2026-08-19T16:34:56.375636787Z,2026-08-19T15:50:45Z,-0.129,X,sensor_data
,,0,2026-08-19T15:34:56.375636787Z,2026-08-19T16:34:56.375636787Z,2026-08-19T15:50:46Z,-0.129,X,sensor_data
,,0,2026-08-19T15:34:56.375636787Z,2026-08-19T16:34:56.375636787Z,2026-08-19T15:50:47Z,-0.128,X,sensor_data
,,0,2026-08-19T15:34:56.375636787Z,2026-08-19T16:34:56.375636787Z,2026-08-19T15:50:48Z,-0.129,X,sensor_data
,,0,2026-08-19T15:34:56.375636787Z,2026-08-19T16:34:56.375636787Z,2026-08-19T15:50:49Z,-0.129,X,sensor_data
,,0,2026-08-19T15:34:56.375636787Z,2026-08-19T16:34:56.375636787Z,2026-08-19T15:50:50Z,-0.128,X,sensor_data
,,0,2026-08-19T15:34:56.375636787Z,2026-08-19T16:34:56.375636787Z,2026-08-19T15:50:51Z,-0.128,X,sensor_data
,,0,2026-08-19T15:34:56.375636787Z,2026-08-19T16:34:56.375636787Z,2026-08-19T15:50:52Z,-0.13,X,sensor_data
,,0,2026-08-19T15:34:56.375636787Z,2026-08-19T16:34:56.375636787Z,2026-08-19T15:50:53Z,-0.129,X,sensor_data
,,0,2026-08-19T15:34:56.375636787Z,2026-08-19T16:34:56.375636787Z,2026-08-19T15:50:54Z,-0.127,X,sensor_data
,,0,2026-08-19T15:34:56.375636787Z,2026-08-19T16:34:56.375636787Z,2026-08-19T15:50:55Z,-0.129,X,sensor_data
,,0,2026-08-19T15:34:56.375636787Z,2026-08-19T16:34:56.375636787Z,2026-08-19T15:50:56Z,-0.129,X,sensor_data
,,0,2026-08-19T15:34:56.375636787Z,2026-08-19T16:34:56.375636787Z,2026-08-19T15:50:57Z,-0.129,X,sensor_data
,,0,2026-08-19T15:34:56.375636787Z,2026-08-19T16:34:56.375636787Z,2026-08-19T15:50:58Z,-0.129,X,sensor_data
,,0,2026-08-19T15:34:56.375636787Z,2026-08-19T16:34:56.375636787Z,2026-08-19T15:50:59Z,-0.128,X,sensor_data
,,0,2026-08-19T15:34:56.375636787Z,2026-08-19T16:34:56.375636787Z,2026-08-19T15:51:00Z,-0.129,X,sensor_data
,,0,2026-08-19T15:34:56.375636787Z,2026-08-19T16:34:56.375636787Z,2026-08-19T15:51:01Z,-0.128,X,sensor_data
,,0,2026-08-19T15:34:56.375636787Z,2026-08-19T16:34:56.375636787Z,2026-08-19T15:51:02Z,-0.129,X,sensor_data
,,0,2026-08-19T15:34:56.375636787Z,2026-08-19T16:34:56.375636787Z,2026-08-19T15:51:03Z,-0.128,X,sensor_data
,,0,2026-08-19T15:34:56.375636787Z,2026-08-19T16:34:56.375636787Z,2026-08-19T15:51:04Z,-0.129,X,sensor_data
,,0,2026-08-19T15:34:56.375636787Z,2026-08-19T16:34:56.375636787Z,2026-08-19T15:51:05Z,-0.128,X,sensor_data
,,0,2026-08-19T15:34:56.375636787Z,2026-08-19T16:34:56.375636787Z,2026-08-19T15:51:06Z,-0.129,X,sensor_data
,,0,2026-08-19T15:34:56.375636787Z,2026-08-19T16:34:56.375636787Z,2026-08-19T15:51:07Z,-0.128,X,sensor_data
,,0,2026-08-19T15:34:56.375636787Z,2026-08-19T16:34:56.375636787Z,2026-08-19T15:51:08Z,-0.128,X,sensor_data
,,0,2026-08-19T15:34:56.375636787Z,2026-08-19T16:34:56.375636787Z,2026-08-19T15:51:09Z,-0.129,X,sensor_data
,,0,2026-08-19T15:34:56.375636787Z,2026-08-19T16:34:56.375636787Z,2026-08-19T15:51:10Z,-0.128,X,sensor_data
,,0,2026-08-19T15:34:56.375636787Z,2026-08-19T16:34:56.375636787Z,2026-08-19T15:51:11Z,-0.128,X,sensor_data
,,0,2026-08-19T15:34:56.375636787Z,2026-08-19T16:34:56.375636787Z,2026-08-19T15:51:12Z,-0.129,X,sensor_data
,,0,2026-08-19T15:34:56.375636787Z,2026-08-19T16:34:56.375636787Z,2026-08-19T15:51:13Z,-0.129,X,sensor_data
,,0,2026-08-19T15:34:56.375636787Z,2026-08-19T16:34:56.375636787Z,2026-08-19T15:51:14Z,-0.129,X,sensor_data
,,0,2026-08-19T15:34:56.375636787Z,2026-08-19T16:34:56.375636787Z,2026-08-19T15:51:15Z,-0.128,X,sensor_data
,,0,2026-08-19T15:34:56.375636787Z,2026-08-19T16:34:56.375636787Z,2026-08-19T15:51:16Z,-0.129,X,sensor_data
,,0,2026-08-19T15:34:56.375636787Z,2026-08-19T16:34:56.375636787Z,2026-08-19T15:51:17Z,-0.129,X,sensor_data
,,0,2026-08-19T15:34:56.375636787Z,2026-08-19T16:34:56.375636787Z,2026-08-19T15:51:18Z,-0.127,X,sensor_data
,,0,2026-08-19T15:34:56.375636787Z,2026-08-19T16:34:56.375636787Z,2026-08-19T15:51:19Z,-0.129,X,sensor_data
,,0,2026-08-19T15:34:56.375636787Z,2026-08-19T16:34:56.375636787Z,2026-08-19T15:51:20Z,-0.128,X,sensor_data
,,0,2026-08-19T15:34:56.375636787Z,2026-08-19T16:34:56.375636787Z,2026-08-19T15:51:21Z,-0.129,X,sensor_data
,,0,2026-08-19T15:34:56.375636787Z,2026-08-19T16:34:56.375636787Z,2026-08-19T15:51:22Z,-0.13,X,sensor_data
,,0,2026-08-19T15:34:56.375636787Z,2026-08-19T16:34:56.375636787Z,2026-08-19T15:51:23Z,-0.128,X,sensor_data
,,0,2026-08-19T15:34:56.375636787Z,2026-08-19T16:34:56.375636787Z,2026-08-19T15:51:24Z,-0.127,X,sensor_data
,,0,2026-08-19T15:34:56.375636787Z,2026-08-19T16:34:56.375636787Z,2026-08-19T15:51:44Z,-0.129,X,sensor_data
,,0,2026-08-19T15:34:56.375636787Z,2026-08-19T16:34:56.375636787Z,2026-08-19T15:51:45Z,-0.154,X,sensor_data
,,0,2026-08-19T15:34:56.375636787Z,2026-08-19T16:34:56.375636787Z,2026-08-19T15:51:46Z,-0.105,X,sensor_data
,,0,2026-08-19T15:34:56.375636787Z,2026-08-19T16:34:56.375636787Z,2026-08-19T15:51:47Z,-0.092,X,sensor_data
,,0,2026-08-19T15:34:56.375636787Z,2026-08-19T16:34:56.375636787Z,2026-08-19T15:51:48Z,-0.086,X,sensor_data
,,0,2026-08-19T15:34:56.375636787Z,2026-08-19T16:34:56.375636787Z,2026-08-19T15:51:49Z,-0.086,X,sensor_data
,,0,2026-08-19T15:34:56.375636787Z,2026-08-19T16:34:56.375636787Z,2026-08-19T15:51:50Z,-0.123,X,sensor_data
,,0,2026-08-19T15:34:56.375636787Z,2026-08-19T16:34:56.375636787Z,2026-08-19T15:51:51Z,-0.11,X,sensor_data
,,0,2026-08-19T15:34:56.375636787Z,2026-08-19T16:34:56.375636787Z,2026-08-19T15:51:52Z,-0.18,X,sensor_data
,,0,2026-08-19T15:34:56.375636787Z,2026-08-19T16:34:56.375636787Z,2026-08-19T15:51:53Z,-0.264,X,sensor_data
,,0,2026-08-19T15:34:56.375636787Z,2026-08-19T16:34:56.375636787Z,2026-08-19T15:51:54Z,-0.271,X,sensor_data
,,0,2026-08-19T15:34:56.375636787Z,2026-08-19T16:34:56.375636787Z,2026-08-19T15:51:55Z,-0.276,X,sensor_data
,,0,2026-08-19T15:34:56.375636787Z,2026-08-19T16:34:56.375636787Z,2026-08-19T15:51:56Z,-0.06,X,sensor_data
,,0,2026-08-19T15:34:56.375636787Z,2026-08-19T16:34:56.375636787Z,2026-08-19T15:51:57Z,0.18,X,sensor_data
,,0,2026-08-19T15:34:56.375636787Z,2026-08-19T16:34:56.375636787Z,2026-08-19T15:51:58Z,-0.064,X,sensor_data
,,0,2026-08-19T15:34:56.375636787Z,2026-08-19T16:34:56.375636787Z,2026-08-19T15:51:59Z,-0.046,X,sensor_data
,,0,2026-08-19T15:34:56.375636787Z,2026-08-19T16:34:56.375636787Z,2026-08-19T15:52:41Z,-0.059,X,sensor_data
,,0,2026-08-19T15:34:56.375636787Z,2026-08-19T16:34:56.375636787Z,2026-08-19T15:52:42Z,-0.059,X,sensor_data
,,0,2026-08-19T15:34:56.375636787Z,2026-08-19T16:34:56.375636787Z,2026-08-19T15:52:43Z,-0.058,X,sensor_data
,,0,2026-08-19T15:34:56.375636787Z,2026-08-19T16:34:56.375636787Z,2026-08-19T15:52:44Z,-0.058,X,sensor_data
,,0,2026-08-19T15:34:56.375636787Z,2026-08-19T16:34:56.375636787Z,2026-08-19T15:52:45Z,-0.058,X,sensor_data
,,0,2026-08-19T15:34:56.375636787Z,2026-08-19T16:34:56.375636787Z,2026-08-19T15:52:46Z,-0.058,X,sensor_data
,,0,2026-08-19T15:34:56.375636787Z,2026-08-19T16:34:56.375636787Z,2026-08-19T15:52:47Z,-0.069,X,sensor_data
,,0,2026-08-19T15:34:56.375636787Z,2026-08-19T16:34:56.375636787Z,2026-08-19T15:52:48Z,-0.061,X,sensor_data
,,0,2026-08-19T15:34:56.375636787Z,2026-08-19T16:34:56.375636787Z,2026-08-19T15:52:49Z,-0.058,X,sensor_data
,,0,2026-08-19T15:34:56.375636787Z,2026-08-19T16:34:56.375636787Z,2026-08-19T15:52:50Z,-0.057,X,sensor_data
,,0,2026-08-19T15:34:56.375636787Z,2026-08-19T16:34:56.375636787Z,2026-08-19T15:52:51Z,-0.061,X,sensor_data
,,0,2026-08-19T15:34:56.375636787Z,2026-08-19T16:34:56.375636787Z,2026-08-19T15:52:52Z,-0.057,X,sensor_data
,,0,2026-08-19T15:34:56.375636787Z,2026-08-19T16:34:56.375636787Z,2026-08-19T15:52:53Z,-0.055,X,sensor_data
,,0,2026-08-19T15:34:56.375636787Z,2026-08-19T16:34:56.375636787Z,2026-08-19T15:52:54Z,-0.056,X,sensor_data
,,0,2026-08-19T15:34:56.375636787Z,2026-08-19T16:34:56.375636787Z,2026-08-19T15:52:55Z,-0.049,X,sensor_data
,,0,2026-08-19T15:34:56.375636787Z,2026-08-19T16:34:56.375636787Z,2026-08-19T15:52:56Z,-0.052,X,sensor_data
,,0,2026-08-19T15:34:56.375636787Z,2026-08-19T16:34:56.375636787Z,2026-08-19T15:52:57Z,-0.055,X,sensor_data
,,0,2026-08-19T15:34:56.375636787Z,2026-08-19T16:34:56.375636787Z,2026-08-19T15:52:58Z,-0.071,X,sensor_data
,,0,2026-08-19T15:34:56.375636787Z,2026-08-19T16:34:56.375636787Z,2026-08-19T15:52:59Z,-0.065,X,sensor_data
,,0,2026-08-19T15:34:56.375636787Z,2026-08-19T16:34:56.375636787Z,2026-08-19T15:53:00Z,-0.037,X,sensor_data
,,0,2026-08-19T15:34:56.375636787Z,2026-08-19T16:34:56.375636787Z,2026-08-19T15:53:01Z,-0.054,X,sensor_data
,,0,2026-08-19T15:34:56.375636787Z,2026-08-19T16:34:56.375636787Z,2026-08-19T15:53:02Z,-0.051,X,sensor_data
,,0,2026-08-19T15:34:56.375636787Z,2026-08-19T16:34:56.375636787Z,2026-08-19T15:53:03Z,-0.054,X,sensor_data
,,0,2026-08-19T15:34:56.375636787Z,2026-08-19T16:34:56.375636787Z,2026-08-19T15:53:04Z,-0.011,X,sensor_data
,,0,2026-08-19T15:34:56.375636787Z,2026-08-19T16:34:56.375636787Z,2026-08-19T15:53:05Z,-0.029,X,sensor_data
,,0,2026-08-19T15:34:56.375636787Z,2026-08-19T16:34:56.375636787Z,2026-08-19T15:53:06Z,-0.045,X,sensor_data
,,0,2026-08-19T15:34:56.375636787Z,2026-08-19T16:34:56.375636787Z,2026-08-19T15:53:07Z,-0.06,X,sensor_data
,,0,2026-08-19T15:34:56.375636787Z,2026-08-19T16:34:56.375636787Z,2026-08-19T15:53:08Z,-0.044,X,sensor_data
,,0,2026-08-19T15:34:56.375636787Z,2026-08-19T16:34:56.375636787Z,2026-08-19T15:53:09Z,-0.046,X,sensor_data
,,0,2026-08-19T15:34:56.375636787Z,2026-08-19T16:34:56.375636787Z,2026-08-19T15:53:10Z,-0.046,X,sensor_data
,,0,2026-08-19T15:34:56.375636787Z,2026-08-19T16:34:56.375636787Z,2026-08-19T15:53:11Z,-0.057,X,sensor_data
,,0,2026-08-19T15:34:56.375636787Z,2026-08-19T16:34:56.375636787Z,2026-08-19T15:53:12Z,-0.046,X,sensor_data
,,0,2026-08-19T15:34:56.375636787Z,2026-08-19T16:34:56.375636787Z,2026-08-19T15:53:13Z,-0.063,X,sensor_data
,,0,2026-08-19T15:34:56.375636787Z,2026-08-19T16:34:56.375636787Z,2026-08-19T15:53:14Z,-0.062,X,sensor_data
,,0,2026-08-19T15:34:56.375636787Z,2026-08-19T16:34:56.375636787Z,2026-08-19T15:53:15Z,-0.046,X,sensor_data
,,0,2026-08-19T15:34:56.375636787Z,2026-08-19T16:34:56.375636787Z,2026-08-19T15:53:16Z,-0.047,X,sensor_data
,,0,2026-08-19T15:34:56.375636787Z,2026-08-19T16:34:56.375636787Z,2026-08-19T15:53:17Z,-0.046,X,sensor_data
,,0,2026-08-19T15:34:56.375636787Z,2026-08-19T16:34:56.375636787Z,2026-08-19T15:53:18Z,-0.047,X,sensor_data
,,0,2026-08-19T15:34:56.375636787Z,2026-08-19T16:34:56.375636787Z,2026-08-19T15:53:19Z,-0.047,X,sensor_data
,,0,2026-08-19T15:34:56.375636787Z,2026-08-19T16:34:56.375636787Z,2026-08-19T15:53:20Z,-0.047,X,sensor_data
,,0,2026-08-19T15:34:56.375636787Z,2026-08-19T16:34:56.375636787Z,2026-08-19T15:53:21Z,-0.046,X,sensor_data
,,0,2026-08-19T15:34:56.375636787Z,2026-08-19T16:34:56.375636787Z,2026-08-19T15:53:22Z,-0.045,X,sensor_data
,,0,2026-08-19T15:34:56.375636787Z,2026-08-19T16:34:56.375636787Z,2026-08-19T15:53:23Z,-0.047,X,sensor_data
,,0,2026-08-19T15:34:56.375636787Z,2026-08-19T16:34:56.375636787Z,2026-08-19T15:53:24Z,-0.046,X,sensor_data
,,0,2026-08-19T15:34:56.375636787Z,2026-08-19T16:34:56.375636787Z,2026-08-19T15:53:25Z,-0.047,X,sensor_data
,,0,2026-08-19T15:34:56.375636787Z,2026-08-19T16:34:56.375636787Z,2026-08-19T15:53:26Z,-0.047,X,sensor_data
,,0,2026-08-19T15:34:56.375636787Z,2026-08-19T16:34:56.375636787Z,2026-08-19T15:53:27Z,-0.046,X,sensor_data
,,0,2026-08-19T15:34:56.375636787Z,2026-08-19T16:34:56.375636787Z,2026-08-19T15:53:28Z,-0.046,X,sensor_data
,,0,2026-08-19T15:34:56.375636787Z,2026-08-19T16:34:56.375636787Z,2026-08-19T15:53:29Z,-0.047,X,sensor_data
,,0,2026-08-19T15:34:56.375636787Z,2026-08-19T16:34:56.375636787Z,2026-08-19T15:53:30Z,-0.046,X,sensor_data
,,0,2026-08-19T15:34:56.375636787Z,2026-08-19T16:34:56.375636787Z,2026-08-19T15:53:31Z,-0.046,X,sensor_data
,,0,2026-08-19T15:34:56.375636787Z,2026-08-19T16:34:56.375636787Z,2026-08-19T15:53:32Z,-0.047,X,sensor_data
,,0,2026-08-19T15:34:56.375636787Z,2026-08-19T16:34:56.375636787Z,2026-08-19T15:53:33Z,-0.046,X,sensor_data
,,0,2026-08-19T15:34:56.375636787Z,2026-08-19T16:34:56.375636787Z,2026-08-19T15:53:34Z,-0.046,X,sensor_data
,,0,2026-08-19T15:34:56.375636787Z,2026-08-19T16:34:56.375636787Z,2026-08-19T15:53:35Z,-0.046,X,sensor_data
,,0,2026-08-19T15:34:56.375636787Z,2026-08-19T16:34:56.375636787Z,2026-08-19T15:53:36Z,-0.047,X,sensor_data
,,0,2026-08-19T15:34:56.375636787Z,2026-08-19T16:34:56.375636787Z,2026-08-19T15:53:37Z,-0.047,X,sensor_data
,,0,2026-08-19T15:34:56.375636787Z,2026-08-19T16:34:56.375636787Z,2026-08-19T15:53:38Z,-0.046,X,sensor_data
,,0,2026-08-19T15:34:56.375636787Z,2026-08-19T16:34:56.375636787Z,2026-08-19T15:53:39Z,-0.046,X,sensor_data
,,0,2026-08-19T15:34:56.375636787Z,2026-08-19T16:34:56.375636787Z,2026-08-19T15:53:40Z,-0.046,X,sensor_data
,,0,2026-08-19T15:34:56.375636787Z,2026-08-19T16:34:56.375636787Z,2026-08-19T15:53:41Z,-0.046,X,sensor_data
,,0,2026-08-19T15:34:56.375636787Z,2026-08-19T16:34:56.375636787Z,2026-08-19T15:53:42Z,-0.045,X,sensor_data
,,0,2026-08-19T15:34:56.375636787Z,2026-08-19T16:34:56.375636787Z,2026-08-19T15:53:43Z,-0.046,X,sensor_data
,,0,2026-08-19T15:34:56.375636787Z,2026-08-19T16:34:56.375636787Z,2026-08-19T15:53:44Z,-0.045,X,sensor_data
,,0,2026-08-19T15:34:56.375636787Z,2026-08-19T16:34:56.375636787Z,2026-08-19T15:53:45Z,-0.046,X,sensor_data
,,0,2026-08-19T15:34:56.375636787Z,2026-08-19T16:34:56.375636787Z,2026-08-19T15:53:46Z,-0.045,X,sensor_data
,,0,2026-08-19T15:34:56.375636787Z,2026-08-19T16:34:56.375636787Z,2026-08-19T15:53:47Z,-0.046,X,sensor_data
,,0,2026-08-19T15:34:56.375636787Z,2026-08-19T16:34:56.375636787Z,2026-08-19T15:53:48Z,-0.046,X,sensor_data
,,0,2026-08-19T15:34:56.375636787Z,2026-08-19T16:34:56.375636787Z,2026-08-19T15:53:49Z,-0.046,X,sensor_data
,,0,2026-08-19T15:34:56.375636787Z,2026-08-19T16:34:56.375636787Z,2026-08-19T15:53:50Z,-0.046,X,sensor_data
,,0,2026-08-19T15:34:56.375636787Z,2026-08-19T16:34:56.375636787Z,2026-08-19T15:53:51Z,-0.046,X,sensor_data
,,0,2026-08-19T15:34:56.375636787Z,2026-08-19T16:34:56.375636787Z,2026-08-19T15:54:13Z,-0.044,X,sensor_data
,,0,2026-08-19T15:34:56.375636787Z,2026-08-19T16:34:56.375636787Z,2026-08-19T15:54:14Z,-0.045,X,sensor_data
,,0,2026-08-19T15:34:56.375636787Z,2026-08-19T16:34:56.375636787Z,2026-08-19T15:54:15Z,-0.044,X,sensor_data
,,0,2026-08-19T15:34:56.375636787Z,2026-08-19T16:34:56.375636787Z,2026-08-19T15:54:16Z,-0.044,X,sensor_data
,,0,2026-08-19T15:34:56.375636787Z,2026-08-19T16:34:56.375636787Z,2026-08-19T15:54:17Z,-0.044,X,sensor_data
,,0,2026-08-19T15:34:56.375636787Z,2026-08-19T16:34:56.375636787Z,2026-08-19T15:54:21Z,-0.044,X,sensor_data
,,0,2026-08-19T15:34:56.375636787Z,2026-08-19T16:34:56.375636787Z,2026-08-19T15:54:22Z,-0.043,X,sensor_data
,,0,2026-08-19T15:34:56.375636787Z,2026-08-19T16:34:56.375636787Z,2026-08-19T15:54:23Z,-0.044,X,sensor_data
,,0,2026-08-19T15:34:56.375636787Z,2026-08-19T16:34:56.375636787Z,2026-08-19T15:54:24Z,-0.045,X,sensor_data
,,0,2026-08-19T15:34:56.375636787Z,2026-08-19T16:34:56.375636787Z,2026-08-19T15:54:25Z,-0.044,X,sensor_data
,,0,2026-08-19T15:34:56.375636787Z,2026-08-19T16:34:56.375636787Z,2026-08-19T15:54:26Z,-0.045,X,sensor_data
,,0,2026-08-19T15:34:56.375636787Z,2026-08-19T16:34:56.375636787Z,2026-08-19T15:54:27Z,-0.045,X,sensor_data
,,0,2026-08-19T15:34:56.375636787Z,2026-08-19T16:34:56.375636787Z,2026-08-19T15:54:28Z,-0.018,X,sensor_data
,,0,2026-08-19T15:34:56.375636787Z,2026-08-19T16:34:56.375636787Z,2026-08-19T15:54:29Z,-0.1,X,sensor_data
,,0,2026-08-19T15:34:56.375636787Z,2026-08-19T16:34:56.375636787Z,2026-08-19T15:54:30Z,-0.182,X,sensor_data
,,0,2026-08-19T15:34:56.375636787Z,2026-08-19T16:34:56.375636787Z,2026-08-19T15:54:31Z,-0.174,X,sensor_data
,,0,2026-08-19T15:34:56.375636787Z,2026-08-19T16:34:56.375636787Z,2026-08-19T15:54:32Z,-0.175,X,sensor_data
,,0,2026-08-19T15:34:56.375636787Z,2026-08-19T16:34:56.375636787Z,2026-08-19T15:54:33Z,-0.176,X,sensor_data
,,0,2026-08-19T15:34:56.375636787Z,2026-08-19T16:34:56.375636787Z,2026-08-19T15:54:34Z,-0.176,X,sensor_data
,,0,2026-08-19T15:34:56.375636787Z,2026-08-19T16:34:56.375636787Z,2026-08-19T15:54:35Z,-0.176,X,sensor_data
,,0,2026-08-19T15:34:56.375636787Z,2026-08-19T16:34:56.375636787Z,2026-08-19T15:54:36Z,-0.176,X,sensor_data
,,0,2026-08-19T15:34:56.375636787Z,2026-08-19T16:34:56.375636787Z,2026-08-19T15:54:37Z,-0.175,X,sensor_data
,,0,2026-08-19T15:34:56.375636787Z,2026-08-19T16:34:56.375636787Z,2026-08-19T15:54:39Z,-0.175,X,sensor_data
,,0,2026-08-19T15:34:56.375636787Z,2026-08-19T16:34:56.375636787Z,2026-08-19T15:54:40Z,-0.174,X,sensor_data
,,0,2026-08-19T15:34:56.375636787Z,2026-08-19T16:34:56.375636787Z,2026-08-19T15:54:41Z,-0.175,X,sensor_data
,,0,2026-08-19T15:34:56.375636787Z,2026-08-19T16:34:56.375636787Z,2026-08-19T15:54:42Z,-0.175,X,sensor_data
,,0,2026-08-19T15:34:56.375636787Z,2026-08-19T16:34:56.375636787Z,2026-08-19T15:54:43Z,-0.176,X,sensor_data
,,0,2026-08-19T15:34:56.375636787Z,2026-08-19T16:34:56.375636787Z,2026-08-19T15:54:44Z,-0.176,X,sensor_data
,,0,2026-08-19T15:34:56.375636787Z,2026-08-19T16:34:56.375636787Z,2026-08-19T15:54:45Z,-0.178,X,sensor_data
,,0,2026-08-19T15:34:56.375636787Z,2026-08-19T16:34:56.375636787Z,2026-08-19T15:54:46Z,-0.176,X,sensor_data
,,0,2026-08-19T15:34:56.375636787Z,2026-08-19T16:34:56.375636787Z,2026-08-19T15:54:47Z,-0.174,X,sensor_data
,,0,2026-08-19T15:34:56.375636787Z,2026-08-19T16:34:56.375636787Z,2026-08-19T15:54:48Z,-0.177,X,sensor_data
,,0,2026-08-19T15:34:56.375636787Z,2026-08-19T16:34:56.375636787Z,2026-08-19T15:54:49Z,-0.176,X,sensor_data
,,0,2026-08-19T15:34:56.375636787Z,2026-08-19T16:34:56.375636787Z,2026-08-19T15:54:50Z,-0.176,X,sensor_data
,,0,2026-08-19T15:34:56.375636787Z,2026-08-19T16:34:56.375636787Z,2026-08-19T15:54:51Z,-0.177,X,sensor_data
,,0,2026-08-19T15:34:56.375636787Z,2026-08-19T16:34:56.375636787Z,2026-08-19T15:54:52Z,-0.176,X,sensor_data
,,0,2026-08-19T15:34:56.375636787Z,2026-08-19T16:34:56.375636787Z,2026-08-19T15:54:53Z,-0.176,X,sensor_data
,,0,2026-08-19T15:34:56.375636787Z,2026-08-19T16:34:56.375636787Z,2026-08-19T15:54:54Z,-0.176,X,sensor_data
,,0,2026-08-19T15:34:56.375636787Z,2026-08-19T16:34:56.375636787Z,2026-08-19T15:54:55Z,-0.176,X,sensor_data
,,0,2026-08-19T15:34:56.375636787Z,2026-08-19T16:34:56.375636787Z,2026-08-19T15:54:56Z,-0.176,X,sensor_data
,,0,2026-08-19T15:34:56.375636787Z,2026-08-19T16:34:56.375636787Z,2026-08-19T15:54:57Z,-0.176,X,sensor_data
,,0,2026-08-19T15:34:56.375636787Z,2026-08-19T16:34:56.375636787Z,2026-08-19T15:54:58Z,-0.176,X,sensor_data
,,0,2026-08-19T15:34:56.375636787Z,2026-08-19T16:34:56.375636787Z,2026-08-19T15:54:59Z,-0.176,X,sensor_data
,,0,2026-08-19T15:34:56.375636787Z,2026-08-19T16:34:56.375636787Z,2026-08-19T15:55:00Z,-0.177,X,sensor_data
,,0,2026-08-19T15:34:56.375636787Z,2026-08-19T16:34:56.375636787Z,2026-08-19T15:55:01Z,-0.177,X,sensor_data
,,0,2026-08-19T15:34:56.375636787Z,2026-08-19T16:34:56.375636787Z,2026-08-19T15:55:02Z,-0.177,X,sensor_data
,,0,2026-08-19T15:34:56.375636787Z,2026-08-19T16:34:56.375636787Z,2026-08-19T15:55:03Z,-0.176,X,sensor_data
,,0,2026-08-19T15:34:56.375636787Z,2026-08-19T16:34:56.375636787Z,2026-08-19T15:55:04Z,-0.176,X,sensor_data
,,0,2026-08-19T15:34:56.375636787Z,2026-08-19T16:34:56.375636787Z,2026-08-19T15:55:05Z,-0.176,X,sensor_data
,,0,2026-08-19T15:34:56.375636787Z,2026-08-19T16:34:56.375636787Z,2026-08-19T15:55:06Z,-0.177,X,sensor_data
,,0,2026-08-19T15:34:56.375636787Z,2026-08-19T16:34:56.375636787Z,2026-08-19T15:55:07Z,-0.177,X,sensor_data
,,0,2026-08-19T15:34:56.375636787Z,2026-08-19T16:34:56.375636787Z,2026-08-19T15:55:08Z,-0.176,X,sensor_data
,,0,2026-08-19T15:34:56.375636787Z,2026-08-19T16:34:56.375636787Z,2026-08-19T15:55:09Z,-0.177,X,sensor_data
,,0,2026-08-19T15:34:56.375636787Z,2026-08-19T16:34:56.375636787Z,2026-08-19T15:55:10Z,-0.176,X,sensor_data
,,0,2026-08-19T15:34:56.375636787Z,2026-08-19T16:34:56.375636787Z,2026-08-19T15:55:11Z,-0.177,X,sensor_data
,,0,2026-08-19T15:34:56.375636787Z,2026-08-19T16:34:56.375636787Z,2026-08-19T15:55:12Z,-0.177,X,sensor_data
,,0,2026-08-19T15:34:56.375636787Z,2026-08-19T16:34:56.375636787Z,2026-08-19T15:55:13Z,-0.178,X,sensor_data
,,0,2026-08-19T15:34:56.375636787Z,2026-08-19T16:34:56.375636787Z,2026-08-19T15:55:14Z,-0.177,X,sensor_data
,,0,2026-08-19T15:34:56.375636787Z,2026-08-19T16:34:56.375636787Z,2026-08-19T15:55:15Z,-0.177,X,sensor_data
,,0,2026-08-19T15:34:56.375636787Z,2026-08-19T16:34:56.375636787Z,2026-08-19T15:55:16Z,-0.176,X,sensor_data
,,0,2026-08-19T15:34:56.375636787Z,2026-08-19T16:34:56.375636787Z,2026-08-19T15:55:17Z,-0.176,X,sensor_data
,,0,2026-08-19T15:34:56.375636787Z,2026-08-19T16:34:56.375636787Z,2026-08-19T15:55:18Z,-0.178,X,sensor_data
,,0,2026-08-19T15:34:56.375636787Z,2026-08-19T16:34:56.375636787Z,2026-08-19T15:55:19Z,-0.178,X,sensor_data
,,0,2026-08-19T15:34:56.375636787Z,2026-08-19T16:34:56.375636787Z,2026-08-19T15:55:20Z,-0.177,X,sensor_data
,,0,2026-08-19T15:34:56.375636787Z,2026-08-19T16:34:56.375636787Z,2026-08-19T15:55:21Z,-0.178,X,sensor_data
,,0,2026-08-19T15:34:56.375636787Z,2026-08-19T16:34:56.375636787Z,2026-08-19T15:55:22Z,-0.177,X,sensor_data
,,0,2026-08-19T15:34:56.375636787Z,2026-08-19T16:34:56.375636787Z,2026-08-19T15:55:23Z,-0.177,X,sensor_data
,,0,2026-08-19T15:34:56.375636787Z,2026-08-19T16:34:56.375636787Z,2026-08-19T15:55:24Z,-0.178,X,sensor_data
,,0,2026-08-19T15:34:56.375636787Z,2026-08-19T16:34:56.375636787Z,2026-08-19T15:55:25Z,-0.177,X,sensor_data
,,0,2026-08-19T15:34:56.375636787Z,2026-08-19T16:34:56.375636787Z,2026-08-19T15:55:26Z,-0.178,X,sensor_data
,,0,2026-08-19T15:34:56.375636787Z,2026-08-19T16:34:56.375636787Z,2026-08-19T15:55:27Z,-0.172,X,sensor_data
,,0,2026-08-19T15:34:56.375636787Z,2026-08-19T16:34:56.375636787Z,2026-08-19T15:55:28Z,-0.177,X,sensor_data
,,0,2026-08-19T15:34:56.375636787Z,2026-08-19T16:34:56.375636787Z,2026-08-19T15:55:29Z,-0.178,X,sensor_data
,,0,2026-08-19T15:34:56.375636787Z,2026-08-19T16:34:56.375636787Z,2026-08-19T15:55:30Z,-0.177,X,sensor_data
,,0,2026-08-19T15:34:56.375636787Z,2026-08-19T16:34:56.375636787Z,2026-08-19T15:55:31Z,-0.178,X,sensor_data
,,0,2026-08-19T15:34:56.375636787Z,2026-08-19T16:34:56.375636787Z,2026-08-19T15:55:32Z,-0.178,X,sensor_data
,,0,2026-08-19T15:34:56.375636787Z,2026-08-19T16:34:56.375636787Z,2026-08-19T15:55:33Z,-0.177,X,sensor_data
,,0,2026-08-19T15:34:56.375636787Z,2026-08-19T16:34:56.375636787Z,2026-08-19T15:55:34Z,-0.179,X,sensor_data
,,0,2026-08-19T15:34:56.375636787Z,2026-08-19T16:34:56.375636787Z,2026-08-19T15:55:35Z,-0.178,X,sensor_data
,,0,2026-08-19T15:34:56.375636787Z,2026-08-19T16:34:56.375636787Z,2026-08-19T15:55:36Z,-0.178,X,sensor_data
,,0,2026-08-19T15:34:56.375636787Z,2026-08-19T16:34:56.375636787Z,2026-08-19T15:55:37Z,-0.172,X,sensor_data
,,0,2026-08-19T15:34:56.375636787Z,2026-08-19T16:34:56.375636787Z,2026-08-19T15:55:38Z,-0.178,X,sensor_data
,,0,2026-08-19T15:34:56.375636787Z,2026-08-19T16:34:56.375636787Z,2026-08-19T15:55:39Z,-0.178,X,sensor_data
,,0,2026-08-19T15:34:56.375636787Z,2026-08-19T16:34:56.375636787Z,2026-08-19T15:55:40Z,-0.181,X,sensor_data
,,0,2026-08-19T15:34:56.375636787Z,2026-08-19T16:34:56.375636787Z,2026-08-19T15:55:41Z,-0.181,X,sensor_data
,,0,2026-08-19T15:34:56.375636787Z,2026-08-19T16:34:56.375636787Z,2026-08-19T15:55:42Z,-0.177,X,sensor_data
,,0,2026-08-19T15:34:56.375636787Z,2026-08-19T16:34:56.375636787Z,2026-08-19T15:55:43Z,-0.179,X,sensor_data
,,0,2026-08-19T15:34:56.375636787Z,2026-08-19T16:34:56.375636787Z,2026-08-19T15:55:44Z,-0.178,X,sensor_data
,,0,2026-08-19T15:34:56.375636787Z,2026-08-19T16:34:56.375636787Z,2026-08-19T15:55:45Z,-0.178,X,sensor_data
,,0,2026-08-19T15:34:56.375636787Z,2026-08-19T16:34:56.375636787Z,2026-08-19T15:55:46Z,-0.179,X,sensor_data
,,0,2026-08-19T15:34:56.375636787Z,2026-08-19T16:34:56.375636787Z,2026-08-19T15:55:47Z,-0.179,X,sensor_data
,,0,2026-08-19T15:34:56.375636787Z,2026-08-19T16:34:56.375636787Z,2026-08-19T15:55:48Z,-0.178,X,sensor_data
,,0,2026-08-19T15:34:56.375636787Z,2026-08-19T16:34:56.375636787Z,2026-08-19T15:55:49Z,-0.177,X,sensor_data
,,0,2026-08-19T15:34:56.375636787Z,2026-08-19T16:34:56.375636787Z,2026-08-19T15:55:50Z,-0.18,X,sensor_data
,,0,2026-08-19T15:34:56.375636787Z,2026-08-19T16:34:56.375636787Z,2026-08-19T15:55:51Z,-0.176,X,sensor_data
,,0,2026-08-19T15:34:56.375636787Z,2026-08-19T16:34:56.375636787Z,2026-08-19T15:55:52Z,-0.18,X,sensor_data
,,0,2026-08-19T15:34:56.375636787Z,2026-08-19T16:34:56.375636787Z,2026-08-19T15:55:53Z,-0.179,X,sensor_data
,,0,2026-08-19T15:34:56.375636787Z,2026-08-19T16:34:56.375636787Z,2026-08-19T15:55:54Z,-0.202,X,sensor_data
,,0,2026-08-19T15:34:56.375636787Z,2026-08-19T16:34:56.375636787Z,2026-08-19T15:55:55Z,-0.177,X,sensor_data
,,0,2026-08-19T15:34:56.375636787Z,2026-08-19T16:34:56.375636787Z,2026-08-19T15:55:56Z,-0.178,X,sensor_data
,,0,2026-08-19T15:34:56.375636787Z,2026-08-19T16:34:56.375636787Z,2026-08-19T15:55:57Z,-0.178,X,sensor_data
,,0,2026-08-19T15:34:56.375636787Z,2026-08-19T16:34:56.375636787Z,2026-08-19T15:55:58Z,-0.18,X,sensor_data
,,0,2026-08-19T15:34:56.375636787Z,2026-08-19T16:34:56.375636787Z,2026-08-19T15:55:59Z,-0.178,X,sensor_data
,,0,2026-08-19T15:34:56.375636787Z,2026-08-19T16:34:56.375636787Z,2026-08-19T15:56:00Z,-0.179,X,sensor_data
,,0,2026-08-19T15:34:56.375636787Z,2026-08-19T16:34:56.375636787Z,2026-08-19T15:56:01Z,-0.179,X,sensor_data
,,0,2026-08-19T15:34:56.375636787Z,2026-08-19T16:34:56.375636787Z,2026-08-19T15:56:02Z,-0.179,X,sensor_data
,,0,2026-08-19T15:34:56.375636787Z,2026-08-19T16:34:56.375636787Z,2026-08-19T15:56:03Z,-0.179,X,sensor_data
,,0,2026-08-19T15:34:56.375636787Z,2026-08-19T16:34:56.375636787Z,2026-08-19T15:56:04Z,-0.178,X,sensor_data
,,0,2026-08-19T15:34:56.375636787Z,2026-08-19T16:34:56.375636787Z,2026-08-19T15:56:05Z,-0.179,X,sensor_data
,,0,2026-08-19T15:34:56.375636787Z,2026-08-19T16:34:56.375636787Z,2026-08-19T15:56:06Z,-0.178,X,sensor_data
,,0,2026-08-19T15:34:56.375636787Z,2026-08-19T16:34:56.375636787Z,2026-08-19T15:56:07Z,-0.175,X,sensor_data
,,0,2026-08-19T15:34:56.375636787Z,2026-08-19T16:34:56.375636787Z,2026-08-19T15:56:08Z,-0.179,X,sensor_data
,,0,2026-08-19T15:34:56.375636787Z,2026-08-19T16:34:56.375636787Z,2026-08-19T15:56:09Z,-0.181,X,sensor_data
,,0,2026-08-19T15:34:56.375636787Z,2026-08-19T16:34:56.375636787Z,2026-08-19T15:56:10Z,-0.179,X,sensor_data
,,0,2026-08-19T15:34:56.375636787Z,2026-08-19T16:34:56.375636787Z,2026-08-19T15:56:11Z,-0.178,X,sensor_data
,,0,2026-08-19T15:34:56.375636787Z,2026-08-19T16:34:56.375636787Z,2026-08-19T15:56:12Z,-0.178,X,sensor_data
,,0,2026-08-19T15:34:56.375636787Z,2026-08-19T16:34:56.375636787Z,2026-08-19T15:56:13Z,-0.179,X,sensor_data
,,0,2026-08-19T15:34:56.375636787Z,2026-08-19T16:34:56.375636787Z,2026-08-19T15:56:14Z,-0.179,X,sensor_data
,,0,2026-08-19T15:34:56.375636787Z,2026-08-19T16:34:56.375636787Z,2026-08-19T15:56:15Z,-0.178,X,sensor_data
,,0,2026-08-19T15:34:56.375636787Z,2026-08-19T16:34:56.375636787Z,2026-08-19T15:56:16Z,-0.179,X,sensor_data
,,0,2026-08-19T15:34:56.375636787Z,2026-08-19T16:34:56.375636787Z,2026-08-19T15:56:17Z,-0.18,X,sensor_data
,,0,2026-08-19T15:34:56.375636787Z,2026-08-19T16:34:56.375636787Z,2026-08-19T15:56:18Z,-0.178,X,sensor_data
,,0,2026-08-19T15:34:56.375636787Z,2026-08-19T16:34:56.375636787Z,2026-08-19T15:56:19Z,-0.18,X,sensor_data
,,0,2026-08-19T15:34:56.375636787Z,2026-08-19T16:34:56.375636787Z,2026-08-19T15:56:20Z,-0.178,X,sensor_data
,,0,2026-08-19T15:34:56.375636787Z,2026-08-19T16:34:56.375636787Z,2026-08-19T15:56:21Z,-0.179,X,sensor_data
,,0,2026-08-19T15:34:56.375636787Z,2026-08-19T16:34:56.375636787Z,2026-08-19T15:56:22Z,-0.18,X,sensor_data
,,0,2026-08-19T15:34:56.375636787Z,2026-08-19T16:34:56.375636787Z,2026-08-19T15:56:23Z,-0.179,X,sensor_data
,,0,2026-08-19T15:34:56.375636787Z,2026-08-19T16:34:56.375636787Z,2026-08-19T15:56:24Z,-0.18,X,sensor_data
,,0,2026-08-19T15:34:56.375636787Z,2026-08-19T16:34:56.375636787Z,2026-08-19T15:56:25Z,-0.181,X,sensor_data
,,0,2026-08-19T15:34:56.375636787Z,2026-08-19T16:34:56.375636787Z,2026-08-19T15:56:26Z,-0.179,X,sensor_data
,,0,2026-08-19T15:34:56.375636787Z,2026-08-19T16:34:56.375636787Z,2026-08-19T15:56:27Z,-0.18,X,sensor_data
,,0,2026-08-19T15:34:56.375636787Z,2026-08-19T16:34:56.375636787Z,2026-08-19T15:56:28Z,-0.179,X,sensor_data
,,0,2026-08-19T15:34:56.375636787Z,2026-08-19T16:34:56.375636787Z,2026-08-19T15:56:29Z,-0.18,X,sensor_data
,,0,2026-08-19T15:34:56.375636787Z,2026-08-19T16:34:56.375636787Z,2026-08-19T15:56:30Z,-0.179,X,sensor_data
,,0,2026-08-19T15:34:56.375636787Z,2026-08-19T16:34:56.375636787Z,2026-08-19T15:56:31Z,-0.177,X,sensor_data
,,0,2026-08-19T15:34:56.375636787Z,2026-08-19T16:34:56.375636787Z,2026-08-19T15:56:32Z,-0.18,X,sensor_data
,,0,2026-08-19T15:34:56.375636787Z,2026-08-19T16:34:56.375636787Z,2026-08-19T15:56:33Z,-0.18,X,sensor_data
,,0,2026-08-19T15:34:56.375636787Z,2026-08-19T16:34:56.375636787Z,2026-08-19T15:56:34Z,-0.179,X,sensor_data
,,0,2026-08-19T15:34:56.375636787Z,2026-08-19T16:34:56.375636787Z,2026-08-19T15:56:35Z,-0.179,X,sensor_data
,,0,2026-08-19T15:34:56.375636787Z,2026-08-19T16:34:56.375636787Z,2026-08-19T15:56:36Z,-0.179,X,sensor_data
,,0,2026-08-19T15:34:56.375636787Z,2026-08-19T16:34:56.375636787Z,2026-08-19T15:56:37Z,-0.179,X,sensor_data
,,0,2026-08-19T15:34:56.375636787Z,2026-08-19T16:34:56.375636787Z,2026-08-19T15:56:38Z,-0.179,X,sensor_data
,,0,2026-08-19T15:34:56.375636787Z,2026-08-19T16:34:56.375636787Z,2026-08-19T15:56:39Z,-0.18,X,sensor_data
,,0,2026-08-19T15:34:56.375636787Z,2026-08-19T16:34:56.375636787Z,2026-08-19T15:56:40Z,-0.179,X,sensor_data
,,0,2026-08-19T15:34:56.375636787Z,2026-08-19T16:34:56.375636787Z,2026-08-19T15:56:41Z,-0.178,X,sensor_data
,,0,2026-08-19T15:34:56.375636787Z,2026-08-19T16:34:56.375636787Z,2026-08-19T15:56:42Z,-0.18,X,sensor_data
,,0,2026-08-19T15:34:56.375636787Z,2026-08-19T16:34:56.375636787Z,2026-08-19T15:56:43Z,-0.179,X,sensor_data
,,0,2026-08-19T15:34:56.375636787Z,2026-08-19T16:34:56.375636787Z,2026-08-19T15:56:44Z,-0.179,X,sensor_data
,,0,2026-08-19T15:34:56.375636787Z,2026-08-19T16:34:56.375636787Z,2026-08-19T15:56:45Z,-0.179,X,sensor_data
,,0,2026-08-19T15:34:56.375636787Z,2026-08-19T16:34:56.375636787Z,2026-08-19T15:56:46Z,-0.18,X,sensor_data
,,0,2026-08-19T15:34:56.375636787Z,2026-08-19T16:34:56.375636787Z,2026-08-19T15:56:47Z,-0.179,X,sensor_data
,,0,2026-08-19T15:34:56.375636787Z,2026-08-19T16:34:56.375636787Z,2026-08-19T15:56:48Z,-0.18,X,sensor_data
,,0,2026-08-19T15:34:56.375636787Z,2026-08-19T16:34:56.375636787Z,2026-08-19T15:56:49Z,-0.18,X,sensor_data
,,0,2026-08-19T15:34:56.375636787Z,2026-08-19T16:34:56.375636787Z,2026-08-19T15:56:50Z,-0.179,X,sensor_data
,,0,2026-08-19T15:34:56.375636787Z,2026-08-19T16:34:56.375636787Z,2026-08-19T15:56:51Z,-0.18,X,sensor_data
,,0,2026-08-19T15:34:56.375636787Z,2026-08-19T16:34:56.375636787Z,2026-08-19T15:56:52Z,-0.179,X,sensor_data
,,0,2026-08-19T15:34:56.375636787Z,2026-08-19T16:34:56.375636787Z,2026-08-19T15:56:53Z,-0.18,X,sensor_data
,,0,2026-08-19T15:34:56.375636787Z,2026-08-19T16:34:56.375636787Z,2026-08-19T15:56:54Z,-0.178,X,sensor_data
,,0,2026-08-19T15:34:56.375636787Z,2026-08-19T16:34:56.375636787Z,2026-08-19T15:56:55Z,-0.18,X,sensor_data
,,0,2026-08-19T15:34:56.375636787Z,2026-08-19T16:34:56.375636787Z,2026-08-19T15:56:56Z,-0.18,X,sensor_data
,,0,2026-08-19T15:34:56.375636787Z,2026-08-19T16:34:56.375636787Z,2026-08-19T15:56:57Z,-0.18,X,sensor_data
,,0,2026-08-19T15:34:56.375636787Z,2026-08-19T16:34:56.375636787Z,2026-08-19T15:56:58Z,-0.179,X,sensor_data
,,0,2026-08-19T15:34:56.375636787Z,2026-08-19T16:34:56.375636787Z,2026-08-19T15:56:59Z,-0.179,X,sensor_data
,,0,2026-08-19T15:34:56.375636787Z,2026-08-19T16:34:56.375636787Z,2026-08-19T15:57:00Z,-0.179,X,sensor_data
,,0,2026-08-19T15:34:56.375636787Z,2026-08-19T16:34:56.375636787Z,2026-08-19T15:57:01Z,-0.18,X,sensor_data
,,0,2026-08-19T15:34:56.375636787Z,2026-08-19T16:34:56.375636787Z,2026-08-19T15:57:02Z,-0.18,X,sensor_data
,,0,2026-08-19T15:34:56.375636787Z,2026-08-19T16:34:56.375636787Z,2026-08-19T15:57:03Z,-0.18,X,sensor_data
,,0,2026-08-19T15:34:56.375636787Z,2026-08-19T16:34:56.375636787Z,2026-08-19T15:57:04Z,-0.18,X,sensor_data
,,0,2026-08-19T15:34:56.375636787Z,2026-08-19T16:34:56.375636787Z,2026-08-19T15:57:05Z,-0.18,X,sensor_data
,,0,2026-08-19T15:34:56.375636787Z,2026-08-19T16:34:56.375636787Z,2026-08-19T15:57:06Z,-0.18,X,sensor_data
,,0,2026-08-19T15:34:56.375636787Z,2026-08-19T16:34:56.375636787Z,2026-08-19T15:57:07Z,-0.18,X,sensor_data
,,0,2026-08-19T15:34:56.375636787Z,2026-08-19T16:34:56.375636787Z,2026-08-19T15:57:08Z,-0.179,X,sensor_data
,,0,2026-08-19T15:34:56.375636787Z,2026-08-19T16:34:56.375636787Z,2026-08-19T15:57:09Z,-0.179,X,sensor_data
,,0,2026-08-19T15:34:56.375636787Z,2026-08-19T16:34:56.375636787Z,2026-08-19T15:57:10Z,-0.179,X,sensor_data
,,0,2026-08-19T15:34:56.375636787Z,2026-08-19T16:34:56.375636787Z,2026-08-19T15:57:11Z,-0.179,X,sensor_data
,,0,2026-08-19T15:34:56.375636787Z,2026-08-19T16:34:56.375636787Z,2026-08-19T15:57:12Z,-0.179,X,sensor_data
,,0,2026-08-19T15:34:56.375636787Z,2026-08-19T16:34:56.375636787Z,2026-08-19T15:57:13Z,-0.18,X,sensor_data
,,0,2026-08-19T15:34:56.375636787Z,2026-08-19T16:34:56.375636787Z,2026-08-19T15:57:14Z,-0.18,X,sensor_data
,,0,2026-08-19T15:34:56.375636787Z,2026-08-19T16:34:56.375636787Z,2026-08-19T15:57:15Z,-0.179,X,sensor_data
,,0,2026-08-19T15:34:56.375636787Z,2026-08-19T16:34:56.375636787Z,2026-08-19T15:57:16Z,-0.179,X,sensor_data
,,0,2026-08-19T15:34:56.375636787Z,2026-08-19T16:34:56.375636787Z,2026-08-19T15:57:17Z,-0.18,X,sensor_data
,,0,2026-08-19T15:34:56.375636787Z,2026-08-19T16:34:56.375636787Z,2026-08-19T15:57:18Z,-0.179,X,sensor_data
,,0,2026-08-19T15:34:56.375636787Z,2026-08-19T16:34:56.375636787Z,2026-08-19T15:57:19Z,-0.18,X,sensor_data
,,0,2026-08-19T15:34:56.375636787Z,2026-08-19T16:34:56.375636787Z,2026-08-19T15:57:20Z,-0.18,X,sensor_data
,,0,2026-08-19T15:34:56.375636787Z,2026-08-19T16:34:56.375636787Z,2026-08-19T15:57:21Z,-0.179,X,sensor_data
,,0,2026-08-19T15:34:56.375636787Z,2026-08-19T16:34:56.375636787Z,2026-08-19T15:57:22Z,-0.18,X,sensor_data
,,0,2026-08-19T15:34:56.375636787Z,2026-08-19T16:34:56.375636787Z,2026-08-19T15:57:23Z,-0.179,X,sensor_data
,,0,2026-08-19T15:34:56.375636787Z,2026-08-19T16:34:56.375636787Z,2026-08-19T15:57:24Z,-0.18,X,sensor_data
,,0,2026-08-19T15:34:56.375636787Z,2026-08-19T16:34:56.375636787Z,2026-08-19T15:57:25Z,-0.181,X,sensor_data
,,0,2026-08-19T15:34:56.375636787Z,2026-08-19T16:34:56.375636787Z,2026-08-19T15:57:26Z,-0.18,X,sensor_data
,,0,2026-08-19T15:34:56.375636787Z,2026-08-19T16:34:56.375636787Z,2026-08-19T15:57:27Z,-0.18,X,sensor_data
,,0,2026-08-19T15:34:56.375636787Z,2026-08-19T16:34:56.375636787Z,2026-08-19T15:57:28Z,-0.179,X,sensor_data
,,0,2026-08-19T15:34:56.375636787Z,2026-08-19T16:34:56.375636787Z,2026-08-19T15:57:29Z,-0.18,X,sensor_data
,,0,2026-08-19T15:34:56.375636787Z,2026-08-19T16:34:56.375636787Z,2026-08-19T15:57:30Z,-0.179,X,sensor_data
,,0,2026-08-19T15:34:56.375636787Z,2026-08-19T16:34:56.375636787Z,2026-08-19T15:57:31Z,-0.18,X,sensor_data
,,0,2026-08-19T15:34:56.375636787Z,2026-08-19T16:34:56.375636787Z,2026-08-19T15:57:32Z,-0.18,X,sensor_data
,,0,2026-08-19T15:34:56.375636787Z,2026-08-19T16:34:56.375636787Z,2026-08-19T15:57:33Z,-0.18,X,sensor_data
,,0,2026-08-19T15:34:56.375636787Z,2026-08-19T16:34:56.375636787Z,2026-08-19T15:57:34Z,-0.18,X,sensor_data
,,0,2026-08-19T15:34:56.375636787Z,2026-08-19T16:34:56.375636787Z,2026-08-19T15:57:35Z,-0.179,X,sensor_data
,,0,2026-08-19T15:34:56.375636787Z,2026-08-19T16:34:56.375636787Z,2026-08-19T15:57:36Z,-0.18,X,sensor_data
,,0,2026-08-19T15:34:56.375636787Z,2026-08-19T16:34:56.375636787Z,2026-08-19T15:57:37Z,-0.18,X,sensor_data
,,0,2026-08-19T15:34:56.375636787Z,2026-08-19T16:34:56.375636787Z,2026-08-19T15:57:38Z,-0.181,X,sensor_data
,,0,2026-08-19T15:34:56.375636787Z,2026-08-19T16:34:56.375636787Z,2026-08-19T15:57:39Z,-0.18,X,sensor_data
,,0,2026-08-19T15:34:56.375636787Z,2026-08-19T16:34:56.375636787Z,2026-08-19T15:57:40Z,-0.18,X,sensor_data
,,0,2026-08-19T15:34:56.375636787Z,2026-08-19T16:34:56.375636787Z,2026-08-19T15:57:41Z,-0.18,X,sensor_data
,,0,2026-08-19T15:34:56.375636787Z,2026-08-19T16:34:56.375636787Z,2026-08-19T15:57:42Z,-0.179,X,sensor_data
,,0,2026-08-19T15:34:56.375636787Z,2026-08-19T16:34:56.375636787Z,2026-08-19T15:57:43Z,-0.179,X,sensor_data
,,0,2026-08-19T15:34:56.375636787Z,2026-08-19T16:34:56.375636787Z,2026-08-19T15:57:44Z,-0.18,X,sensor_data
,,0,2026-08-19T15:34:56.375636787Z,2026-08-19T16:34:56.375636787Z,2026-08-19T15:57:45Z,-0.179,X,sensor_data
,,0,2026-08-19T15:34:56.375636787Z,2026-08-19T16:34:56.375636787Z,2026-08-19T15:57:46Z,-0.179,X,sensor_data
,,0,2026-08-19T15:34:56.375636787Z,2026-08-19T16:34:56.375636787Z,2026-08-19T15:57:47Z,-0.18,X,sensor_data
,,0,2026-08-19T15:34:56.375636787Z,2026-08-19T16:34:56.375636787Z,2026-08-19T15:57:48Z,-0.179,X,sensor_data
,,0,2026-08-19T15:34:56.375636787Z,2026-08-19T16:34:56.375636787Z,2026-08-19T15:57:49Z,-0.18,X,sensor_data
,,0,2026-08-19T15:34:56.375636787Z,2026-08-19T16:34:56.375636787Z,2026-08-19T15:57:50Z,-0.18,X,sensor_data
,,0,2026-08-19T15:34:56.375636787Z,2026-08-19T16:34:56.375636787Z,2026-08-19T15:57:51Z,-0.179,X,sensor_data
,,0,2026-08-19T15:34:56.375636787Z,2026-08-19T16:34:56.375636787Z,2026-08-19T15:57:52Z,-0.18,X,sensor_data
,,0,2026-08-19T15:34:56.375636787Z,2026-08-19T16:34:56.375636787Z,2026-08-19T15:57:53Z,-0.18,X,sensor_data
,,0,2026-08-19T15:34:56.375636787Z,2026-08-19T16:34:56.375636787Z,2026-08-19T15:57:54Z,-0.18,X,sensor_data
,,0,2026-08-19T15:34:56.375636787Z,2026-08-19T16:34:56.375636787Z,2026-08-19T15:57:55Z,-0.18,X,sensor_data
,,0,2026-08-19T15:34:56.375636787Z,2026-08-19T16:34:56.375636787Z,2026-08-19T15:57:56Z,-0.179,X,sensor_data
,,0,2026-08-19T15:34:56.375636787Z,2026-08-19T16:34:56.375636787Z,2026-08-19T15:57:57Z,-0.18,X,sensor_data
,,0,2026-08-19T15:34:56.375636787Z,2026-08-19T16:34:56.375636787Z,2026-08-19T15:57:58Z,-0.18,X,sensor_data
,,0,2026-08-19T15:34:56.375636787Z,2026-08-19T16:34:56.375636787Z,2026-08-19T15:57:59Z,-0.18,X,sensor_data
,,0,2026-08-19T15:34:56.375636787Z,2026-08-19T16:34:56.375636787Z,2026-08-19T15:58:00Z,-0.18,X,sensor_data
,,0,2026-08-19T15:34:56.375636787Z,2026-08-19T16:34:56.375636787Z,2026-08-19T15:58:01Z,-0.18,X,sensor_data
,,0,2026-08-19T15:34:56.375636787Z,2026-08-19T16:34:56.375636787Z,2026-08-19T15:58:02Z,-0.18,X,sensor_data
,,0,2026-08-19T15:34:56.375636787Z,2026-08-19T16:34:56.375636787Z,2026-08-19T15:58:03Z,-0.18,X,sensor_data
,,0,2026-08-19T15:34:56.375636787Z,2026-08-19T16:34:56.375636787Z,2026-08-19T15:58:04Z,-0.18,X,sensor_data
,,0,2026-08-19T15:34:56.375636787Z,2026-08-19T16:34:56.375636787Z,2026-08-19T15:58:05Z,-0.181,X,sensor_data
,,0,2026-08-19T15:34:56.375636787Z,2026-08-19T16:34:56.375636787Z,2026-08-19T15:58:06Z,-0.18,X,sensor_data
,,0,2026-08-19T15:34:56.375636787Z,2026-08-19T16:34:56.375636787Z,2026-08-19T15:58:07Z,-0.179,X,sensor_data
,,0,2026-08-19T15:34:56.375636787Z,2026-08-19T16:34:56.375636787Z,2026-08-19T15:58:08Z,-0.18,X,sensor_data
,,0,2026-08-19T15:34:56.375636787Z,2026-08-19T16:34:56.375636787Z,2026-08-19T15:58:09Z,-0.18,X,sensor_data
,,0,2026-08-19T15:34:56.375636787Z,2026-08-19T16:34:56.375636787Z,2026-08-19T15:58:10Z,-0.179,X,sensor_data
,,0,2026-08-19T15:34:56.375636787Z,2026-08-19T16:34:56.375636787Z,2026-08-19T15:58:11Z,-0.18,X,sensor_data
,,0,2026-08-19T15:34:56.375636787Z,2026-08-19T16:34:56.375636787Z,2026-08-19T15:58:12Z,-0.18,X,sensor_data
,,0,2026-08-19T15:34:56.375636787Z,2026-08-19T16:34:56.375636787Z,2026-08-19T15:58:13Z,-0.18,X,sensor_data
,,0,2026-08-19T15:34:56.375636787Z,2026-08-19T16:34:56.375636787Z,2026-08-19T15:58:14Z,-0.179,X,sensor_data
,,0,2026-08-19T15:34:56.375636787Z,2026-08-19T16:34:56.375636787Z,2026-08-19T15:58:15Z,-0.181,X,sensor_data
,,0,2026-08-19T15:34:56.375636787Z,2026-08-19T16:34:56.375636787Z,2026-08-19T15:58:16Z,-0.18,X,sensor_data
,,0,2026-08-19T15:34:56.375636787Z,2026-08-19T16:34:56.375636787Z,2026-08-19T15:58:17Z,-0.18,X,sensor_data
,,0,2026-08-19T15:34:56.375636787Z,2026-08-19T16:34:56.375636787Z,2026-08-19T15:58:18Z,-0.181,X,sensor_data
,,0,2026-08-19T15:34:56.375636787Z,2026-08-19T16:34:56.375636787Z,2026-08-19T15:58:19Z,-0.18,X,sensor_data
,,0,2026-08-19T15:34:56.375636787Z,2026-08-19T16:34:56.375636787Z,2026-08-19T15:58:20Z,-0.18,X,sensor_data
,,0,2026-08-19T15:34:56.375636787Z,2026-08-19T16:34:56.375636787Z,2026-08-19T15:58:21Z,-0.181,X,sensor_data
,,0,2026-08-19T15:34:56.375636787Z,2026-08-19T16:34:56.375636787Z,2026-08-19T15:58:22Z,-0.18,X,sensor_data
,,0,2026-08-19T15:34:56.375636787Z,2026-08-19T16:34:56.375636787Z,2026-08-19T15:58:23Z,-0.18,X,sensor_data
,,0,2026-08-19T15:34:56.375636787Z,2026-08-19T16:34:56.375636787Z,2026-08-19T15:58:24Z,-0.18,X,sensor_data
,,0,2026-08-19T15:34:56.375636787Z,2026-08-19T16:34:56.375636787Z,2026-08-19T15:58:25Z,-0.18,X,sensor_data
,,0,2026-08-19T15:34:56.375636787Z,2026-08-19T16:34:56.375636787Z,2026-08-19T15:58:26Z,-0.178,X,sensor_data
,,0,2026-08-19T15:34:56.375636787Z,2026-08-19T16:34:56.375636787Z,2026-08-19T15:58:27Z,-0.181,X,sensor_data
,,0,2026-08-19T15:34:56.375636787Z,2026-08-19T16:34:56.375636787Z,2026-08-19T15:58:28Z,-0.18,X,sensor_data
,,0,2026-08-19T15:34:56.375636787Z,2026-08-19T16:34:56.375636787Z,2026-08-19T15:58:29Z,-0.181,X,sensor_data
,,0,2026-08-19T15:34:56.375636787Z,2026-08-19T16:34:56.375636787Z,2026-08-19T15:58:30Z,-0.18,X,sensor_data
,,0,2026-08-19T15:34:56.375636787Z,2026-08-19T16:34:56.375636787Z,2026-08-19T15:58:31Z,-0.18,X,sensor_data
,,0,2026-08-19T15:34:56.375636787Z,2026-08-19T16:34:56.375636787Z,2026-08-19T15:58:32Z,-0.18,X,sensor_data
,,0,2026-08-19T15:34:56.375636787Z,2026-08-19T16:34:56.375636787Z,2026-08-19T15:58:33Z,-0.18,X,sensor_data
,,0,2026-08-19T15:34:56.375636787Z,2026-08-19T16:34:56.375636787Z,2026-08-19T15:58:49Z,-0.18,X,sensor_data
,,0,2026-08-19T15:34:56.375636787Z,2026-08-19T16:34:56.375636787Z,2026-08-19T15:58:50Z,-0.18,X,sensor_data
,,0,2026-08-19T15:34:56.375636787Z,2026-08-19T16:34:56.375636787Z,2026-08-19T15:58:51Z,-0.179,X,sensor_data
,,0,2026-08-19T15:34:56.375636787Z,2026-08-19T16:34:56.375636787Z,2026-08-19T15:58:52Z,-0.18,X,sensor_data
,,0,2026-08-19T15:34:56.375636787Z,2026-08-19T16:34:56.375636787Z,2026-08-19T15:58:53Z,-0.18,X,sensor_data
,,0,2026-08-19T15:34:56.375636787Z,2026-08-19T16:34:56.375636787Z,2026-08-19T15:58:54Z,-0.179,X,sensor_data
,,0,2026-08-19T15:34:56.375636787Z,2026-08-19T16:34:56.375636787Z,2026-08-19T15:58:55Z,-0.18,X,sensor_data
,,0,2026-08-19T15:34:56.375636787Z,2026-08-19T16:34:56.375636787Z,2026-08-19T15:58:56Z,-0.18,X,sensor_data
,,0,2026-08-19T15:34:56.375636787Z,2026-08-19T16:34:56.375636787Z,2026-08-19T15:58:57Z,-0.181,X,sensor_data
,,0,2026-08-19T15:34:56.375636787Z,2026-08-19T16:34:56.375636787Z,2026-08-19T15:58:58Z,-0.18,X,sensor_data
,,0,2026-08-19T15:34:56.375636787Z,2026-08-19T16:34:56.375636787Z,2026-08-19T15:58:59Z,-0.18,X,sensor_data
,,0,2026-08-19T15:34:56.375636787Z,2026-08-19T16:34:56.375636787Z,2026-08-19T15:59:00Z,-0.18,X,sensor_data
,,0,2026-08-19T15:34:56.375636787Z,2026-08-19T16:34:56.375636787Z,2026-08-19T15:59:01Z,-0.176,X,sensor_data
,,0,2026-08-19T15:34:56.375636787Z,2026-08-19T16:34:56.375636787Z,2026-08-19T15:59:02Z,-0.182,X,sensor_data
,,0,2026-08-19T15:34:56.375636787Z,2026-08-19T16:34:56.375636787Z,2026-08-19T15:59:03Z,-0.178,X,sensor_data
,,0,2026-08-19T15:34:56.375636787Z,2026-08-19T16:34:56.375636787Z,2026-08-19T15:59:04Z,-0.18,X,sensor_data
,,0,2026-08-19T15:34:56.375636787Z,2026-08-19T16:34:56.375636787Z,2026-08-19T15:59:05Z,-0.181,X,sensor_data
,,0,2026-08-19T15:34:56.375636787Z,2026-08-19T16:34:56.375636787Z,2026-08-19T15:59:06Z,-0.181,X,sensor_data
,,0,2026-08-19T15:34:56.375636787Z,2026-08-19T16:34:56.375636787Z,2026-08-19T15:59:07Z,-0.18,X,sensor_data
,,0,2026-08-19T15:34:56.375636787Z,2026-08-19T16:34:56.375636787Z,2026-08-19T15:59:08Z,-0.179,X,sensor_data
,,0,2026-08-19T15:34:56.375636787Z,2026-08-19T16:34:56.375636787Z,2026-08-19T15:59:09Z,-0.179,X,sensor_data
,,0,2026-08-19T15:34:56.375636787Z,2026-08-19T16:34:56.375636787Z,2026-08-19T15:59:10Z,-0.181,X,sensor_data
,,0,2026-08-19T15:34:56.375636787Z,2026-08-19T16:34:56.375636787Z,2026-08-19T15:59:11Z,-0.181,X,sensor_data
,,0,2026-08-19T15:34:56.375636787Z,2026-08-19T16:34:56.375636787Z,2026-08-19T15:59:12Z,-0.176,X,sensor_data
,,0,2026-08-19T15:34:56.375636787Z,2026-08-19T16:34:56.375636787Z,2026-08-19T15:59:13Z,-0.184,X,sensor_data
,,0,2026-08-19T15:34:56.375636787Z,2026-08-19T16:34:56.375636787Z,2026-08-19T15:59:14Z,-0.179,X,sensor_data
,,0,2026-08-19T15:34:56.375636787Z,2026-08-19T16:34:56.375636787Z,2026-08-19T15:59:15Z,-0.179,X,sensor_data
,,0,2026-08-19T15:34:56.375636787Z,2026-08-19T16:34:56.375636787Z,2026-08-19T15:59:16Z,-0.178,X,sensor_data
,,0,2026-08-19T15:34:56.375636787Z,2026-08-19T16:34:56.375636787Z,2026-08-19T15:59:17Z,-0.177,X,sensor_data
,,0,2026-08-19T15:34:56.375636787Z,2026-08-19T16:34:56.375636787Z,2026-08-19T15:59:18Z,-0.18,X,sensor_data
,,0,2026-08-19T15:34:56.375636787Z,2026-08-19T16:34:56.375636787Z,2026-08-19T15:59:19Z,-0.18,X,sensor_data
,,0,2026-08-19T15:34:56.375636787Z,2026-08-19T16:34:56.375636787Z,2026-08-19T15:59:20Z,-0.18,X,sensor_data
,,0,2026-08-19T15:34:56.375636787Z,2026-08-19T16:34:56.375636787Z,2026-08-19T15:59:21Z,-0.18,X,sensor_data
,,0,2026-08-19T15:34:56.375636787Z,2026-08-19T16:34:56.375636787Z,2026-08-19T15:59:22Z,-0.18,X,sensor_data
,,0,2026-08-19T15:34:56.375636787Z,2026-08-19T16:34:56.375636787Z,2026-08-19T15:59:23Z,-0.179,X,sensor_data
,,0,2026-08-19T15:34:56.375636787Z,2026-08-19T16:34:56.375636787Z,2026-08-19T15:59:24Z,-0.18,X,sensor_data
,,0,2026-08-19T15:34:56.375636787Z,2026-08-19T16:34:56.375636787Z,2026-08-19T15:59:25Z,-0.181,X,sensor_data
,,0,2026-08-19T15:34:56.375636787Z,2026-08-19T16:34:56.375636787Z,2026-08-19T15:59:26Z,-0.18,X,sensor_data
,,0,2026-08-19T15:34:56.375636787Z,2026-08-19T16:34:56.375636787Z,2026-08-19T15:59:27Z,-0.179,X,sensor_data
,,0,2026-08-19T15:34:56.375636787Z,2026-08-19T16:34:56.375636787Z,2026-08-19T15:59:28Z,-0.18,X,sensor_data
,,0,2026-08-19T15:34:56.375636787Z,2026-08-19T16:34:56.375636787Z,2026-08-19T15:59:29Z,-0.182,X,sensor_data
,,0,2026-08-19T15:34:56.375636787Z,2026-08-19T16:34:56.375636787Z,2026-08-19T15:59:30Z,-0.181,X,sensor_data
,,0,2026-08-19T15:34:56.375636787Z,2026-08-19T16:34:56.375636787Z,2026-08-19T15:59:31Z,-0.18,X,sensor_data
,,0,2026-08-19T15:34:56.375636787Z,2026-08-19T16:34:56.375636787Z,2026-08-19T15:59:32Z,-0.18,X,sensor_data
,,0,2026-08-19T15:34:56.375636787Z,2026-08-19T16:34:56.375636787Z,2026-08-19T15:59:33Z,-0.181,X,sensor_data
,,0,2026-08-19T15:34:56.375636787Z,2026-08-19T16:34:56.375636787Z,2026-08-19T15:59:34Z,-0.181,X,sensor_data
,,0,2026-08-19T15:34:56.375636787Z,2026-08-19T16:34:56.375636787Z,2026-08-19T15:59:35Z,-0.181,X,sensor_data
,,0,2026-08-19T15:34:56.375636787Z,2026-08-19T16:34:56.375636787Z,2026-08-19T15:59:36Z,-0.18,X,sensor_data
,,0,2026-08-19T15:34:56.375636787Z,2026-08-19T16:34:56.375636787Z,2026-08-19T15:59:37Z,-0.183,X,sensor_data
,,0,2026-08-19T15:34:56.375636787Z,2026-08-19T16:34:56.375636787Z,2026-08-19T15:59:38Z,-0.181,X,sensor_data
,,0,2026-08-19T15:34:56.375636787Z,2026-08-19T16:34:56.375636787Z,2026-08-19T15:59:39Z,-0.18,X,sensor_data
,,0,2026-08-19T15:34:56.375636787Z,2026-08-19T16:34:56.375636787Z,2026-08-19T15:59:40Z,-0.194,X,sensor_data
,,0,2026-08-19T15:34:56.375636787Z,2026-08-19T16:34:56.375636787Z,2026-08-19T15:59:41Z,-0.181,X,sensor_data
,,0,2026-08-19T15:34:56.375636787Z,2026-08-19T16:34:56.375636787Z,2026-08-19T15:59:42Z,-0.181,X,sensor_data
,,0,2026-08-19T15:34:56.375636787Z,2026-08-19T16:34:56.375636787Z,2026-08-19T15:59:43Z,-0.18,X,sensor_data
,,0,2026-08-19T15:34:56.375636787Z,2026-08-19T16:34:56.375636787Z,2026-08-19T15:59:44Z,-0.18,X,sensor_data
,,0,2026-08-19T15:34:56.375636787Z,2026-08-19T16:34:56.375636787Z,2026-08-19T15:59:45Z,-0.18,X,sensor_data
,,0,2026-08-19T15:34:56.375636787Z,2026-08-19T16:34:56.375636787Z,2026-08-19T15:59:46Z,-0.181,X,sensor_data
,,0,2026-08-19T15:34:56.375636787Z,2026-08-19T16:34:56.375636787Z,2026-08-19T15:59:47Z,-0.18,X,sensor_data
,,0,2026-08-19T15:34:56.375636787Z,2026-08-19T16:34:56.375636787Z,2026-08-19T15:59:48Z,-0.18,X,sensor_data
,,0,2026-08-19T15:34:56.375636787Z,2026-08-19T16:34:56.375636787Z,2026-08-19T15:59:49Z,-0.18,X,sensor_data
,,0,2026-08-19T15:34:56.375636787Z,2026-08-19T16:34:56.375636787Z,2026-08-19T15:59:50Z,-0.18,X,sensor_data
,,0,2026-08-19T15:34:56.375636787Z,2026-08-19T16:34:56.375636787Z,2026-08-19T15:59:51Z,-0.18,X,sensor_data
,,0,2026-08-19T15:34:56.375636787Z,2026-08-19T16:34:56.375636787Z,2026-08-19T15:59:52Z,-0.18,X,sensor_data
,,0,2026-08-19T15:34:56.375636787Z,2026-08-19T16:34:56.375636787Z,2026-08-19T15:59:53Z,-0.18,X,sensor_data
,,0,2026-08-19T15:34:56.375636787Z,2026-08-19T16:34:56.375636787Z,2026-08-19T15:59:54Z,-0.18,X,sensor_data
,,0,2026-08-19T15:34:56.375636787Z,2026-08-19T16:34:56.375636787Z,2026-08-19T15:59:55Z,-0.18,X,sensor_data
,,0,2026-08-19T15:34:56.375636787Z,2026-08-19T16:34:56.375636787Z,2026-08-19T15:59:56Z,-0.18,X,sensor_data
,,0,2026-08-19T15:34:56.375636787Z,2026-08-19T16:34:56.375636787Z,2026-08-19T15:59:57Z,-0.18,X,sensor_data
,,0,2026-08-19T15:34:56.375636787Z,2026-08-19T16:34:56.375636787Z,2026-08-19T15:59:58Z,-0.18,X,sensor_data
,,0,2026-08-19T15:34:56.375636787Z,2026-08-19T16:34:56.375636787Z,2026-08-19T15:59:59Z,-0.18,X,sensor_data
,,0,2026-08-19T15:34:56.375636787Z,2026-08-19T16:34:56.375636787Z,2026-08-19T16:00:00Z,-0.18,X,sensor_data
,,0,2026-08-19T15:34:56.375636787Z,2026-08-19T16:34:56.375636787Z,2026-08-19T16:00:01Z,-0.18,X,sensor_data
,,0,2026-08-19T15:34:56.375636787Z,2026-08-19T16:34:56.375636787Z,2026-08-19T16:00:02Z,-0.18,X,sensor_data
,,0,2026-08-19T15:34:56.375636787Z,2026-08-19T16:34:56.375636787Z,2026-08-19T16:00:03Z,-0.18,X,sensor_data
,,0,2026-08-19T15:34:56.375636787Z,2026-08-19T16:34:56.375636787Z,2026-08-19T16:00:04Z,-0.18,X,sensor_data
,,0,2026-08-19T15:34:56.375636787Z,2026-08-19T16:34:56.375636787Z,2026-08-19T16:00:05Z,-0.181,X,sensor_data
,,0,2026-08-19T15:34:56.375636787Z,2026-08-19T16:34:56.375636787Z,2026-08-19T16:00:06Z,-0.181,X,sensor_data
,,0,2026-08-19T15:34:56.375636787Z,2026-08-19T16:34:56.375636787Z,2026-08-19T16:00:07Z,-0.18,X,sensor_data
,,0,2026-08-19T15:34:56.375636787Z,2026-08-19T16:34:56.375636787Z,2026-08-19T16:00:08Z,-0.18,X,sensor_data
,,0,2026-08-19T15:34:56.375636787Z,2026-08-19T16:34:56.375636787Z,2026-08-19T16:00:09Z,-0.18,X,sensor_data
,,0,2026-08-19T15:34:56.375636787Z,2026-08-19T16:34:56.375636787Z,2026-08-19T16:00:10Z,-0.18,X,sensor_data
,,0,2026-08-19T15:34:56.375636787Z,2026-08-19T16:34:56.375636787Z,2026-08-19T16:00:11Z,-0.18,X,sensor_data
,,0,2026-08-19T15:34:56.375636787Z,2026-08-19T16:34:56.375636787Z,2026-08-19T16:00:12Z,-0.181,X,sensor_data
,,0,2026-08-19T15:34:56.375636787Z,2026-08-19T16:34:56.375636787Z,2026-08-19T16:00:13Z,-0.181,X,sensor_data
,,0,2026-08-19T15:34:56.375636787Z,2026-08-19T16:34:56.375636787Z,2026-08-19T16:00:14Z,-0.18,X,sensor_data
,,0,2026-08-19T15:34:56.375636787Z,2026-08-19T16:34:56.375636787Z,2026-08-19T16:00:15Z,-0.18,X,sensor_data
,,0,2026-08-19T15:34:56.375636787Z,2026-08-19T16:34:56.375636787Z,2026-08-19T16:00:16Z,-0.181,X,sensor_data
,,0,2026-08-19T15:34:56.375636787Z,2026-08-19T16:34:56.375636787Z,2026-08-19T16:00:17Z,-0.18,X,sensor_data
,,0,2026-08-19T15:34:56.375636787Z,2026-08-19T16:34:56.375636787Z,2026-08-19T16:00:18Z,-0.179,X,sensor_data
,,0,2026-08-19T15:34:56.375636787Z,2026-08-19T16:34:56.375636787Z,2026-08-19T16:00:19Z,-0.181,X,sensor_data
,,0,2026-08-19T15:34:56.375636787Z,2026-08-19T16:34:56.375636787Z,2026-08-19T16:00:20Z,-0.18,X,sensor_data
,,0,2026-08-19T15:34:56.375636787Z,2026-08-19T16:34:56.375636787Z,2026-08-19T16:00:21Z,-0.18,X,sensor_data
,,0,2026-08-19T15:34:56.375636787Z,2026-08-19T16:34:56.375636787Z,2026-08-19T16:00:22Z,-0.181,X,sensor_data
,,0,2026-08-19T15:34:56.375636787Z,2026-08-19T16:34:56.375636787Z,2026-08-19T16:00:24Z,-0.18,X,sensor_data
,,0,2026-08-19T15:34:56.375636787Z,2026-08-19T16:34:56.375636787Z,2026-08-19T16:00:25Z,-0.179,X,sensor_data
,,0,2026-08-19T15:34:56.375636787Z,2026-08-19T16:34:56.375636787Z,2026-08-19T16:00:26Z,-0.18,X,sensor_data
,,0,2026-08-19T15:34:56.375636787Z,2026-08-19T16:34:56.375636787Z,2026-08-19T16:00:27Z,-0.18,X,sensor_data
,,0,2026-08-19T15:34:56.375636787Z,2026-08-19T16:34:56.375636787Z,2026-08-19T16:00:28Z,-0.18,X,sensor_data
,,0,2026-08-19T15:34:56.375636787Z,2026-08-19T16:34:56.375636787Z,2026-08-19T16:00:29Z,-0.18,X,sensor_data
,,0,2026-08-19T15:34:56.375636787Z,2026-08-19T16:34:56.375636787Z,2026-08-19T16:00:30Z,-0.181,X,sensor_data
,,0,2026-08-19T15:34:56.375636787Z,2026-08-19T16:34:56.375636787Z,2026-08-19T16:00:31Z,-0.179,X,sensor_data
,,0,2026-08-19T15:34:56.375636787Z,2026-08-19T16:34:56.375636787Z,2026-08-19T16:00:32Z,-0.179,X,sensor_data
,,0,2026-08-19T15:34:56.375636787Z,2026-08-19T16:34:56.375636787Z,2026-08-19T16:00:33Z,-0.18,X,sensor_data
,,0,2026-08-19T15:34:56.375636787Z,2026-08-19T16:34:56.375636787Z,2026-08-19T16:00:34Z,-0.18,X,sensor_data
,,0,2026-08-19T15:34:56.375636787Z,2026-08-19T16:34:56.375636787Z,2026-08-19T16:00:35Z,-0.181,X,sensor_data
,,0,2026-08-19T15:34:56.375636787Z,2026-08-19T16:34:56.375636787Z,2026-08-19T16:00:36Z,-0.18,X,sensor_data
,,0,2026-08-19T15:34:56.375636787Z,2026-08-19T16:34:56.375636787Z,2026-08-19T16:00:37Z,-0.18,X,sensor_data
,,0,2026-08-19T15:34:56.375636787Z,2026-08-19T16:34:56.375636787Z,2026-08-19T16:00:38Z,-0.18,X,sensor_data
,,0,2026-08-19T15:34:56.375636787Z,2026-08-19T16:34:56.375636787Z,2026-08-19T16:00:39Z,-0.181,X,sensor_data
,,0,2026-08-19T15:34:56.375636787Z,2026-08-19T16:34:56.375636787Z,2026-08-19T16:00:40Z,-0.182,X,sensor_data
,,0,2026-08-19T15:34:56.375636787Z,2026-08-19T16:34:56.375636787Z,2026-08-19T16:00:41Z,-0.18,X,sensor_data
,,0,2026-08-19T15:34:56.375636787Z,2026-08-19T16:34:56.375636787Z,2026-08-19T16:00:42Z,-0.18,X,sensor_data
,,0,2026-08-19T15:34:56.375636787Z,2026-08-19T16:34:56.375636787Z,2026-08-19T16:00:43Z,-0.181,X,sensor_data
,,0,2026-08-19T15:34:56.375636787Z,2026-08-19T16:34:56.375636787Z,2026-08-19T16:00:44Z,-0.18,X,sensor_data
,,0,2026-08-19T15:34:56.375636787Z,2026-08-19T16:34:56.375636787Z,2026-08-19T16:00:45Z,-0.181,X,sensor_data
,,0,2026-08-19T15:34:56.375636787Z,2026-08-19T16:34:56.375636787Z,2026-08-19T16:00:46Z,-0.181,X,sensor_data
,,0,2026-08-19T15:34:56.375636787Z,2026-08-19T16:34:56.375636787Z,2026-08-19T16:00:47Z,-0.18,X,sensor_data
,,0,2026-08-19T15:34:56.375636787Z,2026-08-19T16:34:56.375636787Z,2026-08-19T16:00:48Z,-0.18,X,sensor_data
,,0,2026-08-19T15:34:56.375636787Z,2026-08-19T16:34:56.375636787Z,2026-08-19T16:00:49Z,-0.18,X,sensor_data
,,0,2026-08-19T15:34:56.375636787Z,2026-08-19T16:34:56.375636787Z,2026-08-19T16:00:50Z,-0.181,X,sensor_data
,,0,2026-08-19T15:34:56.375636787Z,2026-08-19T16:34:56.375636787Z,2026-08-19T16:00:51Z,-0.18,X,sensor_data
,,0,2026-08-19T15:34:56.375636787Z,2026-08-19T16:34:56.375636787Z,2026-08-19T16:00:52Z,-0.18,X,sensor_data
,,0,2026-08-19T15:34:56.375636787Z,2026-08-19T16:34:56.375636787Z,2026-08-19T16:00:53Z,-0.18,X,sensor_data
,,0,2026-08-19T15:34:56.375636787Z,2026-08-19T16:34:56.375636787Z,2026-08-19T16:00:54Z,-0.18,X,sensor_data
,,0,2026-08-19T15:34:56.375636787Z,2026-08-19T16:34:56.375636787Z,2026-08-19T16:00:55Z,-0.18,X,sensor_data
,,0,2026-08-19T15:34:56.375636787Z,2026-08-19T16:34:56.375636787Z,2026-08-19T16:00:56Z,-0.18,X,sensor_data
,,0,2026-08-19T15:34:56.375636787Z,2026-08-19T16:34:56.375636787Z,2026-08-19T16:00:57Z,-0.18,X,sensor_data
,,0,2026-08-19T15:34:56.375636787Z,2026-08-19T16:34:56.375636787Z,2026-08-19T16:00:58Z,-0.18,X,sensor_data
,,0,2026-08-19T15:34:56.375636787Z,2026-08-19T16:34:56.375636787Z,2026-08-19T16:00:59Z,-0.18,X,sensor_data
,,0,2026-08-19T15:34:56.375636787Z,2026-08-19T16:34:56.375636787Z,2026-08-19T16:01:00Z,-0.18,X,sensor_data
,,0,2026-08-19T15:34:56.375636787Z,2026-08-19T16:34:56.375636787Z,2026-08-19T16:01:01Z,-0.18,X,sensor_data
,,0,2026-08-19T15:34:56.375636787Z,2026-08-19T16:34:56.375636787Z,2026-08-19T16:01:02Z,-0.18,X,sensor_data
,,0,2026-08-19T15:34:56.375636787Z,2026-08-19T16:34:56.375636787Z,2026-08-19T16:01:03Z,-0.181,X,sensor_data
,,0,2026-08-19T15:34:56.375636787Z,2026-08-19T16:34:56.375636787Z,2026-08-19T16:01:04Z,-0.18,X,sensor_data
,,0,2026-08-19T15:34:56.375636787Z,2026-08-19T16:34:56.375636787Z,2026-08-19T16:01:05Z,-0.18,X,sensor_data
,,0,2026-08-19T15:34:56.375636787Z,2026-08-19T16:34:56.375636787Z,2026-08-19T16:01:06Z,-0.181,X,sensor_data
,,0,2026-08-19T15:34:56.375636787Z,2026-08-19T16:34:56.375636787Z,2026-08-19T16:01:07Z,-0.181,X,sensor_data
,,0,2026-08-19T15:34:56.375636787Z,2026-08-19T16:34:56.375636787Z,2026-08-19T16:01:08Z,-0.18,X,sensor_data
,,0,2026-08-19T15:34:56.375636787Z,2026-08-19T16:34:56.375636787Z,2026-08-19T16:01:09Z,-0.18,X,sensor_data
,,0,2026-08-19T15:34:56.375636787Z,2026-08-19T16:34:56.375636787Z,2026-08-19T16:01:10Z,-0.18,X,sensor_data
,,0,2026-08-19T15:34:56.375636787Z,2026-08-19T16:34:56.375636787Z,2026-08-19T16:01:11Z,-0.182,X,sensor_data
,,0,2026-08-19T15:34:56.375636787Z,2026-08-19T16:34:56.375636787Z,2026-08-19T16:01:12Z,-0.18,X,sensor_data
,,0,2026-08-19T15:34:56.375636787Z,2026-08-19T16:34:56.375636787Z,2026-08-19T16:01:13Z,-0.18,X,sensor_data
,,0,2026-08-19T15:34:56.375636787Z,2026-08-19T16:34:56.375636787Z,2026-08-19T16:01:14Z,-0.181,X,sensor_data
,,0,2026-08-19T15:34:56.375636787Z,2026-08-19T16:34:56.375636787Z,2026-08-19T16:01:15Z,-0.18,X,sensor_data
,,0,2026-08-19T15:34:56.375636787Z,2026-08-19T16:34:56.375636787Z,2026-08-19T16:01:16Z,-0.18,X,sensor_data
,,0,2026-08-19T15:34:56.375636787Z,2026-08-19T16:34:56.375636787Z,2026-08-19T16:01:17Z,-0.18,X,sensor_data
,,0,2026-08-19T15:34:56.375636787Z,2026-08-19T16:34:56.375636787Z,2026-08-19T16:01:18Z,-0.181,X,sensor_data
,,0,2026-08-19T15:34:56.375636787Z,2026-08-19T16:34:56.375636787Z,2026-08-19T16:01:19Z,-0.18,X,sensor_data
,,0,2026-08-19T15:34:56.375636787Z,2026-08-19T16:34:56.375636787Z,2026-08-19T16:01:20Z,-0.18,X,sensor_data
,,0,2026-08-19T15:34:56.375636787Z,2026-08-19T16:34:56.375636787Z,2026-08-19T16:01:21Z,-0.181,X,sensor_data
,,0,2026-08-19T15:34:56.375636787Z,2026-08-19T16:34:56.375636787Z,2026-08-19T16:01:22Z,-0.179,X,sensor_data
,,0,2026-08-19T15:34:56.375636787Z,2026-08-19T16:34:56.375636787Z,2026-08-19T16:01:23Z,-0.18,X,sensor_data
,,0,2026-08-19T15:34:56.375636787Z,2026-08-19T16:34:56.375636787Z,2026-08-19T16:01:24Z,-0.18,X,sensor_data
,,0,2026-08-19T15:34:56.375636787Z,2026-08-19T16:34:56.375636787Z,2026-08-19T16:01:25Z,-0.187,X,sensor_data
,,0,2026-08-19T15:34:56.375636787Z,2026-08-19T16:34:56.375636787Z,2026-08-19T16:01:26Z,-0.181,X,sensor_data
,,0,2026-08-19T15:34:56.375636787Z,2026-08-19T16:34:56.375636787Z,2026-08-19T16:01:27Z,-0.18,X,sensor_data
,,0,2026-08-19T15:34:56.375636787Z,2026-08-19T16:34:56.375636787Z,2026-08-19T16:01:28Z,-0.181,X,sensor_data
,,0,2026-08-19T15:34:56.375636787Z,2026-08-19T16:34:56.375636787Z,2026-08-19T16:01:29Z,-0.18,X,sensor_data
,,0,2026-08-19T15:34:56.375636787Z,2026-08-19T16:34:56.375636787Z,2026-08-19T16:01:30Z,-0.18,X,sensor_data
,,0,2026-08-19T15:34:56.375636787Z,2026-08-19T16:34:56.375636787Z,2026-08-19T16:01:31Z,-0.181,X,sensor_data
,,0,2026-08-19T15:34:56.375636787Z,2026-08-19T16:34:56.375636787Z,2026-08-19T16:01:32Z,-0.181,X,sensor_data
,,0,2026-08-19T15:34:56.375636787Z,2026-08-19T16:34:56.375636787Z,2026-08-19T16:01:33Z,-0.178,X,sensor_data
,,0,2026-08-19T15:34:56.375636787Z,2026-08-19T16:34:56.375636787Z,2026-08-19T16:01:34Z,-0.181,X,sensor_data
,,0,2026-08-19T15:34:56.375636787Z,2026-08-19T16:34:56.375636787Z,2026-08-19T16:01:35Z,-0.179,X,sensor_data
,,0,2026-08-19T15:34:56.375636787Z,2026-08-19T16:34:56.375636787Z,2026-08-19T16:01:36Z,-0.18,X,sensor_data
,,0,2026-08-19T15:34:56.375636787Z,2026-08-19T16:34:56.375636787Z,2026-08-19T16:01:37Z,-0.181,X,sensor_data
,,0,2026-08-19T15:34:56.375636787Z,2026-08-19T16:34:56.375636787Z,2026-08-19T16:01:38Z,-0.182,X,sensor_data
,,0,2026-08-19T15:34:56.375636787Z,2026-08-19T16:34:56.375636787Z,2026-08-19T16:01:39Z,-0.18,X,sensor_data
,,0,2026-08-19T15:34:56.375636787Z,2026-08-19T16:34:56.375636787Z,2026-08-19T16:01:40Z,-0.18,X,sensor_data
,,0,2026-08-19T15:34:56.375636787Z,2026-08-19T16:34:56.375636787Z,2026-08-19T16:01:41Z,-0.181,X,sensor_data
,,0,2026-08-19T15:34:56.375636787Z,2026-08-19T16:34:56.375636787Z,2026-08-19T16:01:42Z,-0.179,X,sensor_data
,,0,2026-08-19T15:34:56.375636787Z,2026-08-19T16:34:56.375636787Z,2026-08-19T16:01:43Z,-0.18,X,sensor_data
,,0,2026-08-19T15:34:56.375636787Z,2026-08-19T16:34:56.375636787Z,2026-08-19T16:01:44Z,-0.18,X,sensor_data
,,0,2026-08-19T15:34:56.375636787Z,2026-08-19T16:34:56.375636787Z,2026-08-19T16:01:45Z,-0.178,X,sensor_data
,,0,2026-08-19T15:34:56.375636787Z,2026-08-19T16:34:56.375636787Z,2026-08-19T16:01:46Z,-0.181,X,sensor_data
,,0,2026-08-19T15:34:56.375636787Z,2026-08-19T16:34:56.375636787Z,2026-08-19T16:01:47Z,-0.179,X,sensor_data
,,0,2026-08-19T15:34:56.375636787Z,2026-08-19T16:34:56.375636787Z,2026-08-19T16:01:48Z,-0.18,X,sensor_data
,,0,2026-08-19T15:34:56.375636787Z,2026-08-19T16:34:56.375636787Z,2026-08-19T16:01:49Z,-0.18,X,sensor_data
,,0,2026-08-19T15:34:56.375636787Z,2026-08-19T16:34:56.375636787Z,2026-08-19T16:01:50Z,-0.182,X,sensor_data
,,0,2026-08-19T15:34:56.375636787Z,2026-08-19T16:34:56.375636787Z,2026-08-19T16:01:51Z,-0.181,X,sensor_data
,,0,2026-08-19T15:34:56.375636787Z,2026-08-19T16:34:56.375636787Z,2026-08-19T16:01:52Z,-0.181,X,sensor_data
,,0,2026-08-19T15:34:56.375636787Z,2026-08-19T16:34:56.375636787Z,2026-08-19T16:01:53Z,-0.18,X,sensor_data
,,0,2026-08-19T15:34:56.375636787Z,2026-08-19T16:34:56.375636787Z,2026-08-19T16:01:54Z,-0.182,X,sensor_data
,,0,2026-08-19T15:34:56.375636787Z,2026-08-19T16:34:56.375636787Z,2026-08-19T16:01:55Z,-0.179,X,sensor_data
,,0,2026-08-19T15:34:56.375636787Z,2026-08-19T16:34:56.375636787Z,2026-08-19T16:01:56Z,-0.181,X,sensor_data
,,0,2026-08-19T15:34:56.375636787Z,2026-08-19T16:34:56.375636787Z,2026-08-19T16:01:57Z,-0.18,X,sensor_data
,,0,2026-08-19T15:34:56.375636787Z,2026-08-19T16:34:56.375636787Z,2026-08-19T16:01:58Z,-0.18,X,sensor_data
,,0,2026-08-19T15:34:56.375636787Z,2026-08-19T16:34:56.375636787Z,2026-08-19T16:01:59Z,-0.181,X,sensor_data
,,0,2026-08-19T15:34:56.375636787Z,2026-08-19T16:34:56.375636787Z,2026-08-19T16:02:00Z,-0.181,X,sensor_data
,,0,2026-08-19T15:34:56.375636787Z,2026-08-19T16:34:56.375636787Z,2026-08-19T16:02:01Z,-0.18,X,sensor_data
,,0,2026-08-19T15:34:56.375636787Z,2026-08-19T16:34:56.375636787Z,2026-08-19T16:02:02Z,-0.181,X,sensor_data
,,0,2026-08-19T15:34:56.375636787Z,2026-08-19T16:34:56.375636787Z,2026-08-19T16:02:03Z,-0.181,X,sensor_data
,,0,2026-08-19T15:34:56.375636787Z,2026-08-19T16:34:56.375636787Z,2026-08-19T16:02:04Z,-0.18,X,sensor_data
,,0,2026-08-19T15:34:56.375636787Z,2026-08-19T16:34:56.375636787Z,2026-08-19T16:02:05Z,-0.18,X,sensor_data
,,0,2026-08-19T15:34:56.375636787Z,2026-08-19T16:34:56.375636787Z,2026-08-19T16:02:06Z,-0.179,X,sensor_data
,,0,2026-08-19T15:34:56.375636787Z,2026-08-19T16:34:56.375636787Z,2026-08-19T16:02:07Z,-0.18,X,sensor_data
,,0,2026-08-19T15:34:56.375636787Z,2026-08-19T16:34:56.375636787Z,2026-08-19T16:02:08Z,-0.18,X,sensor_data
,,0,2026-08-19T15:34:56.375636787Z,2026-08-19T16:34:56.375636787Z,2026-08-19T16:02:09Z,-0.18,X,sensor_data
,,0,2026-08-19T15:34:56.375636787Z,2026-08-19T16:34:56.375636787Z,2026-08-19T16:02:10Z,-0.179,X,sensor_data
,,0,2026-08-19T15:34:56.375636787Z,2026-08-19T16:34:56.375636787Z,2026-08-19T16:02:11Z,-0.183,X,sensor_data
,,0,2026-08-19T15:34:56.375636787Z,2026-08-19T16:34:56.375636787Z,2026-08-19T16:02:12Z,-0.179,X,sensor_data
,,0,2026-08-19T15:34:56.375636787Z,2026-08-19T16:34:56.375636787Z,2026-08-19T16:02:13Z,-0.181,X,sensor_data
,,0,2026-08-19T15:34:56.375636787Z,2026-08-19T16:34:56.375636787Z,2026-08-19T16:02:14Z,-0.181,X,sensor_data
,,0,2026-08-19T15:34:56.375636787Z,2026-08-19T16:34:56.375636787Z,2026-08-19T16:02:15Z,-0.182,X,sensor_data
,,0,2026-08-19T15:34:56.375636787Z,2026-08-19T16:34:56.375636787Z,2026-08-19T16:02:16Z,-0.181,X,sensor_data
,,0,2026-08-19T15:34:56.375636787Z,2026-08-19T16:34:56.375636787Z,2026-08-19T16:02:17Z,-0.179,X,sensor_data
,,0,2026-08-19T15:34:56.375636787Z,2026-08-19T16:34:56.375636787Z,2026-08-19T16:02:18Z,-0.184,X,sensor_data
,,0,2026-08-19T15:34:56.375636787Z,2026-08-19T16:34:56.375636787Z,2026-08-19T16:02:19Z,-0.18,X,sensor_data
,,0,2026-08-19T15:34:56.375636787Z,2026-08-19T16:34:56.375636787Z,2026-08-19T16:02:20Z,-0.18,X,sensor_data
,,0,2026-08-19T15:34:56.375636787Z,2026-08-19T16:34:56.375636787Z,2026-08-19T16:02:21Z,-0.181,X,sensor_data
,,0,2026-08-19T15:34:56.375636787Z,2026-08-19T16:34:56.375636787Z,2026-08-19T16:02:22Z,-0.181,X,sensor_data
,,0,2026-08-19T15:34:56.375636787Z,2026-08-19T16:34:56.375636787Z,2026-08-19T16:02:23Z,-0.18,X,sensor_data
,,0,2026-08-19T15:34:56.375636787Z,2026-08-19T16:34:56.375636787Z,2026-08-19T16:02:24Z,-0.181,X,sensor_data
,,0,2026-08-19T15:34:56.375636787Z,2026-08-19T16:34:56.375636787Z,2026-08-19T16:02:25Z,-0.181,X,sensor_data
,,0,2026-08-19T15:34:56.375636787Z,2026-08-19T16:34:56.375636787Z,2026-08-19T16:02:26Z,-0.18,X,sensor_data
,,0,2026-08-19T15:34:56.375636787Z,2026-08-19T16:34:56.375636787Z,2026-08-19T16:02:27Z,-0.18,X,sensor_data
,,0,2026-08-19T15:34:56.375636787Z,2026-08-19T16:34:56.375636787Z,2026-08-19T16:02:28Z,-0.182,X,sensor_data
,,0,2026-08-19T15:34:56.375636787Z,2026-08-19T16:34:56.375636787Z,2026-08-19T16:02:29Z,-0.181,X,sensor_data
,,0,2026-08-19T15:34:56.375636787Z,2026-08-19T16:34:56.375636787Z,2026-08-19T16:02:30Z,-0.18,X,sensor_data
,,0,2026-08-19T15:34:56.375636787Z,2026-08-19T16:34:56.375636787Z,2026-08-19T16:02:31Z,-0.181,X,sensor_data
,,0,2026-08-19T15:34:56.375636787Z,2026-08-19T16:34:56.375636787Z,2026-08-19T16:02:32Z,-0.18,X,sensor_data
,,0,2026-08-19T15:34:56.375636787Z,2026-08-19T16:34:56.375636787Z,2026-08-19T16:02:33Z,-0.18,X,sensor_data
,,0,2026-08-19T15:34:56.375636787Z,2026-08-19T16:34:56.375636787Z,2026-08-19T16:02:34Z,-0.18,X,sensor_data
,,0,2026-08-19T15:34:56.375636787Z,2026-08-19T16:34:56.375636787Z,2026-08-19T16:02:35Z,-0.181,X,sensor_data
,,0,2026-08-19T15:34:56.375636787Z,2026-08-19T16:34:56.375636787Z,2026-08-19T16:02:36Z,-0.181,X,sensor_data
,,0,2026-08-19T15:34:56.375636787Z,2026-08-19T16:34:56.375636787Z,2026-08-19T16:02:37Z,-0.18,X,sensor_data
,,0,2026-08-19T15:34:56.375636787Z,2026-08-19T16:34:56.375636787Z,2026-08-19T16:02:38Z,-0.18,X,sensor_data
,,0,2026-08-19T15:34:56.375636787Z,2026-08-19T16:34:56.375636787Z,2026-08-19T16:02:39Z,-0.18,X,sensor_data
,,0,2026-08-19T15:34:56.375636787Z,2026-08-19T16:34:56.375636787Z,2026-08-19T16:02:40Z,-0.182,X,sensor_data
,,0,2026-08-19T15:34:56.375636787Z,2026-08-19T16:34:56.375636787Z,2026-08-19T16:02:41Z,-0.18,X,sensor_data
,,0,2026-08-19T15:34:56.375636787Z,2026-08-19T16:34:56.375636787Z,2026-08-19T16:02:42Z,-0.181,X,sensor_data
,,0,2026-08-19T15:34:56.375636787Z,2026-08-19T16:34:56.375636787Z,2026-08-19T16:02:43Z,-0.18,X,sensor_data
,,0,2026-08-19T15:34:56.375636787Z,2026-08-19T16:34:56.375636787Z,2026-08-19T16:02:44Z,-0.18,X,sensor_data
,,0,2026-08-19T15:34:56.375636787Z,2026-08-19T16:34:56.375636787Z,2026-08-19T16:02:45Z,-0.182,X,sensor_data
,,0,2026-08-19T15:34:56.375636787Z,2026-08-19T16:34:56.375636787Z,2026-08-19T16:02:46Z,-0.178,X,sensor_data
,,0,2026-08-19T15:34:56.375636787Z,2026-08-19T16:34:56.375636787Z,2026-08-19T16:02:47Z,-0.18,X,sensor_data
,,0,2026-08-19T15:34:56.375636787Z,2026-08-19T16:34:56.375636787Z,2026-08-19T16:02:48Z,-0.176,X,sensor_data
,,0,2026-08-19T15:34:56.375636787Z,2026-08-19T16:34:56.375636787Z,2026-08-19T16:02:49Z,-0.181,X,sensor_data
,,0,2026-08-19T15:34:56.375636787Z,2026-08-19T16:34:56.375636787Z,2026-08-19T16:02:50Z,-0.18,X,sensor_data
,,0,2026-08-19T15:34:56.375636787Z,2026-08-19T16:34:56.375636787Z,2026-08-19T16:02:51Z,-0.18,X,sensor_data
,,0,2026-08-19T15:34:56.375636787Z,2026-08-19T16:34:56.375636787Z,2026-08-19T16:02:52Z,-0.18,X,sensor_data
,,0,2026-08-19T15:34:56.375636787Z,2026-08-19T16:34:56.375636787Z,2026-08-19T16:02:53Z,-0.18,X,sensor_data
,,0,2026-08-19T15:34:56.375636787Z,2026-08-19T16:34:56.375636787Z,2026-08-19T16:02:54Z,-0.181,X,sensor_data
,,0,2026-08-19T15:34:56.375636787Z,2026-08-19T16:34:56.375636787Z,2026-08-19T16:02:55Z,-0.182,X,sensor_data
,,0,2026-08-19T15:34:56.375636787Z,2026-08-19T16:34:56.375636787Z,2026-08-19T16:02:56Z,-0.181,X,sensor_data
,,0,2026-08-19T15:34:56.375636787Z,2026-08-19T16:34:56.375636787Z,2026-08-19T16:02:57Z,-0.181,X,sensor_data
,,0,2026-08-19T15:34:56.375636787Z,2026-08-19T16:34:56.375636787Z,2026-08-19T16:02:58Z,-0.183,X,sensor_data
,,0,2026-08-19T15:34:56.375636787Z,2026-08-19T16:34:56.375636787Z,2026-08-19T16:02:59Z,-0.181,X,sensor_data
,,0,2026-08-19T15:34:56.375636787Z,2026-08-19T16:34:56.375636787Z,2026-08-19T16:03:00Z,-0.18,X,sensor_data
,,0,2026-08-19T15:34:56.375636787Z,2026-08-19T16:34:56.375636787Z,2026-08-19T16:03:01Z,-0.18,X,sensor_data
,,0,2026-08-19T15:34:56.375636787Z,2026-08-19T16:34:56.375636787Z,2026-08-19T16:03:02Z,-0.184,X,sensor_data
,,0,2026-08-19T15:34:56.375636787Z,2026-08-19T16:34:56.375636787Z,2026-08-19T16:03:03Z,-0.181,X,sensor_data
,,0,2026-08-19T15:34:56.375636787Z,2026-08-19T16:34:56.375636787Z,2026-08-19T16:03:04Z,-0.18,X,sensor_data
,,0,2026-08-19T15:34:56.375636787Z,2026-08-19T16:34:56.375636787Z,2026-08-19T16:03:05Z,-0.178,X,sensor_data
,,0,2026-08-19T15:34:56.375636787Z,2026-08-19T16:34:56.375636787Z,2026-08-19T16:03:06Z,-0.183,X,sensor_data
,,0,2026-08-19T15:34:56.375636787Z,2026-08-19T16:34:56.375636787Z,2026-08-19T16:03:07Z,-0.173,X,sensor_data
,,0,2026-08-19T15:34:56.375636787Z,2026-08-19T16:34:56.375636787Z,2026-08-19T16:03:08Z,-0.182,X,sensor_data
,,0,2026-08-19T15:34:56.375636787Z,2026-08-19T16:34:56.375636787Z,2026-08-19T16:03:09Z,-0.18,X,sensor_data
,,0,2026-08-19T15:34:56.375636787Z,2026-08-19T16:34:56.375636787Z,2026-08-19T16:03:10Z,-0.18,X,sensor_data
,,0,2026-08-19T15:34:56.375636787Z,2026-08-19T16:34:56.375636787Z,2026-08-19T16:03:11Z,-0.179,X,sensor_data
,,0,2026-08-19T15:34:56.375636787Z,2026-08-19T16:34:56.375636787Z,2026-08-19T16:03:12Z,-0.181,X,sensor_data
,,0,2026-08-19T15:34:56.375636787Z,2026-08-19T16:34:56.375636787Z,2026-08-19T16:03:13Z,-0.183,X,sensor_data
,,0,2026-08-19T15:34:56.375636787Z,2026-08-19T16:34:56.375636787Z,2026-08-19T16:03:14Z,-0.18,X,sensor_data
,,0,2026-08-19T15:34:56.375636787Z,2026-08-19T16:34:56.375636787Z,2026-08-19T16:03:15Z,-0.182,X,sensor_data
,,0,2026-08-19T15:34:56.375636787Z,2026-08-19T16:34:56.375636787Z,2026-08-19T16:03:16Z,-0.179,X,sensor_data
,,0,2026-08-19T15:34:56.375636787Z,2026-08-19T16:34:56.375636787Z,2026-08-19T16:03:17Z,-0.18,X,sensor_data
,,0,2026-08-19T15:34:56.375636787Z,2026-08-19T16:34:56.375636787Z,2026-08-19T16:03:18Z,-0.181,X,sensor_data
,,0,2026-08-19T15:34:56.375636787Z,2026-08-19T16:34:56.375636787Z,2026-08-19T16:03:19Z,-0.181,X,sensor_data
,,0,2026-08-19T15:34:56.375636787Z,2026-08-19T16:34:56.375636787Z,2026-08-19T16:03:20Z,-0.183,X,sensor_data
,,0,2026-08-19T15:34:56.375636787Z,2026-08-19T16:34:56.375636787Z,2026-08-19T16:03:21Z,-0.181,X,sensor_data
,,0,2026-08-19T15:34:56.375636787Z,2026-08-19T16:34:56.375636787Z,2026-08-19T16:03:22Z,-0.179,X,sensor_data
,,0,2026-08-19T15:34:56.375636787Z,2026-08-19T16:34:56.375636787Z,2026-08-19T16:03:23Z,-0.18,X,sensor_data
,,0,2026-08-19T15:34:56.375636787Z,2026-08-19T16:34:56.375636787Z,2026-08-19T16:03:24Z,-0.18,X,sensor_data
,,0,2026-08-19T15:34:56.375636787Z,2026-08-19T16:34:56.375636787Z,2026-08-19T16:03:25Z,-0.181,X,sensor_data
,,0,2026-08-19T15:34:56.375636787Z,2026-08-19T16:34:56.375636787Z,2026-08-19T16:03:26Z,-0.181,X,sensor_data
,,0,2026-08-19T15:34:56.375636787Z,2026-08-19T16:34:56.375636787Z,2026-08-19T16:03:27Z,-0.18,X,sensor_data
,,0,2026-08-19T15:34:56.375636787Z,2026-08-19T16:34:56.375636787Z,2026-08-19T16:03:28Z,-0.179,X,sensor_data
,,0,2026-08-19T15:34:56.375636787Z,2026-08-19T16:34:56.375636787Z,2026-08-19T16:03:29Z,-0.176,X,sensor_data
,,0,2026-08-19T15:34:56.375636787Z,2026-08-19T16:34:56.375636787Z,2026-08-19T16:03:30Z,-0.18,X,sensor_data
,,0,2026-08-19T15:34:56.375636787Z,2026-08-19T16:34:56.375636787Z,2026-08-19T16:03:31Z,-0.175,X,sensor_data
,,0,2026-08-19T15:34:56.375636787Z,2026-08-19T16:34:56.375636787Z,2026-08-19T16:03:32Z,-0.181,X,sensor_data
,,0,2026-08-19T15:34:56.375636787Z,2026-08-19T16:34:56.375636787Z,2026-08-19T16:03:33Z,-0.18,X,sensor_data
,,0,2026-08-19T15:34:56.375636787Z,2026-08-19T16:34:56.375636787Z,2026-08-19T16:03:34Z,-0.18,X,sensor_data
,,0,2026-08-19T15:34:56.375636787Z,2026-08-19T16:34:56.375636787Z,2026-08-19T16:03:35Z,-0.181,X,sensor_data
,,0,2026-08-19T15:34:56.375636787Z,2026-08-19T16:34:56.375636787Z,2026-08-19T16:03:36Z,-0.181,X,sensor_data
,,0,2026-08-19T15:34:56.375636787Z,2026-08-19T16:34:56.375636787Z,2026-08-19T16:03:37Z,-0.181,X,sensor_data
,,0,2026-08-19T15:34:56.375636787Z,2026-08-19T16:34:56.375636787Z,2026-08-19T16:03:38Z,-0.182,X,sensor_data
,,0,2026-08-19T15:34:56.375636787Z,2026-08-19T16:34:56.375636787Z,2026-08-19T16:03:39Z,-0.18,X,sensor_data
,,0,2026-08-19T15:34:56.375636787Z,2026-08-19T16:34:56.375636787Z,2026-08-19T16:03:40Z,-0.18,X,sensor_data
,,0,2026-08-19T15:34:56.375636787Z,2026-08-19T16:34:56.375636787Z,2026-08-19T16:03:41Z,-0.183,X,sensor_data
,,0,2026-08-19T15:34:56.375636787Z,2026-08-19T16:34:56.375636787Z,2026-08-19T16:03:42Z,-0.179,X,sensor_data
,,0,2026-08-19T15:34:56.375636787Z,2026-08-19T16:34:56.375636787Z,2026-08-19T16:03:43Z,-0.18,X,sensor_data
,,0,2026-08-19T15:34:56.375636787Z,2026-08-19T16:34:56.375636787Z,2026-08-19T16:03:44Z,-0.18,X,sensor_data
,,0,2026-08-19T15:34:56.375636787Z,2026-08-19T16:34:56.375636787Z,2026-08-19T16:03:45Z,-0.181,X,sensor_data
,,0,2026-08-19T15:34:56.375636787Z,2026-08-19T16:34:56.375636787Z,2026-08-19T16:03:46Z,-0.173,X,sensor_data
,,0,2026-08-19T15:34:56.375636787Z,2026-08-19T16:34:56.375636787Z,2026-08-19T16:03:47Z,-0.18,X,sensor_data
,,0,2026-08-19T15:34:56.375636787Z,2026-08-19T16:34:56.375636787Z,2026-08-19T16:03:48Z,-0.18,X,sensor_data
,,0,2026-08-19T15:34:56.375636787Z,2026-08-19T16:34:56.375636787Z,2026-08-19T16:03:49Z,-0.18,X,sensor_data
,,0,2026-08-19T15:34:56.375636787Z,2026-08-19T16:34:56.375636787Z,2026-08-19T16:03:50Z,-0.179,X,sensor_data
,,0,2026-08-19T15:34:56.375636787Z,2026-08-19T16:34:56.375636787Z,2026-08-19T16:03:51Z,-0.18,X,sensor_data
,,0,2026-08-19T15:34:56.375636787Z,2026-08-19T16:34:56.375636787Z,2026-08-19T16:03:52Z,-0.181,X,sensor_data
,,0,2026-08-19T15:34:56.375636787Z,2026-08-19T16:34:56.375636787Z,2026-08-19T16:03:53Z,-0.18,X,sensor_data
,,0,2026-08-19T15:34:56.375636787Z,2026-08-19T16:34:56.375636787Z,2026-08-19T16:03:54Z,-0.178,X,sensor_data
,,0,2026-08-19T15:34:56.375636787Z,2026-08-19T16:34:56.375636787Z,2026-08-19T16:03:55Z,-0.18,X,sensor_data
,,0,2026-08-19T15:34:56.375636787Z,2026-08-19T16:34:56.375636787Z,2026-08-19T16:03:56Z,-0.181,X,sensor_data
,,0,2026-08-19T15:34:56.375636787Z,2026-08-19T16:34:56.375636787Z,2026-08-19T16:03:57Z,-0.18,X,sensor_data
,,0,2026-08-19T15:34:56.375636787Z,2026-08-19T16:34:56.375636787Z,2026-08-19T16:03:58Z,-0.179,X,sensor_data
,,0,2026-08-19T15:34:56.375636787Z,2026-08-19T16:34:56.375636787Z,2026-08-19T16:03:59Z,-0.18,X,sensor_data
,,0,2026-08-19T15:34:56.375636787Z,2026-08-19T16:34:56.375636787Z,2026-08-19T16:04:00Z,-0.181,X,sensor_data
,,0,2026-08-19T15:34:56.375636787Z,2026-08-19T16:34:56.375636787Z,2026-08-19T16:04:01Z,-0.181,X,sensor_data
,,0,2026-08-19T15:34:56.375636787Z,2026-08-19T16:34:56.375636787Z,2026-08-19T16:04:02Z,-0.181,X,sensor_data
,,0,2026-08-19T15:34:56.375636787Z,2026-08-19T16:34:56.375636787Z,2026-08-19T16:04:03Z,-0.181,X,sensor_data
,,0,2026-08-19T15:34:56.375636787Z,2026-08-19T16:34:56.375636787Z,2026-08-19T16:04:04Z,-0.181,X,sensor_data
,,0,2026-08-19T15:34:56.375636787Z,2026-08-19T16:34:56.375636787Z,2026-08-19T16:04:05Z,-0.181,X,sensor_data
,,0,2026-08-19T15:34:56.375636787Z,2026-08-19T16:34:56.375636787Z,2026-08-19T16:04:06Z,-0.18,X,sensor_data
,,0,2026-08-19T15:34:56.375636787Z,2026-08-19T16:34:56.375636787Z,2026-08-19T16:04:07Z,-0.183,X,sensor_data
,,0,2026-08-19T15:34:56.375636787Z,2026-08-19T16:34:56.375636787Z,2026-08-19T16:04:08Z,-0.178,X,sensor_data
,,0,2026-08-19T15:34:56.375636787Z,2026-08-19T16:34:56.375636787Z,2026-08-19T16:04:09Z,-0.18,X,sensor_data
,,0,2026-08-19T15:34:56.375636787Z,2026-08-19T16:34:56.375636787Z,2026-08-19T16:04:10Z,-0.177,X,sensor_data
,,0,2026-08-19T15:34:56.375636787Z,2026-08-19T16:34:56.375636787Z,2026-08-19T16:04:11Z,-0.182,X,sensor_data
,,0,2026-08-19T15:34:56.375636787Z,2026-08-19T16:34:56.375636787Z,2026-08-19T16:04:12Z,-0.181,X,sensor_data
,,0,2026-08-19T15:34:56.375636787Z,2026-08-19T16:34:56.375636787Z,2026-08-19T16:04:13Z,-0.179,X,sensor_data
,,0,2026-08-19T15:34:56.375636787Z,2026-08-19T16:34:56.375636787Z,2026-08-19T16:04:14Z,-0.181,X,sensor_data
,,0,2026-08-19T15:34:56.375636787Z,2026-08-19T16:34:56.375636787Z,2026-08-19T16:04:15Z,-0.178,X,sensor_data
,,0,2026-08-19T15:34:56.375636787Z,2026-08-19T16:34:56.375636787Z,2026-08-19T16:04:16Z,-0.179,X,sensor_data
,,0,2026-08-19T15:34:56.375636787Z,2026-08-19T16:34:56.375636787Z,2026-08-19T16:04:17Z,-0.181,X,sensor_data
,,0,2026-08-19T15:34:56.375636787Z,2026-08-19T16:34:56.375636787Z,2026-08-19T16:04:18Z,-0.182,X,sensor_data
,,0,2026-08-19T15:34:56.375636787Z,2026-08-19T16:34:56.375636787Z,2026-08-19T16:04:19Z,-0.18,X,sensor_data
,,0,2026-08-19T15:34:56.375636787Z,2026-08-19T16:34:56.375636787Z,2026-08-19T16:04:20Z,-0.181,X,sensor_data
,,0,2026-08-19T15:34:56.375636787Z,2026-08-19T16:34:56.375636787Z,2026-08-19T16:04:21Z,-0.181,X,sensor_data
,,0,2026-08-19T15:34:56.375636787Z,2026-08-19T16:34:56.375636787Z,2026-08-19T16:04:22Z,-0.18,X,sensor_data
,,0,2026-08-19T15:34:56.375636787Z,2026-08-19T16:34:56.375636787Z,2026-08-19T16:04:23Z,-0.18,X,sensor_data
,,0,2026-08-19T15:34:56.375636787Z,2026-08-19T16:34:56.375636787Z,2026-08-19T16:04:24Z,-0.18,X,sensor_data
,,0,2026-08-19T15:34:56.375636787Z,2026-08-19T16:34:56.375636787Z,2026-08-19T16:04:25Z,-0.181,X,sensor_data
,,0,2026-08-19T15:34:56.375636787Z,2026-08-19T16:34:56.375636787Z,2026-08-19T16:04:26Z,-0.181,X,sensor_data
,,0,2026-08-19T15:34:56.375636787Z,2026-08-19T16:34:56.375636787Z,2026-08-19T16:04:27Z,-0.18,X,sensor_data
,,0,2026-08-19T15:34:56.375636787Z,2026-08-19T16:34:56.375636787Z,2026-08-19T16:04:28Z,-0.18,X,sensor_data
,,0,2026-08-19T15:34:56.375636787Z,2026-08-19T16:34:56.375636787Z,2026-08-19T16:04:29Z,-0.182,X,sensor_data
,,0,2026-08-19T15:34:56.375636787Z,2026-08-19T16:34:56.375636787Z,2026-08-19T16:04:30Z,-0.18,X,sensor_data
,,0,2026-08-19T15:34:56.375636787Z,2026-08-19T16:34:56.375636787Z,2026-08-19T16:04:31Z,-0.181,X,sensor_data
,,0,2026-08-19T15:34:56.375636787Z,2026-08-19T16:34:56.375636787Z,2026-08-19T16:04:32Z,-0.182,X,sensor_data
,,0,2026-08-19T15:34:56.375636787Z,2026-08-19T16:34:56.375636787Z,2026-08-19T16:04:33Z,-0.181,X,sensor_data
,,0,2026-08-19T15:34:56.375636787Z,2026-08-19T16:34:56.375636787Z,2026-08-19T16:04:34Z,-0.181,X,sensor_data
,,0,2026-08-19T15:34:56.375636787Z,2026-08-19T16:34:56.375636787Z,2026-08-19T16:04:35Z,-0.18,X,sensor_data
,,0,2026-08-19T15:34:56.375636787Z,2026-08-19T16:34:56.375636787Z,2026-08-19T16:04:36Z,-0.179,X,sensor_data
,,0,2026-08-19T15:34:56.375636787Z,2026-08-19T16:34:56.375636787Z,2026-08-19T16:04:37Z,-0.181,X,sensor_data
,,0,2026-08-19T15:34:56.375636787Z,2026-08-19T16:34:56.375636787Z,2026-08-19T16:04:38Z,-0.18,X,sensor_data
,,0,2026-08-19T15:34:56.375636787Z,2026-08-19T16:34:56.375636787Z,2026-08-19T16:04:39Z,-0.18,X,sensor_data
,,0,2026-08-19T15:34:56.375636787Z,2026-08-19T16:34:56.375636787Z,2026-08-19T16:04:40Z,-0.18,X,sensor_data
,,0,2026-08-19T15:34:56.375636787Z,2026-08-19T16:34:56.375636787Z,2026-08-19T16:04:41Z,-0.181,X,sensor_data
,,0,2026-08-19T15:34:56.375636787Z,2026-08-19T16:34:56.375636787Z,2026-08-19T16:04:42Z,-0.181,X,sensor_data
,,0,2026-08-19T15:34:56.375636787Z,2026-08-19T16:34:56.375636787Z,2026-08-19T16:04:43Z,-0.18,X,sensor_data
,,0,2026-08-19T15:34:56.375636787Z,2026-08-19T16:34:56.375636787Z,2026-08-19T16:04:44Z,-0.181,X,sensor_data
,,0,2026-08-19T15:34:56.375636787Z,2026-08-19T16:34:56.375636787Z,2026-08-19T16:04:45Z,-0.182,X,sensor_data
,,0,2026-08-19T15:34:56.375636787Z,2026-08-19T16:34:56.375636787Z,2026-08-19T16:04:46Z,-0.18,X,sensor_data
,,0,2026-08-19T15:34:56.375636787Z,2026-08-19T16:34:56.375636787Z,2026-08-19T16:04:47Z,-0.18,X,sensor_data
,,0,2026-08-19T15:34:56.375636787Z,2026-08-19T16:34:56.375636787Z,2026-08-19T16:04:48Z,-0.18,X,sensor_data
,,0,2026-08-19T15:34:56.375636787Z,2026-08-19T16:34:56.375636787Z,2026-08-19T16:04:49Z,-0.18,X,sensor_data
,,0,2026-08-19T15:34:56.375636787Z,2026-08-19T16:34:56.375636787Z,2026-08-19T16:04:50Z,-0.18,X,sensor_data
,,0,2026-08-19T15:34:56.375636787Z,2026-08-19T16:34:56.375636787Z,2026-08-19T16:04:51Z,-0.18,X,sensor_data
,,0,2026-08-19T15:34:56.375636787Z,2026-08-19T16:34:56.375636787Z,2026-08-19T16:04:52Z,-0.18,X,sensor_data
,,0,2026-08-19T15:34:56.375636787Z,2026-08-19T16:34:56.375636787Z,2026-08-19T16:04:53Z,-0.181,X,sensor_data
,,0,2026-08-19T15:34:56.375636787Z,2026-08-19T16:34:56.375636787Z,2026-08-19T16:04:54Z,-0.181,X,sensor_data
,,0,2026-08-19T15:34:56.375636787Z,2026-08-19T16:34:56.375636787Z,2026-08-19T16:04:55Z,-0.181,X,sensor_data
,,0,2026-08-19T15:34:56.375636787Z,2026-08-19T16:34:56.375636787Z,2026-08-19T16:04:56Z,-0.18,X,sensor_data
,,0,2026-08-19T15:34:56.375636787Z,2026-08-19T16:34:56.375636787Z,2026-08-19T16:04:57Z,-0.18,X,sensor_data
,,0,2026-08-19T15:34:56.375636787Z,2026-08-19T16:34:56.375636787Z,2026-08-19T16:04:58Z,-0.18,X,sensor_data
,,0,2026-08-19T15:34:56.375636787Z,2026-08-19T16:34:56.375636787Z,2026-08-19T16:04:59Z,-0.18,X,sensor_data
,,0,2026-08-19T15:34:56.375636787Z,2026-08-19T16:34:56.375636787Z,2026-08-19T16:05:00Z,-0.18,X,sensor_data
,,0,2026-08-19T15:34:56.375636787Z,2026-08-19T16:34:56.375636787Z,2026-08-19T16:05:01Z,-0.18,X,sensor_data
,,0,2026-08-19T15:34:56.375636787Z,2026-08-19T16:34:56.375636787Z,2026-08-19T16:05:02Z,-0.181,X,sensor_data
,,0,2026-08-19T15:34:56.375636787Z,2026-08-19T16:34:56.375636787Z,2026-08-19T16:05:03Z,-0.181,X,sensor_data
,,0,2026-08-19T15:34:56.375636787Z,2026-08-19T16:34:56.375636787Z,2026-08-19T16:05:04Z,-0.18,X,sensor_data
,,0,2026-08-19T15:34:56.375636787Z,2026-08-19T16:34:56.375636787Z,2026-08-19T16:05:05Z,-0.181,X,sensor_data
,,0,2026-08-19T15:34:56.375636787Z,2026-08-19T16:34:56.375636787Z,2026-08-19T16:05:06Z,-0.181,X,sensor_data
,,0,2026-08-19T15:34:56.375636787Z,2026-08-19T16:34:56.375636787Z,2026-08-19T16:05:07Z,-0.18,X,sensor_data
,,0,2026-08-19T15:34:56.375636787Z,2026-08-19T16:34:56.375636787Z,2026-08-19T16:05:08Z,-0.18,X,sensor_data
,,0,2026-08-19T15:34:56.375636787Z,2026-08-19T16:34:56.375636787Z,2026-08-19T16:05:09Z,-0.18,X,sensor_data
,,0,2026-08-19T15:34:56.375636787Z,2026-08-19T16:34:56.375636787Z,2026-08-19T16:05:10Z,-0.178,X,sensor_data
,,0,2026-08-19T15:34:56.375636787Z,2026-08-19T16:34:56.375636787Z,2026-08-19T16:05:11Z,-0.181,X,sensor_data
,,0,2026-08-19T15:34:56.375636787Z,2026-08-19T16:34:56.375636787Z,2026-08-19T16:05:12Z,-0.181,X,sensor_data
,,0,2026-08-19T15:34:56.375636787Z,2026-08-19T16:34:56.375636787Z,2026-08-19T16:05:13Z,-0.178,X,sensor_data
,,0,2026-08-19T15:34:56.375636787Z,2026-08-19T16:34:56.375636787Z,2026-08-19T16:05:14Z,-0.181,X,sensor_data
,,0,2026-08-19T15:34:56.375636787Z,2026-08-19T16:34:56.375636787Z,2026-08-19T16:05:15Z,-0.181,X,sensor_data
,,0,2026-08-19T15:34:56.375636787Z,2026-08-19T16:34:56.375636787Z,2026-08-19T16:05:16Z,-0.181,X,sensor_data
,,0,2026-08-19T15:34:56.375636787Z,2026-08-19T16:34:56.375636787Z,2026-08-19T16:05:17Z,-0.181,X,sensor_data
,,0,2026-08-19T15:34:56.375636787Z,2026-08-19T16:34:56.375636787Z,2026-08-19T16:05:18Z,-0.18,X,sensor_data
,,0,2026-08-19T15:34:56.375636787Z,2026-08-19T16:34:56.375636787Z,2026-08-19T16:05:19Z,-0.18,X,sensor_data
,,0,2026-08-19T15:34:56.375636787Z,2026-08-19T16:34:56.375636787Z,2026-08-19T16:05:20Z,-0.181,X,sensor_data
,,0,2026-08-19T15:34:56.375636787Z,2026-08-19T16:34:56.375636787Z,2026-08-19T16:05:21Z,-0.181,X,sensor_data
,,0,2026-08-19T15:34:56.375636787Z,2026-08-19T16:34:56.375636787Z,2026-08-19T16:05:22Z,-0.18,X,sensor_data
,,0,2026-08-19T15:34:56.375636787Z,2026-08-19T16:34:56.375636787Z,2026-08-19T16:05:23Z,-0.181,X,sensor_data
,,0,2026-08-19T15:34:56.375636787Z,2026-08-19T16:34:56.375636787Z,2026-08-19T16:05:24Z,-0.18,X,sensor_data
,,0,2026-08-19T15:34:56.375636787Z,2026-08-19T16:34:56.375636787Z,2026-08-19T16:05:25Z,-0.181,X,sensor_data
,,0,2026-08-19T15:34:56.375636787Z,2026-08-19T16:34:56.375636787Z,2026-08-19T16:05:26Z,-0.18,X,sensor_data
,,0,2026-08-19T15:34:56.375636787Z,2026-08-19T16:34:56.375636787Z,2026-08-19T16:05:27Z,-0.181,X,sensor_data
,,0,2026-08-19T15:34:56.375636787Z,2026-08-19T16:34:56.375636787Z,2026-08-19T16:05:28Z,-0.181,X,sensor_data
,,0,2026-08-19T15:34:56.375636787Z,2026-08-19T16:34:56.375636787Z,2026-08-19T16:05:29Z,-0.181,X,sensor_data
,,0,2026-08-19T15:34:56.375636787Z,2026-08-19T16:34:56.375636787Z,2026-08-19T16:05:30Z,-0.18,X,sensor_data
,,0,2026-08-19T15:34:56.375636787Z,2026-08-19T16:34:56.375636787Z,2026-08-19T16:05:31Z,-0.18,X,sensor_data
,,0,2026-08-19T15:34:56.375636787Z,2026-08-19T16:34:56.375636787Z,2026-08-19T16:05:32Z,-0.181,X,sensor_data
,,0,2026-08-19T15:34:56.375636787Z,2026-08-19T16:34:56.375636787Z,2026-08-19T16:05:33Z,-0.179,X,sensor_data
,,0,2026-08-19T15:34:56.375636787Z,2026-08-19T16:34:56.375636787Z,2026-08-19T16:05:34Z,-0.18,X,sensor_data
,,0,2026-08-19T15:34:56.375636787Z,2026-08-19T16:34:56.375636787Z,2026-08-19T16:05:35Z,-0.181,X,sensor_data
,,0,2026-08-19T15:34:56.375636787Z,2026-08-19T16:34:56.375636787Z,2026-08-19T16:05:36Z,-0.18,X,sensor_data
,,0,2026-08-19T15:34:56.375636787Z,2026-08-19T16:34:56.375636787Z,2026-08-19T16:05:37Z,-0.18,X,sensor_data
,,0,2026-08-19T15:34:56.375636787Z,2026-08-19T16:34:56.375636787Z,2026-08-19T16:05:38Z,-0.18,X,sensor_data
,,0,2026-08-19T15:34:56.375636787Z,2026-08-19T16:34:56.375636787Z,2026-08-19T16:05:39Z,-0.18,X,sensor_data
,,0,2026-08-19T15:34:56.375636787Z,2026-08-19T16:34:56.375636787Z,2026-08-19T16:05:40Z,-0.18,X,sensor_data
,,0,2026-08-19T15:34:56.375636787Z,2026-08-19T16:34:56.375636787Z,2026-08-19T16:05:41Z,-0.18,X,sensor_data
,,0,2026-08-19T15:34:56.375636787Z,2026-08-19T16:34:56.375636787Z,2026-08-19T16:05:42Z,-0.182,X,sensor_data
,,0,2026-08-19T15:34:56.375636787Z,2026-08-19T16:34:56.375636787Z,2026-08-19T16:05:43Z,-0.181,X,sensor_data
,,0,2026-08-19T15:34:56.375636787Z,2026-08-19T16:34:56.375636787Z,2026-08-19T16:05:44Z,-0.182,X,sensor_data
,,0,2026-08-19T15:34:56.375636787Z,2026-08-19T16:34:56.375636787Z,2026-08-19T16:05:45Z,-0.182,X,sensor_data
,,0,2026-08-19T15:34:56.375636787Z,2026-08-19T16:34:56.375636787Z,2026-08-19T16:05:46Z,-0.18,X,sensor_data
,,0,2026-08-19T15:34:56.375636787Z,2026-08-19T16:34:56.375636787Z,2026-08-19T16:05:47Z,-0.181,X,sensor_data
,,0,2026-08-19T15:34:56.375636787Z,2026-08-19T16:34:56.375636787Z,2026-08-19T16:05:48Z,-0.181,X,sensor_data
,,0,2026-08-19T15:34:56.375636787Z,2026-08-19T16:34:56.375636787Z,2026-08-19T16:05:49Z,-0.181,X,sensor_data
,,0,2026-08-19T15:34:56.375636787Z,2026-08-19T16:34:56.375636787Z,2026-08-19T16:05:50Z,-0.181,X,sensor_data
,,0,2026-08-19T15:34:56.375636787Z,2026-08-19T16:34:56.375636787Z,2026-08-19T16:05:51Z,-0.181,X,sensor_data
,,0,2026-08-19T15:34:56.375636787Z,2026-08-19T16:34:56.375636787Z,2026-08-19T16:05:52Z,-0.18,X,sensor_data
,,0,2026-08-19T15:34:56.375636787Z,2026-08-19T16:34:56.375636787Z,2026-08-19T16:05:53Z,-0.181,X,sensor_data
,,0,2026-08-19T15:34:56.375636787Z,2026-08-19T16:34:56.375636787Z,2026-08-19T16:05:54Z,-0.18,X,sensor_data
,,0,2026-08-19T15:34:56.375636787Z,2026-08-19T16:34:56.375636787Z,2026-08-19T16:05:55Z,-0.18,X,sensor_data
,,0,2026-08-19T15:34:56.375636787Z,2026-08-19T16:34:56.375636787Z,2026-08-19T16:05:56Z,-0.181,X,sensor_data
,,0,2026-08-19T15:34:56.375636787Z,2026-08-19T16:34:56.375636787Z,2026-08-19T16:05:57Z,-0.18,X,sensor_data
,,0,2026-08-19T15:34:56.375636787Z,2026-08-19T16:34:56.375636787Z,2026-08-19T16:05:59Z,-0.181,X,sensor_data
,,0,2026-08-19T15:34:56.375636787Z,2026-08-19T16:34:56.375636787Z,2026-08-19T16:06:00Z,-0.181,X,sensor_data
,,0,2026-08-19T15:34:56.375636787Z,2026-08-19T16:34:56.375636787Z,2026-08-19T16:06:01Z,-0.18,X,sensor_data
,,0,2026-08-19T15:34:56.375636787Z,2026-08-19T16:34:56.375636787Z,2026-08-19T16:06:02Z,-0.181,X,sensor_data
,,0,2026-08-19T15:34:56.375636787Z,2026-08-19T16:34:56.375636787Z,2026-08-19T16:06:03Z,-0.18,X,sensor_data
,,0,2026-08-19T15:34:56.375636787Z,2026-08-19T16:34:56.375636787Z,2026-08-19T16:06:04Z,-0.181,X,sensor_data
,,0,2026-08-19T15:34:56.375636787Z,2026-08-19T16:34:56.375636787Z,2026-08-19T16:06:05Z,-0.182,X,sensor_data
,,0,2026-08-19T15:34:56.375636787Z,2026-08-19T16:34:56.375636787Z,2026-08-19T16:06:06Z,-0.18,X,sensor_data
,,0,2026-08-19T15:34:56.375636787Z,2026-08-19T16:34:56.375636787Z,2026-08-19T16:06:07Z,-0.18,X,sensor_data
,,0,2026-08-19T15:34:56.375636787Z,2026-08-19T16:34:56.375636787Z,2026-08-19T16:06:08Z,-0.18,X,sensor_data
,,0,2026-08-19T15:34:56.375636787Z,2026-08-19T16:34:56.375636787Z,2026-08-19T16:06:09Z,-0.18,X,sensor_data
,,0,2026-08-19T15:34:56.375636787Z,2026-08-19T16:34:56.375636787Z,2026-08-19T16:06:10Z,-0.18,X,sensor_data
,,0,2026-08-19T15:34:56.375636787Z,2026-08-19T16:34:56.375636787Z,2026-08-19T16:06:11Z,-0.18,X,sensor_data
,,0,2026-08-19T15:34:56.375636787Z,2026-08-19T16:34:56.375636787Z,2026-08-19T16:06:12Z,-0.181,X,sensor_data
,,0,2026-08-19T15:34:56.375636787Z,2026-08-19T16:34:56.375636787Z,2026-08-19T16:06:13Z,-0.179,X,sensor_data
,,0,2026-08-19T15:34:56.375636787Z,2026-08-19T16:34:56.375636787Z,2026-08-19T16:06:14Z,-0.181,X,sensor_data
,,0,2026-08-19T15:34:56.375636787Z,2026-08-19T16:34:56.375636787Z,2026-08-19T16:06:15Z,-0.181,X,sensor_data
,,0,2026-08-19T15:34:56.375636787Z,2026-08-19T16:34:56.375636787Z,2026-08-19T16:06:16Z,-0.183,X,sensor_data
,,0,2026-08-19T15:34:56.375636787Z,2026-08-19T16:34:56.375636787Z,2026-08-19T16:06:17Z,-0.182,X,sensor_data
,,0,2026-08-19T15:34:56.375636787Z,2026-08-19T16:34:56.375636787Z,2026-08-19T16:06:18Z,-0.18,X,sensor_data
,,0,2026-08-19T15:34:56.375636787Z,2026-08-19T16:34:56.375636787Z,2026-08-19T16:06:19Z,-0.181,X,sensor_data
,,0,2026-08-19T15:34:56.375636787Z,2026-08-19T16:34:56.375636787Z,2026-08-19T16:06:20Z,-0.181,X,sensor_data
,,0,2026-08-19T15:34:56.375636787Z,2026-08-19T16:34:56.375636787Z,2026-08-19T16:06:21Z,-0.181,X,sensor_data
,,0,2026-08-19T15:34:56.375636787Z,2026-08-19T16:34:56.375636787Z,2026-08-19T16:06:22Z,-0.181,X,sensor_data
,,0,2026-08-19T15:34:56.375636787Z,2026-08-19T16:34:56.375636787Z,2026-08-19T16:06:23Z,-0.181,X,sensor_data
,,0,2026-08-19T15:34:56.375636787Z,2026-08-19T16:34:56.375636787Z,2026-08-19T16:06:24Z,-0.181,X,sensor_data
,,0,2026-08-19T15:34:56.375636787Z,2026-08-19T16:34:56.375636787Z,2026-08-19T16:06:25Z,-0.181,X,sensor_data
,,0,2026-08-19T15:34:56.375636787Z,2026-08-19T16:34:56.375636787Z,2026-08-19T16:06:26Z,-0.181,X,sensor_data
,,0,2026-08-19T15:34:56.375636787Z,2026-08-19T16:34:56.375636787Z,2026-08-19T16:06:27Z,-0.181,X,sensor_data
,,0,2026-08-19T15:34:56.375636787Z,2026-08-19T16:34:56.375636787Z,2026-08-19T16:06:28Z,-0.18,X,sensor_data
,,0,2026-08-19T15:34:56.375636787Z,2026-08-19T16:34:56.375636787Z,2026-08-19T16:06:29Z,-0.181,X,sensor_data
,,0,2026-08-19T15:34:56.375636787Z,2026-08-19T16:34:56.375636787Z,2026-08-19T16:06:30Z,-0.18,X,sensor_data
,,0,2026-08-19T15:34:56.375636787Z,2026-08-19T16:34:56.375636787Z,2026-08-19T16:06:31Z,-0.182,X,sensor_data
,,0,2026-08-19T15:34:56.375636787Z,2026-08-19T16:34:56.375636787Z,2026-08-19T16:06:32Z,-0.182,X,sensor_data
,,0,2026-08-19T15:34:56.375636787Z,2026-08-19T16:34:56.375636787Z,2026-08-19T16:06:33Z,-0.182,X,sensor_data
,,0,2026-08-19T15:34:56.375636787Z,2026-08-19T16:34:56.375636787Z,2026-08-19T16:06:34Z,-0.18,X,sensor_data
,,0,2026-08-19T15:34:56.375636787Z,2026-08-19T16:34:56.375636787Z,2026-08-19T16:06:35Z,-0.181,X,sensor_data
,,0,2026-08-19T15:34:56.375636787Z,2026-08-19T16:34:56.375636787Z,2026-08-19T16:06:36Z,-0.18,X,sensor_data
,,0,2026-08-19T15:34:56.375636787Z,2026-08-19T16:34:56.375636787Z,2026-08-19T16:06:37Z,-0.18,X,sensor_data
,,0,2026-08-19T15:34:56.375636787Z,2026-08-19T16:34:56.375636787Z,2026-08-19T16:06:38Z,-0.18,X,sensor_data
,,0,2026-08-19T15:34:56.375636787Z,2026-08-19T16:34:56.375636787Z,2026-08-19T16:06:39Z,-0.18,X,sensor_data
,,0,2026-08-19T15:34:56.375636787Z,2026-08-19T16:34:56.375636787Z,2026-08-19T16:06:40Z,-0.18,X,sensor_data
,,0,2026-08-19T15:34:56.375636787Z,2026-08-19T16:34:56.375636787Z,2026-08-19T16:06:41Z,-0.18,X,sensor_data
,,0,2026-08-19T15:34:56.375636787Z,2026-08-19T16:34:56.375636787Z,2026-08-19T16:06:42Z,-0.18,X,sensor_data
,,0,2026-08-19T15:34:56.375636787Z,2026-08-19T16:34:56.375636787Z,2026-08-19T16:06:43Z,-0.181,X,sensor_data
,,0,2026-08-19T15:34:56.375636787Z,2026-08-19T16:34:56.375636787Z,2026-08-19T16:06:44Z,-0.181,X,sensor_data
,,0,2026-08-19T15:34:56.375636787Z,2026-08-19T16:34:56.375636787Z,2026-08-19T16:06:45Z,-0.18,X,sensor_data
,,0,2026-08-19T15:34:56.375636787Z,2026-08-19T16:34:56.375636787Z,2026-08-19T16:06:46Z,-0.18,X,sensor_data
,,0,2026-08-19T15:34:56.375636787Z,2026-08-19T16:34:56.375636787Z,2026-08-19T16:06:47Z,-0.181,X,sensor_data
,,0,2026-08-19T15:34:56.375636787Z,2026-08-19T16:34:56.375636787Z,2026-08-19T16:06:48Z,-0.181,X,sensor_data
,,0,2026-08-19T15:34:56.375636787Z,2026-08-19T16:34:56.375636787Z,2026-08-19T16:06:49Z,-0.181,X,sensor_data
,,0,2026-08-19T15:34:56.375636787Z,2026-08-19T16:34:56.375636787Z,2026-08-19T16:06:50Z,-0.18,X,sensor_data
,,0,2026-08-19T15:34:56.375636787Z,2026-08-19T16:34:56.375636787Z,2026-08-19T16:06:51Z,-0.181,X,sensor_data
,,0,2026-08-19T15:34:56.375636787Z,2026-08-19T16:34:56.375636787Z,2026-08-19T16:06:52Z,-0.181,X,sensor_data
,,0,2026-08-19T15:34:56.375636787Z,2026-08-19T16:34:56.375636787Z,2026-08-19T16:06:53Z,-0.181,X,sensor_data
,,0,2026-08-19T15:34:56.375636787Z,2026-08-19T16:34:56.375636787Z,2026-08-19T16:06:54Z,-0.18,X,sensor_data
,,0,2026-08-19T15:34:56.375636787Z,2026-08-19T16:34:56.375636787Z,2026-08-19T16:06:55Z,-0.181,X,sensor_data
,,0,2026-08-19T15:34:56.375636787Z,2026-08-19T16:34:56.375636787Z,2026-08-19T16:06:56Z,-0.181,X,sensor_data
,,0,2026-08-19T15:34:56.375636787Z,2026-08-19T16:34:56.375636787Z,2026-08-19T16:06:57Z,-0.181,X,sensor_data
,,0,2026-08-19T15:34:56.375636787Z,2026-08-19T16:34:56.375636787Z,2026-08-19T16:06:58Z,-0.181,X,sensor_data
,,0,2026-08-19T15:34:56.375636787Z,2026-08-19T16:34:56.375636787Z,2026-08-19T16:06:59Z,-0.18,X,sensor_data
,,0,2026-08-19T15:34:56.375636787Z,2026-08-19T16:34:56.375636787Z,2026-08-19T16:07:00Z,-0.18,X,sensor_data
,,0,2026-08-19T15:34:56.375636787Z,2026-08-19T16:34:56.375636787Z,2026-08-19T16:07:01Z,-0.18,X,sensor_data
,,0,2026-08-19T15:34:56.375636787Z,2026-08-19T16:34:56.375636787Z,2026-08-19T16:07:02Z,-0.18,X,sensor_data
,,0,2026-08-19T15:34:56.375636787Z,2026-08-19T16:34:56.375636787Z,2026-08-19T16:07:03Z,-0.181,X,sensor_data
,,0,2026-08-19T15:34:56.375636787Z,2026-08-19T16:34:56.375636787Z,2026-08-19T16:07:04Z,-0.181,X,sensor_data
,,0,2026-08-19T15:34:56.375636787Z,2026-08-19T16:34:56.375636787Z,2026-08-19T16:07:05Z,-0.181,X,sensor_data
,,0,2026-08-19T15:34:56.375636787Z,2026-08-19T16:34:56.375636787Z,2026-08-19T16:07:06Z,-0.18,X,sensor_data
,,0,2026-08-19T15:34:56.375636787Z,2026-08-19T16:34:56.375636787Z,2026-08-19T16:07:07Z,-0.181,X,sensor_data
,,0,2026-08-19T15:34:56.375636787Z,2026-08-19T16:34:56.375636787Z,2026-08-19T16:07:08Z,-0.18,X,sensor_data
,,0,2026-08-19T15:34:56.375636787Z,2026-08-19T16:34:56.375636787Z,2026-08-19T16:07:09Z,-0.181,X,sensor_data
,,0,2026-08-19T15:34:56.375636787Z,2026-08-19T16:34:56.375636787Z,2026-08-19T16:07:10Z,-0.181,X,sensor_data
,,0,2026-08-19T15:34:56.375636787Z,2026-08-19T16:34:56.375636787Z,2026-08-19T16:07:11Z,-0.181,X,sensor_data
,,0,2026-08-19T15:34:56.375636787Z,2026-08-19T16:34:56.375636787Z,2026-08-19T16:07:12Z,-0.18,X,sensor_data
,,0,2026-08-19T15:34:56.375636787Z,2026-08-19T16:34:56.375636787Z,2026-08-19T16:07:13Z,-0.181,X,sensor_data
,,0,2026-08-19T15:34:56.375636787Z,2026-08-19T16:34:56.375636787Z,2026-08-19T16:07:14Z,-0.179,X,sensor_data
,,0,2026-08-19T15:34:56.375636787Z,2026-08-19T16:34:56.375636787Z,2026-08-19T16:07:15Z,-0.18,X,sensor_data
,,0,2026-08-19T15:34:56.375636787Z,2026-08-19T16:34:56.375636787Z,2026-08-19T16:07:16Z,-0.18,X,sensor_data
,,0,2026-08-19T15:34:56.375636787Z,2026-08-19T16:34:56.375636787Z,2026-08-19T16:07:17Z,-0.181,X,sensor_data
,,0,2026-08-19T15:34:56.375636787Z,2026-08-19T16:34:56.375636787Z,2026-08-19T16:07:18Z,-0.181,X,sensor_data
,,0,2026-08-19T15:34:56.375636787Z,2026-08-19T16:34:56.375636787Z,2026-08-19T16:07:19Z,-0.181,X,sensor_data
,,0,2026-08-19T15:34:56.375636787Z,2026-08-19T16:34:56.375636787Z,2026-08-19T16:07:20Z,-0.181,X,sensor_data
,,0,2026-08-19T15:34:56.375636787Z,2026-08-19T16:34:56.375636787Z,2026-08-19T16:07:21Z,-0.18,X,sensor_data
,,0,2026-08-19T15:34:56.375636787Z,2026-08-19T16:34:56.375636787Z,2026-08-19T16:07:22Z,-0.18,X,sensor_data
,,0,2026-08-19T15:34:56.375636787Z,2026-08-19T16:34:56.375636787Z,2026-08-19T16:07:23Z,-0.181,X,sensor_data
,,0,2026-08-19T15:34:56.375636787Z,2026-08-19T16:34:56.375636787Z,2026-08-19T16:07:24Z,-0.181,X,sensor_data
,,0,2026-08-19T15:34:56.375636787Z,2026-08-19T16:34:56.375636787Z,2026-08-19T16:07:25Z,-0.18,X,sensor_data
,,0,2026-08-19T15:34:56.375636787Z,2026-08-19T16:34:56.375636787Z,2026-08-19T16:07:26Z,-0.18,X,sensor_data
,,0,2026-08-19T15:34:56.375636787Z,2026-08-19T16:34:56.375636787Z,2026-08-19T16:07:27Z,-0.18,X,sensor_data
,,0,2026-08-19T15:34:56.375636787Z,2026-08-19T16:34:56.375636787Z,2026-08-19T16:07:28Z,-0.181,X,sensor_data
,,0,2026-08-19T15:34:56.375636787Z,2026-08-19T16:34:56.375636787Z,2026-08-19T16:07:29Z,-0.182,X,sensor_data
,,0,2026-08-19T15:34:56.375636787Z,2026-08-19T16:34:56.375636787Z,2026-08-19T16:07:30Z,-0.182,X,sensor_data
,,0,2026-08-19T15:34:56.375636787Z,2026-08-19T16:34:56.375636787Z,2026-08-19T16:07:31Z,-0.18,X,sensor_data
,,0,2026-08-19T15:34:56.375636787Z,2026-08-19T16:34:56.375636787Z,2026-08-19T16:07:32Z,-0.18,X,sensor_data
,,0,2026-08-19T15:34:56.375636787Z,2026-08-19T16:34:56.375636787Z,2026-08-19T16:07:33Z,-0.181,X,sensor_data
,,0,2026-08-19T15:34:56.375636787Z,2026-08-19T16:34:56.375636787Z,2026-08-19T16:07:34Z,-0.18,X,sensor_data
,,0,2026-08-19T15:34:56.375636787Z,2026-08-19T16:34:56.375636787Z,2026-08-19T16:07:35Z,-0.182,X,sensor_data
,,0,2026-08-19T15:34:56.375636787Z,2026-08-19T16:34:56.375636787Z,2026-08-19T16:07:36Z,-0.181,X,sensor_data
,,0,2026-08-19T15:34:56.375636787Z,2026-08-19T16:34:56.375636787Z,2026-08-19T16:07:37Z,-0.18,X,sensor_data
,,0,2026-08-19T15:34:56.375636787Z,2026-08-19T16:34:56.375636787Z,2026-08-19T16:07:38Z,-0.181,X,sensor_data
,,0,2026-08-19T15:34:56.375636787Z,2026-08-19T16:34:56.375636787Z,2026-08-19T16:07:39Z,-0.18,X,sensor_data
,,0,2026-08-19T15:34:56.375636787Z,2026-08-19T16:34:56.375636787Z,2026-08-19T16:07:40Z,-0.182,X,sensor_data
,,0,2026-08-19T15:34:56.375636787Z,2026-08-19T16:34:56.375636787Z,2026-08-19T16:07:41Z,-0.181,X,sensor_data
,,0,2026-08-19T15:34:56.375636787Z,2026-08-19T16:34:56.375636787Z,2026-08-19T16:07:42Z,-0.18,X,sensor_data
,,0,2026-08-19T15:34:56.375636787Z,2026-08-19T16:34:56.375636787Z,2026-08-19T16:07:43Z,-0.18,X,sensor_data
,,0,2026-08-19T15:34:56.375636787Z,2026-08-19T16:34:56.375636787Z,2026-08-19T16:07:44Z,-0.181,X,sensor_data
,,0,2026-08-19T15:34:56.375636787Z,2026-08-19T16:34:56.375636787Z,2026-08-19T16:07:45Z,-0.18,X,sensor_data
,,0,2026-08-19T15:34:56.375636787Z,2026-08-19T16:34:56.375636787Z,2026-08-19T16:07:46Z,-0.179,X,sensor_data
,,0,2026-08-19T15:34:56.375636787Z,2026-08-19T16:34:56.375636787Z,2026-08-19T16:07:47Z,-0.18,X,sensor_data
,,0,2026-08-19T15:34:56.375636787Z,2026-08-19T16:34:56.375636787Z,2026-08-19T16:07:48Z,-0.181,X,sensor_data
,,0,2026-08-19T15:34:56.375636787Z,2026-08-19T16:34:56.375636787Z,2026-08-19T16:07:49Z,-0.181,X,sensor_data
,,0,2026-08-19T15:34:56.375636787Z,2026-08-19T16:34:56.375636787Z,2026-08-19T16:07:50Z,-0.181,X,sensor_data
,,0,2026-08-19T15:34:56.375636787Z,2026-08-19T16:34:56.375636787Z,2026-08-19T16:07:51Z,-0.179,X,sensor_data
,,0,2026-08-19T15:34:56.375636787Z,2026-08-19T16:34:56.375636787Z,2026-08-19T16:07:52Z,-0.181,X,sensor_data
,,0,2026-08-19T15:34:56.375636787Z,2026-08-19T16:34:56.375636787Z,2026-08-19T16:07:53Z,-0.181,X,sensor_data
,,0,2026-08-19T15:34:56.375636787Z,2026-08-19T16:34:56.375636787Z,2026-08-19T16:07:54Z,-0.18,X,sensor_data
,,0,2026-08-19T15:34:56.375636787Z,2026-08-19T16:34:56.375636787Z,2026-08-19T16:07:55Z,-0.181,X,sensor_data
,,0,2026-08-19T15:34:56.375636787Z,2026-08-19T16:34:56.375636787Z,2026-08-19T16:07:56Z,-0.182,X,sensor_data
,,0,2026-08-19T15:34:56.375636787Z,2026-08-19T16:34:56.375636787Z,2026-08-19T16:07:57Z,-0.18,X,sensor_data
,,0,2026-08-19T15:34:56.375636787Z,2026-08-19T16:34:56.375636787Z,2026-08-19T16:07:58Z,-0.181,X,sensor_data
,,0,2026-08-19T15:34:56.375636787Z,2026-08-19T16:34:56.375636787Z,2026-08-19T16:07:59Z,-0.18,X,sensor_data
,,0,2026-08-19T15:34:56.375636787Z,2026-08-19T16:34:56.375636787Z,2026-08-19T16:08:00Z,-0.18,X,sensor_data
,,0,2026-08-19T15:34:56.375636787Z,2026-08-19T16:34:56.375636787Z,2026-08-19T16:08:01Z,-0.181,X,sensor_data
,,0,2026-08-19T15:34:56.375636787Z,2026-08-19T16:34:56.375636787Z,2026-08-19T16:08:02Z,-0.18,X,sensor_data
,,0,2026-08-19T15:34:56.375636787Z,2026-08-19T16:34:56.375636787Z,2026-08-19T16:08:03Z,-0.182,X,sensor_data
,,0,2026-08-19T15:34:56.375636787Z,2026-08-19T16:34:56.375636787Z,2026-08-19T16:08:04Z,-0.188,X,sensor_data
,,0,2026-08-19T15:34:56.375636787Z,2026-08-19T16:34:56.375636787Z,2026-08-19T16:08:05Z,-0.181,X,sensor_data
,,0,2026-08-19T15:34:56.375636787Z,2026-08-19T16:34:56.375636787Z,2026-08-19T16:08:06Z,-0.181,X,sensor_data
,,0,2026-08-19T15:34:56.375636787Z,2026-08-19T16:34:56.375636787Z,2026-08-19T16:08:07Z,-0.181,X,sensor_data
,,0,2026-08-19T15:34:56.375636787Z,2026-08-19T16:34:56.375636787Z,2026-08-19T16:08:08Z,-0.18,X,sensor_data
,,0,2026-08-19T15:34:56.375636787Z,2026-08-19T16:34:56.375636787Z,2026-08-19T16:08:09Z,-0.181,X,sensor_data
,,0,2026-08-19T15:34:56.375636787Z,2026-08-19T16:34:56.375636787Z,2026-08-19T16:08:10Z,-0.18,X,sensor_data
,,0,2026-08-19T15:34:56.375636787Z,2026-08-19T16:34:56.375636787Z,2026-08-19T16:08:11Z,-0.18,X,sensor_data
,,0,2026-08-19T15:34:56.375636787Z,2026-08-19T16:34:56.375636787Z,2026-08-19T16:08:12Z,-0.18,X,sensor_data
,,0,2026-08-19T15:34:56.375636787Z,2026-08-19T16:34:56.375636787Z,2026-08-19T16:08:13Z,-0.181,X,sensor_data
,,0,2026-08-19T15:34:56.375636787Z,2026-08-19T16:34:56.375636787Z,2026-08-19T16:08:14Z,-0.18,X,sensor_data
,,0,2026-08-19T15:34:56.375636787Z,2026-08-19T16:34:56.375636787Z,2026-08-19T16:08:15Z,-0.18,X,sensor_data
,,0,2026-08-19T15:34:56.375636787Z,2026-08-19T16:34:56.375636787Z,2026-08-19T16:08:16Z,-0.181,X,sensor_data
,,0,2026-08-19T15:34:56.375636787Z,2026-08-19T16:34:56.375636787Z,2026-08-19T16:08:17Z,-0.18,X,sensor_data
,,0,2026-08-19T15:34:56.375636787Z,2026-08-19T16:34:56.375636787Z,2026-08-19T16:08:18Z,-0.18,X,sensor_data
,,0,2026-08-19T15:34:56.375636787Z,2026-08-19T16:34:56.375636787Z,2026-08-19T16:08:19Z,-0.181,X,sensor_data
,,0,2026-08-19T15:34:56.375636787Z,2026-08-19T16:34:56.375636787Z,2026-08-19T16:08:20Z,-0.181,X,sensor_data
,,0,2026-08-19T15:34:56.375636787Z,2026-08-19T16:34:56.375636787Z,2026-08-19T16:08:21Z,-0.181,X,sensor_data
,,0,2026-08-19T15:34:56.375636787Z,2026-08-19T16:34:56.375636787Z,2026-08-19T16:08:22Z,-0.181,X,sensor_data
,,0,2026-08-19T15:34:56.375636787Z,2026-08-19T16:34:56.375636787Z,2026-08-19T16:08:23Z,-0.179,X,sensor_data
,,0,2026-08-19T15:34:56.375636787Z,2026-08-19T16:34:56.375636787Z,2026-08-19T16:08:24Z,-0.18,X,sensor_data
,,0,2026-08-19T15:34:56.375636787Z,2026-08-19T16:34:56.375636787Z,2026-08-19T16:08:25Z,-0.18,X,sensor_data
,,0,2026-08-19T15:34:56.375636787Z,2026-08-19T16:34:56.375636787Z,2026-08-19T16:08:26Z,-0.18,X,sensor_data
,,0,2026-08-19T15:34:56.375636787Z,2026-08-19T16:34:56.375636787Z,2026-08-19T16:08:27Z,-0.181,X,sensor_data
,,0,2026-08-19T15:34:56.375636787Z,2026-08-19T16:34:56.375636787Z,2026-08-19T16:08:28Z,-0.181,X,sensor_data
,,0,2026-08-19T15:34:56.375636787Z,2026-08-19T16:34:56.375636787Z,2026-08-19T16:08:29Z,-0.182,X,sensor_data
,,0,2026-08-19T15:34:56.375636787Z,2026-08-19T16:34:56.375636787Z,2026-08-19T16:08:30Z,-0.18,X,sensor_data
,,0,2026-08-19T15:34:56.375636787Z,2026-08-19T16:34:56.375636787Z,2026-08-19T16:08:31Z,-0.18,X,sensor_data
,,0,2026-08-19T15:34:56.375636787Z,2026-08-19T16:34:56.375636787Z,2026-08-19T16:08:32Z,-0.181,X,sensor_data
,,0,2026-08-19T15:34:56.375636787Z,2026-08-19T16:34:56.375636787Z,2026-08-19T16:08:33Z,-0.18,X,sensor_data
,,0,2026-08-19T15:34:56.375636787Z,2026-08-19T16:34:56.375636787Z,2026-08-19T16:08:34Z,-0.181,X,sensor_data
,,0,2026-08-19T15:34:56.375636787Z,2026-08-19T16:34:56.375636787Z,2026-08-19T16:08:35Z,-0.181,X,sensor_data
,,0,2026-08-19T15:34:56.375636787Z,2026-08-19T16:34:56.375636787Z,2026-08-19T16:08:36Z,-0.181,X,sensor_data
,,0,2026-08-19T15:34:56.375636787Z,2026-08-19T16:34:56.375636787Z,2026-08-19T16:08:37Z,-0.181,X,sensor_data
,,0,2026-08-19T15:34:56.375636787Z,2026-08-19T16:34:56.375636787Z,2026-08-19T16:08:38Z,-0.18,X,sensor_data
,,0,2026-08-19T15:34:56.375636787Z,2026-08-19T16:34:56.375636787Z,2026-08-19T16:08:39Z,-0.18,X,sensor_data
,,0,2026-08-19T15:34:56.375636787Z,2026-08-19T16:34:56.375636787Z,2026-08-19T16:08:40Z,-0.181,X,sensor_data
,,0,2026-08-19T15:34:56.375636787Z,2026-08-19T16:34:56.375636787Z,2026-08-19T16:08:41Z,-0.181,X,sensor_data
,,0,2026-08-19T15:34:56.375636787Z,2026-08-19T16:34:56.375636787Z,2026-08-19T16:08:42Z,-0.181,X,sensor_data
,,0,2026-08-19T15:34:56.375636787Z,2026-08-19T16:34:56.375636787Z,2026-08-19T16:08:43Z,-0.181,X,sensor_data
,,0,2026-08-19T15:34:56.375636787Z,2026-08-19T16:34:56.375636787Z,2026-08-19T16:08:44Z,-0.181,X,sensor_data
,,0,2026-08-19T15:34:56.375636787Z,2026-08-19T16:34:56.375636787Z,2026-08-19T16:08:45Z,-0.181,X,sensor_data
,,0,2026-08-19T15:34:56.375636787Z,2026-08-19T16:34:56.375636787Z,2026-08-19T16:08:46Z,-0.18,X,sensor_data
,,0,2026-08-19T15:34:56.375636787Z,2026-08-19T16:34:56.375636787Z,2026-08-19T16:08:47Z,-0.18,X,sensor_data
,,0,2026-08-19T15:34:56.375636787Z,2026-08-19T16:34:56.375636787Z,2026-08-19T16:08:48Z,-0.181,X,sensor_data
,,0,2026-08-19T15:34:56.375636787Z,2026-08-19T16:34:56.375636787Z,2026-08-19T16:08:49Z,-0.181,X,sensor_data
,,0,2026-08-19T15:34:56.375636787Z,2026-08-19T16:34:56.375636787Z,2026-08-19T16:08:50Z,-0.181,X,sensor_data
,,0,2026-08-19T15:34:56.375636787Z,2026-08-19T16:34:56.375636787Z,2026-08-19T16:08:51Z,-0.18,X,sensor_data
,,0,2026-08-19T15:34:56.375636787Z,2026-08-19T16:34:56.375636787Z,2026-08-19T16:08:52Z,-0.181,X,sensor_data
,,0,2026-08-19T15:34:56.375636787Z,2026-08-19T16:34:56.375636787Z,2026-08-19T16:08:53Z,-0.18,X,sensor_data
,,0,2026-08-19T15:34:56.375636787Z,2026-08-19T16:34:56.375636787Z,2026-08-19T16:08:54Z,-0.181,X,sensor_data
,,0,2026-08-19T15:34:56.375636787Z,2026-08-19T16:34:56.375636787Z,2026-08-19T16:08:55Z,-0.182,X,sensor_data
,,0,2026-08-19T15:34:56.375636787Z,2026-08-19T16:34:56.375636787Z,2026-08-19T16:08:56Z,-0.181,X,sensor_data
,,0,2026-08-19T15:34:56.375636787Z,2026-08-19T16:34:56.375636787Z,2026-08-19T16:08:57Z,-0.18,X,sensor_data
,,0,2026-08-19T15:34:56.375636787Z,2026-08-19T16:34:56.375636787Z,2026-08-19T16:08:58Z,-0.172,X,sensor_data
,,0,2026-08-19T15:34:56.375636787Z,2026-08-19T16:34:56.375636787Z,2026-08-19T16:08:59Z,-0.179,X,sensor_data
,,0,2026-08-19T15:34:56.375636787Z,2026-08-19T16:34:56.375636787Z,2026-08-19T16:09:00Z,-0.181,X,sensor_data
,,0,2026-08-19T15:34:56.375636787Z,2026-08-19T16:34:56.375636787Z,2026-08-19T16:09:01Z,-0.181,X,sensor_data
,,0,2026-08-19T15:34:56.375636787Z,2026-08-19T16:34:56.375636787Z,2026-08-19T16:09:02Z,-0.18,X,sensor_data
,,0,2026-08-19T15:34:56.375636787Z,2026-08-19T16:34:56.375636787Z,2026-08-19T16:09:03Z,-0.18,X,sensor_data
,,0,2026-08-19T15:34:56.375636787Z,2026-08-19T16:34:56.375636787Z,2026-08-19T16:09:04Z,-0.181,X,sensor_data
,,0,2026-08-19T15:34:56.375636787Z,2026-08-19T16:34:56.375636787Z,2026-08-19T16:09:05Z,-0.181,X,sensor_data
,,0,2026-08-19T15:34:56.375636787Z,2026-08-19T16:34:56.375636787Z,2026-08-19T16:09:06Z,-0.18,X,sensor_data
,,0,2026-08-19T15:34:56.375636787Z,2026-08-19T16:34:56.375636787Z,2026-08-19T16:09:07Z,-0.181,X,sensor_data
,,0,2026-08-19T15:34:56.375636787Z,2026-08-19T16:34:56.375636787Z,2026-08-19T16:09:08Z,-0.179,X,sensor_data
,,0,2026-08-19T15:34:56.375636787Z,2026-08-19T16:34:56.375636787Z,2026-08-19T16:09:09Z,-0.181,X,sensor_data
,,0,2026-08-19T15:34:56.375636787Z,2026-08-19T16:34:56.375636787Z,2026-08-19T16:09:10Z,-0.181,X,sensor_data
,,0,2026-08-19T15:34:56.375636787Z,2026-08-19T16:34:56.375636787Z,2026-08-19T16:09:11Z,-0.181,X,sensor_data
,,0,2026-08-19T15:34:56.375636787Z,2026-08-19T16:34:56.375636787Z,2026-08-19T16:09:12Z,-0.181,X,sensor_data
,,0,2026-08-19T15:34:56.375636787Z,2026-08-19T16:34:56.375636787Z,2026-08-19T16:09:13Z,-0.181,X,sensor_data
,,0,2026-08-19T15:34:56.375636787Z,2026-08-19T16:34:56.375636787Z,2026-08-19T16:09:14Z,-0.182,X,sensor_data
,,0,2026-08-19T15:34:56.375636787Z,2026-08-19T16:34:56.375636787Z,2026-08-19T16:09:15Z,-0.181,X,sensor_data
,,0,2026-08-19T15:34:56.375636787Z,2026-08-19T16:34:56.375636787Z,2026-08-19T16:09:16Z,-0.181,X,sensor_data
,,0,2026-08-19T15:34:56.375636787Z,2026-08-19T16:34:56.375636787Z,2026-08-19T16:09:17Z,-0.181,X,sensor_data
,,0,2026-08-19T15:34:56.375636787Z,2026-08-19T16:34:56.375636787Z,2026-08-19T16:09:18Z,-0.181,X,sensor_data
,,0,2026-08-19T15:34:56.375636787Z,2026-08-19T16:34:56.375636787Z,2026-08-19T16:09:19Z,-0.181,X,sensor_data
,,0,2026-08-19T15:34:56.375636787Z,2026-08-19T16:34:56.375636787Z,2026-08-19T16:09:20Z,-0.183,X,sensor_data
,,0,2026-08-19T15:34:56.375636787Z,2026-08-19T16:34:56.375636787Z,2026-08-19T16:09:21Z,-0.181,X,sensor_data
,,0,2026-08-19T15:34:56.375636787Z,2026-08-19T16:34:56.375636787Z,2026-08-19T16:09:22Z,-0.176,X,sensor_data
,,0,2026-08-19T15:34:56.375636787Z,2026-08-19T16:34:56.375636787Z,2026-08-19T16:09:23Z,-0.182,X,sensor_data
,,0,2026-08-19T15:34:56.375636787Z,2026-08-19T16:34:56.375636787Z,2026-08-19T16:09:24Z,-0.182,X,sensor_data
,,0,2026-08-19T15:34:56.375636787Z,2026-08-19T16:34:56.375636787Z,2026-08-19T16:09:25Z,-0.181,X,sensor_data
,,0,2026-08-19T15:34:56.375636787Z,2026-08-19T16:34:56.375636787Z,2026-08-19T16:09:26Z,-0.181,X,sensor_data
,,0,2026-08-19T15:34:56.375636787Z,2026-08-19T16:34:56.375636787Z,2026-08-19T16:09:27Z,-0.18,X,sensor_data
,,0,2026-08-19T15:34:56.375636787Z,2026-08-19T16:34:56.375636787Z,2026-08-19T16:09:28Z,-0.184,X,sensor_data
,,0,2026-08-19T15:34:56.375636787Z,2026-08-19T16:34:56.375636787Z,2026-08-19T16:09:29Z,-0.177,X,sensor_data
,,0,2026-08-19T15:34:56.375636787Z,2026-08-19T16:34:56.375636787Z,2026-08-19T16:09:30Z,-0.181,X,sensor_data
,,0,2026-08-19T15:34:56.375636787Z,2026-08-19T16:34:56.375636787Z,2026-08-19T16:09:31Z,-0.183,X,sensor_data
,,0,2026-08-19T15:34:56.375636787Z,2026-08-19T16:34:56.375636787Z,2026-08-19T16:09:32Z,-0.181,X,sensor_data
,,0,2026-08-19T15:34:56.375636787Z,2026-08-19T16:34:56.375636787Z,2026-08-19T16:09:33Z,-0.175,X,sensor_data
,,0,2026-08-19T15:34:56.375636787Z,2026-08-19T16:34:56.375636787Z,2026-08-19T16:09:34Z,-0.18,X,sensor_data
,,0,2026-08-19T15:34:56.375636787Z,2026-08-19T16:34:56.375636787Z,2026-08-19T16:09:35Z,-0.181,X,sensor_data
,,0,2026-08-19T15:34:56.375636787Z,2026-08-19T16:34:56.375636787Z,2026-08-19T16:09:36Z,-0.18,X,sensor_data
,,0,2026-08-19T15:34:56.375636787Z,2026-08-19T16:34:56.375636787Z,2026-08-19T16:09:37Z,-0.181,X,sensor_data
,,0,2026-08-19T15:34:56.375636787Z,2026-08-19T16:34:56.375636787Z,2026-08-19T16:09:38Z,-0.181,X,sensor_data
,,0,2026-08-19T15:34:56.375636787Z,2026-08-19T16:34:56.375636787Z,2026-08-19T16:09:39Z,-0.181,X,sensor_data
,,0,2026-08-19T15:34:56.375636787Z,2026-08-19T16:34:56.375636787Z,2026-08-19T16:09:40Z,-0.181,X,sensor_data
,,0,2026-08-19T15:34:56.375636787Z,2026-08-19T16:34:56.375636787Z,2026-08-19T16:09:41Z,-0.182,X,sensor_data
,,0,2026-08-19T15:34:56.375636787Z,2026-08-19T16:34:56.375636787Z,2026-08-19T16:09:42Z,-0.184,X,sensor_data
,,0,2026-08-19T15:34:56.375636787Z,2026-08-19T16:34:56.375636787Z,2026-08-19T16:09:43Z,-0.183,X,sensor_data
,,0,2026-08-19T15:34:56.375636787Z,2026-08-19T16:34:56.375636787Z,2026-08-19T16:09:44Z,-0.179,X,sensor_data
,,0,2026-08-19T15:34:56.375636787Z,2026-08-19T16:34:56.375636787Z,2026-08-19T16:09:45Z,-0.171,X,sensor_data
,,0,2026-08-19T15:34:56.375636787Z,2026-08-19T16:34:56.375636787Z,2026-08-19T16:09:46Z,-0.182,X,sensor_data
,,0,2026-08-19T15:34:56.375636787Z,2026-08-19T16:34:56.375636787Z,2026-08-19T16:09:47Z,-0.181,X,sensor_data
,,0,2026-08-19T15:34:56.375636787Z,2026-08-19T16:34:56.375636787Z,2026-08-19T16:09:48Z,-0.178,X,sensor_data
,,0,2026-08-19T15:34:56.375636787Z,2026-08-19T16:34:56.375636787Z,2026-08-19T16:09:49Z,-0.181,X,sensor_data
,,0,2026-08-19T15:34:56.375636787Z,2026-08-19T16:34:56.375636787Z,2026-08-19T16:09:50Z,-0.181,X,sensor_data
,,0,2026-08-19T15:34:56.375636787Z,2026-08-19T16:34:56.375636787Z,2026-08-19T16:09:51Z,-0.181,X,sensor_data
,,0,2026-08-19T15:34:56.375636787Z,2026-08-19T16:34:56.375636787Z,2026-08-19T16:09:52Z,-0.185,X,sensor_data
,,0,2026-08-19T15:34:56.375636787Z,2026-08-19T16:34:56.375636787Z,2026-08-19T16:09:53Z,-0.181,X,sensor_data
,,0,2026-08-19T15:34:56.375636787Z,2026-08-19T16:34:56.375636787Z,2026-08-19T16:09:54Z,-0.188,X,sensor_data
,,0,2026-08-19T15:34:56.375636787Z,2026-08-19T16:34:56.375636787Z,2026-08-19T16:09:55Z,-0.182,X,sensor_data
,,0,2026-08-19T15:34:56.375636787Z,2026-08-19T16:34:56.375636787Z,2026-08-19T16:09:56Z,-0.181,X,sensor_data
,,0,2026-08-19T15:34:56.375636787Z,2026-08-19T16:34:56.375636787Z,2026-08-19T16:09:57Z,-0.099,X,sensor_data
,,0,2026-08-19T15:34:56.375636787Z,2026-08-19T16:34:56.375636787Z,2026-08-19T16:09:58Z,-0.186,X,sensor_data
,,0,2026-08-19T15:34:56.375636787Z,2026-08-19T16:34:56.375636787Z,2026-08-19T16:09:59Z,-0.182,X,sensor_data
,,0,2026-08-19T15:34:56.375636787Z,2026-08-19T16:34:56.375636787Z,2026-08-19T16:10:00Z,-0.178,X,sensor_data
,,0,2026-08-19T15:34:56.375636787Z,2026-08-19T16:34:56.375636787Z,2026-08-19T16:10:01Z,-0.181,X,sensor_data
,,0,2026-08-19T15:34:56.375636787Z,2026-08-19T16:34:56.375636787Z,2026-08-19T16:10:02Z,-0.18,X,sensor_data
,,0,2026-08-19T15:34:56.375636787Z,2026-08-19T16:34:56.375636787Z,2026-08-19T16:10:03Z,-0.181,X,sensor_data
,,0,2026-08-19T15:34:56.375636787Z,2026-08-19T16:34:56.375636787Z,2026-08-19T16:10:04Z,-0.178,X,sensor_data
,,0,2026-08-19T15:34:56.375636787Z,2026-08-19T16:34:56.375636787Z,2026-08-19T16:10:05Z,-0.183,X,sensor_data
,,0,2026-08-19T15:34:56.375636787Z,2026-08-19T16:34:56.375636787Z,2026-08-19T16:10:06Z,-0.182,X,sensor_data
,,0,2026-08-19T15:34:56.375636787Z,2026-08-19T16:34:56.375636787Z,2026-08-19T16:10:07Z,-0.181,X,sensor_data
,,0,2026-08-19T15:34:56.375636787Z,2026-08-19T16:34:56.375636787Z,2026-08-19T16:10:08Z,-0.181,X,sensor_data
,,0,2026-08-19T15:34:56.375636787Z,2026-08-19T16:34:56.375636787Z,2026-08-19T16:10:09Z,-0.181,X,sensor_data
,,0,2026-08-19T15:34:56.375636787Z,2026-08-19T16:34:56.375636787Z,2026-08-19T16:10:10Z,-0.181,X,sensor_data
,,0,2026-08-19T15:34:56.375636787Z,2026-08-19T16:34:56.375636787Z,2026-08-19T16:10:11Z,-0.181,X,sensor_data
,,0,2026-08-19T15:34:56.375636787Z,2026-08-19T16:34:56.375636787Z,2026-08-19T16:10:12Z,-0.182,X,sensor_data
,,0,2026-08-19T15:34:56.375636787Z,2026-08-19T16:34:56.375636787Z,2026-08-19T16:10:13Z,-0.183,X,sensor_data
,,0,2026-08-19T15:34:56.375636787Z,2026-08-19T16:34:56.375636787Z,2026-08-19T16:10:14Z,-0.183,X,sensor_data
,,0,2026-08-19T15:34:56.375636787Z,2026-08-19T16:34:56.375636787Z,2026-08-19T16:10:15Z,-0.182,X,sensor_data
,,0,2026-08-19T15:34:56.375636787Z,2026-08-19T16:34:56.375636787Z,2026-08-19T16:10:16Z,-0.181,X,sensor_data
,,0,2026-08-19T15:34:56.375636787Z,2026-08-19T16:34:56.375636787Z,2026-08-19T16:10:17Z,-0.181,X,sensor_data
,,0,2026-08-19T15:34:56.375636787Z,2026-08-19T16:34:56.375636787Z,2026-08-19T16:10:18Z,-0.179,X,sensor_data
,,0,2026-08-19T15:34:56.375636787Z,2026-08-19T16:34:56.375636787Z,2026-08-19T16:10:19Z,-0.181,X,sensor_data
,,0,2026-08-19T15:34:56.375636787Z,2026-08-19T16:34:56.375636787Z,2026-08-19T16:10:20Z,-0.183,X,sensor_data
,,0,2026-08-19T15:34:56.375636787Z,2026-08-19T16:34:56.375636787Z,2026-08-19T16:10:21Z,-0.181,X,sensor_data
,,0,2026-08-19T15:34:56.375636787Z,2026-08-19T16:34:56.375636787Z,2026-08-19T16:10:22Z,-0.179,X,sensor_data
,,0,2026-08-19T15:34:56.375636787Z,2026-08-19T16:34:56.375636787Z,2026-08-19T16:10:23Z,-0.181,X,sensor_data
,,0,2026-08-19T15:34:56.375636787Z,2026-08-19T16:34:56.375636787Z,2026-08-19T16:10:24Z,-0.178,X,sensor_data
,,0,2026-08-19T15:34:56.375636787Z,2026-08-19T16:34:56.375636787Z,2026-08-19T16:10:25Z,-0.18,X,sensor_data
,,0,2026-08-19T15:34:56.375636787Z,2026-08-19T16:34:56.375636787Z,2026-08-19T16:10:26Z,-0.178,X,sensor_data
,,0,2026-08-19T15:34:56.375636787Z,2026-08-19T16:34:56.375636787Z,2026-08-19T16:10:27Z,-0.178,X,sensor_data
,,0,2026-08-19T15:34:56.375636787Z,2026-08-19T16:34:56.375636787Z,2026-08-19T16:10:28Z,-0.176,X,sensor_data
,,0,2026-08-19T15:34:56.375636787Z,2026-08-19T16:34:56.375636787Z,2026-08-19T16:10:29Z,-0.183,X,sensor_data
,,0,2026-08-19T15:34:56.375636787Z,2026-08-19T16:34:56.375636787Z,2026-08-19T16:10:30Z,-0.186,X,sensor_data
,,0,2026-08-19T15:34:56.375636787Z,2026-08-19T16:34:56.375636787Z,2026-08-19T16:10:31Z,-0.179,X,sensor_data
,,0,2026-08-19T15:34:56.375636787Z,2026-08-19T16:34:56.375636787Z,2026-08-19T16:10:32Z,-0.182,X,sensor_data
,,0,2026-08-19T15:34:56.375636787Z,2026-08-19T16:34:56.375636787Z,2026-08-19T16:10:33Z,-0.188,X,sensor_data
,,0,2026-08-19T15:34:56.375636787Z,2026-08-19T16:34:56.375636787Z,2026-08-19T16:10:34Z,-0.182,X,sensor_data
,,0,2026-08-19T15:34:56.375636787Z,2026-08-19T16:34:56.375636787Z,2026-08-19T16:10:35Z,-0.182,X,sensor_data
,,0,2026-08-19T15:34:56.375636787Z,2026-08-19T16:34:56.375636787Z,2026-08-19T16:10:36Z,-0.181,X,sensor_data
,,0,2026-08-19T15:34:56.375636787Z,2026-08-19T16:34:56.375636787Z,2026-08-19T16:10:37Z,-0.183,X,sensor_data
,,0,2026-08-19T15:34:56.375636787Z,2026-08-19T16:34:56.375636787Z,2026-08-19T16:10:38Z,-0.182,X,sensor_data
,,0,2026-08-19T15:34:56.375636787Z,2026-08-19T16:34:56.375636787Z,2026-08-19T16:10:39Z,-0.181,X,sensor_data
,,0,2026-08-19T15:34:56.375636787Z,2026-08-19T16:34:56.375636787Z,2026-08-19T16:10:40Z,-0.182,X,sensor_data
,,0,2026-08-19T15:34:56.375636787Z,2026-08-19T16:34:56.375636787Z,2026-08-19T16:10:41Z,-0.181,X,sensor_data
,,0,2026-08-19T15:34:56.375636787Z,2026-08-19T16:34:56.375636787Z,2026-08-19T16:10:42Z,-0.181,X,sensor_data
,,0,2026-08-19T15:34:56.375636787Z,2026-08-19T16:34:56.375636787Z,2026-08-19T16:10:43Z,-0.181,X,sensor_data
,,0,2026-08-19T15:34:56.375636787Z,2026-08-19T16:34:56.375636787Z,2026-08-19T16:10:44Z,-0.182,X,sensor_data
,,0,2026-08-19T15:34:56.375636787Z,2026-08-19T16:34:56.375636787Z,2026-08-19T16:10:45Z,-0.181,X,sensor_data
,,0,2026-08-19T15:34:56.375636787Z,2026-08-19T16:34:56.375636787Z,2026-08-19T16:10:46Z,-0.181,X,sensor_data
,,0,2026-08-19T15:34:56.375636787Z,2026-08-19T16:34:56.375636787Z,2026-08-19T16:10:47Z,-0.18,X,sensor_data
,,0,2026-08-19T15:34:56.375636787Z,2026-08-19T16:34:56.375636787Z,2026-08-19T16:10:48Z,-0.182,X,sensor_data
,,0,2026-08-19T15:34:56.375636787Z,2026-08-19T16:34:56.375636787Z,2026-08-19T16:10:49Z,-0.181,X,sensor_data
,,0,2026-08-19T15:34:56.375636787Z,2026-08-19T16:34:56.375636787Z,2026-08-19T16:10:50Z,-0.181,X,sensor_data
,,0,2026-08-19T15:34:56.375636787Z,2026-08-19T16:34:56.375636787Z,2026-08-19T16:10:51Z,-0.182,X,sensor_data
,,0,2026-08-19T15:34:56.375636787Z,2026-08-19T16:34:56.375636787Z,2026-08-19T16:10:52Z,-0.182,X,sensor_data
,,0,2026-08-19T15:34:56.375636787Z,2026-08-19T16:34:56.375636787Z,2026-08-19T16:10:54Z,-0.182,X,sensor_data
,,0,2026-08-19T15:34:56.375636787Z,2026-08-19T16:34:56.375636787Z,2026-08-19T16:10:55Z,-0.183,X,sensor_data
,,0,2026-08-19T15:34:56.375636787Z,2026-08-19T16:34:56.375636787Z,2026-08-19T16:10:56Z,-0.182,X,sensor_data
,,0,2026-08-19T15:34:56.375636787Z,2026-08-19T16:34:56.375636787Z,2026-08-19T16:10:57Z,-0.183,X,sensor_data
,,0,2026-08-19T15:34:56.375636787Z,2026-08-19T16:34:56.375636787Z,2026-08-19T16:10:58Z,-0.182,X,sensor_data
,,0,2026-08-19T15:34:56.375636787Z,2026-08-19T16:34:56.375636787Z,2026-08-19T16:10:59Z,-0.183,X,sensor_data
,,0,2026-08-19T15:34:56.375636787Z,2026-08-19T16:34:56.375636787Z,2026-08-19T16:11:00Z,-0.181,X,sensor_data
,,0,2026-08-19T15:34:56.375636787Z,2026-08-19T16:34:56.375636787Z,2026-08-19T16:11:01Z,-0.182,X,sensor_data
,,0,2026-08-19T15:34:56.375636787Z,2026-08-19T16:34:56.375636787Z,2026-08-19T16:11:02Z,-0.183,X,sensor_data
,,0,2026-08-19T15:34:56.375636787Z,2026-08-19T16:34:56.375636787Z,2026-08-19T16:11:03Z,-0.182,X,sensor_data
,,0,2026-08-19T15:34:56.375636787Z,2026-08-19T16:34:56.375636787Z,2026-08-19T16:11:04Z,-0.18,X,sensor_data
,,0,2026-08-19T15:34:56.375636787Z,2026-08-19T16:34:56.375636787Z,2026-08-19T16:11:05Z,-0.182,X,sensor_data
,,0,2026-08-19T15:34:56.375636787Z,2026-08-19T16:34:56.375636787Z,2026-08-19T16:11:06Z,-0.181,X,sensor_data
,,0,2026-08-19T15:34:56.375636787Z,2026-08-19T16:34:56.375636787Z,2026-08-19T16:11:07Z,-0.185,X,sensor_data
,,0,2026-08-19T15:34:56.375636787Z,2026-08-19T16:34:56.375636787Z,2026-08-19T16:11:08Z,-0.182,X,sensor_data
,,0,2026-08-19T15:34:56.375636787Z,2026-08-19T16:34:56.375636787Z,2026-08-19T16:11:09Z,-0.183,X,sensor_data
,,0,2026-08-19T15:34:56.375636787Z,2026-08-19T16:34:56.375636787Z,2026-08-19T16:11:10Z,-0.182,X,sensor_data
,,0,2026-08-19T15:34:56.375636787Z,2026-08-19T16:34:56.375636787Z,2026-08-19T16:11:11Z,-0.182,X,sensor_data
,,0,2026-08-19T15:34:56.375636787Z,2026-08-19T16:34:56.375636787Z,2026-08-19T16:11:12Z,-0.182,X,sensor_data
,,0,2026-08-19T15:34:56.375636787Z,2026-08-19T16:34:56.375636787Z,2026-08-19T16:11:13Z,-0.184,X,sensor_data
,,0,2026-08-19T15:34:56.375636787Z,2026-08-19T16:34:56.375636787Z,2026-08-19T16:11:14Z,-0.182,X,sensor_data
,,0,2026-08-19T15:34:56.375636787Z,2026-08-19T16:34:56.375636787Z,2026-08-19T16:11:15Z,-0.185,X,sensor_data
,,0,2026-08-19T15:34:56.375636787Z,2026-08-19T16:34:56.375636787Z,2026-08-19T16:11:16Z,-0.182,X,sensor_data
,,0,2026-08-19T15:34:56.375636787Z,2026-08-19T16:34:56.375636787Z,2026-08-19T16:11:17Z,-0.182,X,sensor_data
,,0,2026-08-19T15:34:56.375636787Z,2026-08-19T16:34:56.375636787Z,2026-08-19T16:11:18Z,-0.182,X,sensor_data
,,0,2026-08-19T15:34:56.375636787Z,2026-08-19T16:34:56.375636787Z,2026-08-19T16:11:19Z,-0.182,X,sensor_data
,,0,2026-08-19T15:34:56.375636787Z,2026-08-19T16:34:56.375636787Z,2026-08-19T16:11:20Z,-0.186,X,sensor_data
,,0,2026-08-19T15:34:56.375636787Z,2026-08-19T16:34:56.375636787Z,2026-08-19T16:11:21Z,-0.182,X,sensor_data
,,0,2026-08-19T15:34:56.375636787Z,2026-08-19T16:34:56.375636787Z,2026-08-19T16:11:22Z,-0.178,X,sensor_data
,,0,2026-08-19T15:34:56.375636787Z,2026-08-19T16:34:56.375636787Z,2026-08-19T16:11:23Z,-0.184,X,sensor_data
,,0,2026-08-19T15:34:56.375636787Z,2026-08-19T16:34:56.375636787Z,2026-08-19T16:11:24Z,-0.18,X,sensor_data
,,0,2026-08-19T15:34:56.375636787Z,2026-08-19T16:34:56.375636787Z,2026-08-19T16:11:25Z,-0.181,X,sensor_data
,,0,2026-08-19T15:34:56.375636787Z,2026-08-19T16:34:56.375636787Z,2026-08-19T16:11:26Z,-0.182,X,sensor_data
,,0,2026-08-19T15:34:56.375636787Z,2026-08-19T16:34:56.375636787Z,2026-08-19T16:11:27Z,-0.182,X,sensor_data
,,0,2026-08-19T15:34:56.375636787Z,2026-08-19T16:34:56.375636787Z,2026-08-19T16:11:28Z,-0.176,X,sensor_data
,,0,2026-08-19T15:34:56.375636787Z,2026-08-19T16:34:56.375636787Z,2026-08-19T16:11:29Z,-0.181,X,sensor_data
,,0,2026-08-19T15:34:56.375636787Z,2026-08-19T16:34:56.375636787Z,2026-08-19T16:11:30Z,-0.181,X,sensor_data
,,0,2026-08-19T15:34:56.375636787Z,2026-08-19T16:34:56.375636787Z,2026-08-19T16:11:31Z,-0.182,X,sensor_data
,,0,2026-08-19T15:34:56.375636787Z,2026-08-19T16:34:56.375636787Z,2026-08-19T16:11:32Z,-0.182,X,sensor_data
,,0,2026-08-19T15:34:56.375636787Z,2026-08-19T16:34:56.375636787Z,2026-08-19T16:11:33Z,-0.181,X,sensor_data
,,0,2026-08-19T15:34:56.375636787Z,2026-08-19T16:34:56.375636787Z,2026-08-19T16:11:34Z,-0.181,X,sensor_data
,,0,2026-08-19T15:34:56.375636787Z,2026-08-19T16:34:56.375636787Z,2026-08-19T16:11:35Z,-0.183,X,sensor_data
,,0,2026-08-19T15:34:56.375636787Z,2026-08-19T16:34:56.375636787Z,2026-08-19T16:11:36Z,-0.183,X,sensor_data
,,0,2026-08-19T15:34:56.375636787Z,2026-08-19T16:34:56.375636787Z,2026-08-19T16:11:37Z,-0.182,X,sensor_data
,,0,2026-08-19T15:34:56.375636787Z,2026-08-19T16:34:56.375636787Z,2026-08-19T16:11:38Z,-0.182,X,sensor_data
,,0,2026-08-19T15:34:56.375636787Z,2026-08-19T16:34:56.375636787Z,2026-08-19T16:11:39Z,-0.181,X,sensor_data
,,0,2026-08-19T15:34:56.375636787Z,2026-08-19T16:34:56.375636787Z,2026-08-19T16:11:40Z,-0.182,X,sensor_data
,,0,2026-08-19T15:34:56.375636787Z,2026-08-19T16:34:56.375636787Z,2026-08-19T16:11:41Z,-0.183,X,sensor_data
,,0,2026-08-19T15:34:56.375636787Z,2026-08-19T16:34:56.375636787Z,2026-08-19T16:11:42Z,-0.176,X,sensor_data
,,0,2026-08-19T15:34:56.375636787Z,2026-08-19T16:34:56.375636787Z,2026-08-19T16:11:43Z,-0.182,X,sensor_data
,,0,2026-08-19T15:34:56.375636787Z,2026-08-19T16:34:56.375636787Z,2026-08-19T16:11:44Z,-0.182,X,sensor_data
,,0,2026-08-19T15:34:56.375636787Z,2026-08-19T16:34:56.375636787Z,2026-08-19T16:11:45Z,-0.182,X,sensor_data
,,0,2026-08-19T15:34:56.375636787Z,2026-08-19T16:34:56.375636787Z,2026-08-19T16:11:46Z,-0.181,X,sensor_data
,,0,2026-08-19T15:34:56.375636787Z,2026-08-19T16:34:56.375636787Z,2026-08-19T16:11:47Z,-0.182,X,sensor_data
,,0,2026-08-19T15:34:56.375636787Z,2026-08-19T16:34:56.375636787Z,2026-08-19T16:11:48Z,-0.181,X,sensor_data
,,0,2026-08-19T15:34:56.375636787Z,2026-08-19T16:34:56.375636787Z,2026-08-19T16:11:49Z,-0.18,X,sensor_data
,,0,2026-08-19T15:34:56.375636787Z,2026-08-19T16:34:56.375636787Z,2026-08-19T16:11:50Z,-0.182,X,sensor_data
,,0,2026-08-19T15:34:56.375636787Z,2026-08-19T16:34:56.375636787Z,2026-08-19T16:11:51Z,-0.183,X,sensor_data
,,0,2026-08-19T15:34:56.375636787Z,2026-08-19T16:34:56.375636787Z,2026-08-19T16:11:52Z,-0.182,X,sensor_data
,,0,2026-08-19T15:34:56.375636787Z,2026-08-19T16:34:56.375636787Z,2026-08-19T16:11:53Z,-0.181,X,sensor_data
,,0,2026-08-19T15:34:56.375636787Z,2026-08-19T16:34:56.375636787Z,2026-08-19T16:11:54Z,-0.185,X,sensor_data
,,0,2026-08-19T15:34:56.375636787Z,2026-08-19T16:34:56.375636787Z,2026-08-19T16:11:55Z,-0.184,X,sensor_data
,,0,2026-08-19T15:34:56.375636787Z,2026-08-19T16:34:56.375636787Z,2026-08-19T16:11:56Z,-0.179,X,sensor_data
,,0,2026-08-19T15:34:56.375636787Z,2026-08-19T16:34:56.375636787Z,2026-08-19T16:11:57Z,-0.183,X,sensor_data
,,0,2026-08-19T15:34:56.375636787Z,2026-08-19T16:34:56.375636787Z,2026-08-19T16:11:58Z,-0.182,X,sensor_data
,,0,2026-08-19T15:34:56.375636787Z,2026-08-19T16:34:56.375636787Z,2026-08-19T16:11:59Z,-0.181,X,sensor_data
,,0,2026-08-19T15:34:56.375636787Z,2026-08-19T16:34:56.375636787Z,2026-08-19T16:12:00Z,-0.185,X,sensor_data
,,0,2026-08-19T15:34:56.375636787Z,2026-08-19T16:34:56.375636787Z,2026-08-19T16:12:01Z,-0.182,X,sensor_data
,,0,2026-08-19T15:34:56.375636787Z,2026-08-19T16:34:56.375636787Z,2026-08-19T16:12:02Z,-0.182,X,sensor_data
,,0,2026-08-19T15:34:56.375636787Z,2026-08-19T16:34:56.375636787Z,2026-08-19T16:12:03Z,-0.18,X,sensor_data
,,0,2026-08-19T15:34:56.375636787Z,2026-08-19T16:34:56.375636787Z,2026-08-19T16:12:04Z,-0.182,X,sensor_data
,,0,2026-08-19T15:34:56.375636787Z,2026-08-19T16:34:56.375636787Z,2026-08-19T16:12:05Z,-0.183,X,sensor_data
,,0,2026-08-19T15:34:56.375636787Z,2026-08-19T16:34:56.375636787Z,2026-08-19T16:12:06Z,-0.181,X,sensor_data
,,0,2026-08-19T15:34:56.375636787Z,2026-08-19T16:34:56.375636787Z,2026-08-19T16:12:07Z,-0.182,X,sensor_data
,,0,2026-08-19T15:34:56.375636787Z,2026-08-19T16:34:56.375636787Z,2026-08-19T16:12:08Z,-0.182,X,sensor_data
,,0,2026-08-19T15:34:56.375636787Z,2026-08-19T16:34:56.375636787Z,2026-08-19T16:12:09Z,-0.182,X,sensor_data
,,0,2026-08-19T15:34:56.375636787Z,2026-08-19T16:34:56.375636787Z,2026-08-19T16:12:10Z,-0.182,X,sensor_data
,,0,2026-08-19T15:34:56.375636787Z,2026-08-19T16:34:56.375636787Z,2026-08-19T16:12:11Z,-0.182,X,sensor_data
,,0,2026-08-19T15:34:56.375636787Z,2026-08-19T16:34:56.375636787Z,2026-08-19T16:12:12Z,-0.182,X,sensor_data
,,0,2026-08-19T15:34:56.375636787Z,2026-08-19T16:34:56.375636787Z,2026-08-19T16:12:13Z,-0.183,X,sensor_data
,,0,2026-08-19T15:34:56.375636787Z,2026-08-19T16:34:56.375636787Z,2026-08-19T16:12:14Z,-0.183,X,sensor_data
,,0,2026-08-19T15:34:56.375636787Z,2026-08-19T16:34:56.375636787Z,2026-08-19T16:12:15Z,-0.182,X,sensor_data
,,0,2026-08-19T15:34:56.375636787Z,2026-08-19T16:34:56.375636787Z,2026-08-19T16:12:16Z,-0.182,X,sensor_data
,,0,2026-08-19T15:34:56.375636787Z,2026-08-19T16:34:56.375636787Z,2026-08-19T16:12:17Z,-0.182,X,sensor_data
,,0,2026-08-19T15:34:56.375636787Z,2026-08-19T16:34:56.375636787Z,2026-08-19T16:12:18Z,-0.181,X,sensor_data
,,0,2026-08-19T15:34:56.375636787Z,2026-08-19T16:34:56.375636787Z,2026-08-19T16:12:19Z,-0.182,X,sensor_data
,,0,2026-08-19T15:34:56.375636787Z,2026-08-19T16:34:56.375636787Z,2026-08-19T16:12:20Z,-0.182,X,sensor_data
,,0,2026-08-19T15:34:56.375636787Z,2026-08-19T16:34:56.375636787Z,2026-08-19T16:12:21Z,-0.183,X,sensor_data
,,0,2026-08-19T15:34:56.375636787Z,2026-08-19T16:34:56.375636787Z,2026-08-19T16:12:22Z,-0.181,X,sensor_data
,,0,2026-08-19T15:34:56.375636787Z,2026-08-19T16:34:56.375636787Z,2026-08-19T16:12:23Z,-0.181,X,sensor_data
,,0,2026-08-19T15:34:56.375636787Z,2026-08-19T16:34:56.375636787Z,2026-08-19T16:12:24Z,-0.182,X,sensor_data
,,0,2026-08-19T15:34:56.375636787Z,2026-08-19T16:34:56.375636787Z,2026-08-19T16:12:25Z,-0.182,X,sensor_data
,,0,2026-08-19T15:34:56.375636787Z,2026-08-19T16:34:56.375636787Z,2026-08-19T16:12:26Z,-0.181,X,sensor_data
,,0,2026-08-19T15:34:56.375636787Z,2026-08-19T16:34:56.375636787Z,2026-08-19T16:12:27Z,-0.182,X,sensor_data
,,0,2026-08-19T15:34:56.375636787Z,2026-08-19T16:34:56.375636787Z,2026-08-19T16:12:28Z,-0.182,X,sensor_data
,,0,2026-08-19T15:34:56.375636787Z,2026-08-19T16:34:56.375636787Z,2026-08-19T16:12:29Z,-0.182,X,sensor_data
,,0,2026-08-19T15:34:56.375636787Z,2026-08-19T16:34:56.375636787Z,2026-08-19T16:12:30Z,-0.182,X,sensor_data
,,0,2026-08-19T15:34:56.375636787Z,2026-08-19T16:34:56.375636787Z,2026-08-19T16:12:31Z,-0.181,X,sensor_data
,,0,2026-08-19T15:34:56.375636787Z,2026-08-19T16:34:56.375636787Z,2026-08-19T16:12:32Z,-0.182,X,sensor_data
,,0,2026-08-19T15:34:56.375636787Z,2026-08-19T16:34:56.375636787Z,2026-08-19T16:12:33Z,-0.181,X,sensor_data
,,0,2026-08-19T15:34:56.375636787Z,2026-08-19T16:34:56.375636787Z,2026-08-19T16:12:34Z,-0.182,X,sensor_data
,,0,2026-08-19T15:34:56.375636787Z,2026-08-19T16:34:56.375636787Z,2026-08-19T16:12:35Z,-0.182,X,sensor_data
,,0,2026-08-19T15:34:56.375636787Z,2026-08-19T16:34:56.375636787Z,2026-08-19T16:12:36Z,-0.182,X,sensor_data
,,0,2026-08-19T15:34:56.375636787Z,2026-08-19T16:34:56.375636787Z,2026-08-19T16:12:37Z,-0.182,X,sensor_data
,,0,2026-08-19T15:34:56.375636787Z,2026-08-19T16:34:56.375636787Z,2026-08-19T16:12:38Z,-0.182,X,sensor_data
,,0,2026-08-19T15:34:56.375636787Z,2026-08-19T16:34:56.375636787Z,2026-08-19T16:12:39Z,-0.183,X,sensor_data
,,0,2026-08-19T15:34:56.375636787Z,2026-08-19T16:34:56.375636787Z,2026-08-19T16:12:40Z,-0.182,X,sensor_data
,,0,2026-08-19T15:34:56.375636787Z,2026-08-19T16:34:56.375636787Z,2026-08-19T16:12:41Z,-0.182,X,sensor_data
,,0,2026-08-19T15:34:56.375636787Z,2026-08-19T16:34:56.375636787Z,2026-08-19T16:12:42Z,-0.184,X,sensor_data
,,0,2026-08-19T15:34:56.375636787Z,2026-08-19T16:34:56.375636787Z,2026-08-19T16:12:43Z,-0.182,X,sensor_data
,,0,2026-08-19T15:34:56.375636787Z,2026-08-19T16:34:56.375636787Z,2026-08-19T16:12:44Z,-0.181,X,sensor_data
,,0,2026-08-19T15:34:56.375636787Z,2026-08-19T16:34:56.375636787Z,2026-08-19T16:12:45Z,-0.135,X,sensor_data
,,0,2026-08-19T15:34:56.375636787Z,2026-08-19T16:34:56.375636787Z,2026-08-19T16:12:46Z,-0.563,X,sensor_data
,,0,2026-08-19T15:34:56.375636787Z,2026-08-19T16:34:56.375636787Z,2026-08-19T16:12:47Z,-0.886,X,sensor_data
,,0,2026-08-19T15:34:56.375636787Z,2026-08-19T16:34:56.375636787Z,2026-08-19T16:12:48Z,-0.906,X,sensor_data
,,0,2026-08-19T15:34:56.375636787Z,2026-08-19T16:34:56.375636787Z,2026-08-19T16:12:49Z,-0.886,X,sensor_data
,,0,2026-08-19T15:34:56.375636787Z,2026-08-19T16:34:56.375636787Z,2026-08-19T16:12:50Z,-0.883,X,sensor_data
,,0,2026-08-19T15:34:56.375636787Z,2026-08-19T16:34:56.375636787Z,2026-08-19T16:12:51Z,-0.895,X,sensor_data
,,0,2026-08-19T15:34:56.375636787Z,2026-08-19T16:34:56.375636787Z,2026-08-19T16:12:52Z,-0.439,X,sensor_data
,,0,2026-08-19T15:34:56.375636787Z,2026-08-19T16:34:56.375636787Z,2026-08-19T16:12:53Z,-0.308,X,sensor_data
,,0,2026-08-19T15:34:56.375636787Z,2026-08-19T16:34:56.375636787Z,2026-08-19T16:12:54Z,-0.343,X,sensor_data
,,0,2026-08-19T15:34:56.375636787Z,2026-08-19T16:34:56.375636787Z,2026-08-19T16:12:55Z,-0.346,X,sensor_data
,,0,2026-08-19T15:34:56.375636787Z,2026-08-19T16:34:56.375636787Z,2026-08-19T16:12:56Z,-0.345,X,sensor_data
,,0,2026-08-19T15:34:56.375636787Z,2026-08-19T16:34:56.375636787Z,2026-08-19T16:12:57Z,-0.348,X,sensor_data
,,0,2026-08-19T15:34:56.375636787Z,2026-08-19T16:34:56.375636787Z,2026-08-19T16:13:06Z,-0.346,X,sensor_data
,,0,2026-08-19T15:34:56.375636787Z,2026-08-19T16:34:56.375636787Z,2026-08-19T16:13:07Z,-0.359,X,sensor_data
,,0,2026-08-19T15:34:56.375636787Z,2026-08-19T16:34:56.375636787Z,2026-08-19T16:13:08Z,-0.347,X,sensor_data
,,0,2026-08-19T15:34:56.375636787Z,2026-08-19T16:34:56.375636787Z,2026-08-19T16:13:09Z,-0.348,X,sensor_data
,,0,2026-08-19T15:34:56.375636787Z,2026-08-19T16:34:56.375636787Z,2026-08-19T16:13:10Z,-0.347,X,sensor_data
,,0,2026-08-19T15:34:56.375636787Z,2026-08-19T16:34:56.375636787Z,2026-08-19T16:13:11Z,-0.351,X,sensor_data
,,0,2026-08-19T15:34:56.375636787Z,2026-08-19T16:34:56.375636787Z,2026-08-19T16:13:12Z,-0.346,X,sensor_data
,,0,2026-08-19T15:34:56.375636787Z,2026-08-19T16:34:56.375636787Z,2026-08-19T16:13:13Z,-0.347,X,sensor_data
,,0,2026-08-19T15:34:56.375636787Z,2026-08-19T16:34:56.375636787Z,2026-08-19T16:13:14Z,-0.346,X,sensor_data
,,0,2026-08-19T15:34:56.375636787Z,2026-08-19T16:34:56.375636787Z,2026-08-19T16:13:15Z,-0.344,X,sensor_data
,,0,2026-08-19T15:34:56.375636787Z,2026-08-19T16:34:56.375636787Z,2026-08-19T16:13:16Z,-0.348,X,sensor_data
,,0,2026-08-19T15:34:56.375636787Z,2026-08-19T16:34:56.375636787Z,2026-08-19T16:13:17Z,-0.347,X,sensor_data
,,0,2026-08-19T15:34:56.375636787Z,2026-08-19T16:34:56.375636787Z,2026-08-19T16:13:18Z,-0.346,X,sensor_data
,,0,2026-08-19T15:34:56.375636787Z,2026-08-19T16:34:56.375636787Z,2026-08-19T16:13:19Z,-0.345,X,sensor_data
,,0,2026-08-19T15:34:56.375636787Z,2026-08-19T16:34:56.375636787Z,2026-08-19T16:13:20Z,-0.35,X,sensor_data
,,0,2026-08-19T15:34:56.375636787Z,2026-08-19T16:34:56.375636787Z,2026-08-19T16:13:21Z,-0.346,X,sensor_data
,,0,2026-08-19T15:34:56.375636787Z,2026-08-19T16:34:56.375636787Z,2026-08-19T16:13:22Z,-0.347,X,sensor_data
,,0,2026-08-19T15:34:56.375636787Z,2026-08-19T16:34:56.375636787Z,2026-08-19T16:13:23Z,-0.346,X,sensor_data
,,0,2026-08-19T15:34:56.375636787Z,2026-08-19T16:34:56.375636787Z,2026-08-19T16:13:24Z,-0.35,X,sensor_data
,,0,2026-08-19T15:34:56.375636787Z,2026-08-19T16:34:56.375636787Z,2026-08-19T16:13:25Z,-0.352,X,sensor_data
,,0,2026-08-19T15:34:56.375636787Z,2026-08-19T16:34:56.375636787Z,2026-08-19T16:13:26Z,-0.347,X,sensor_data
,,0,2026-08-19T15:34:56.375636787Z,2026-08-19T16:34:56.375636787Z,2026-08-19T16:13:27Z,-0.346,X,sensor_data
,,0,2026-08-19T15:34:56.375636787Z,2026-08-19T16:34:56.375636787Z,2026-08-19T16:13:28Z,-0.345,X,sensor_data
,,0,2026-08-19T15:34:56.375636787Z,2026-08-19T16:34:56.375636787Z,2026-08-19T16:13:29Z,-0.346,X,sensor_data
,,0,2026-08-19T15:34:56.375636787Z,2026-08-19T16:34:56.375636787Z,2026-08-19T16:13:30Z,-0.346,X,sensor_data
,,0,2026-08-19T15:34:56.375636787Z,2026-08-19T16:34:56.375636787Z,2026-08-19T16:13:31Z,-0.349,X,sensor_data
,,0,2026-08-19T15:34:56.375636787Z,2026-08-19T16:34:56.375636787Z,2026-08-19T16:13:32Z,-0.346,X,sensor_data
,,0,2026-08-19T15:34:56.375636787Z,2026-08-19T16:34:56.375636787Z,2026-08-19T16:13:33Z,-0.347,X,sensor_data
,,0,2026-08-19T15:34:56.375636787Z,2026-08-19T16:34:56.375636787Z,2026-08-19T16:13:34Z,-0.347,X,sensor_data
,,0,2026-08-19T15:34:56.375636787Z,2026-08-19T16:34:56.375636787Z,2026-08-19T16:13:35Z,-0.347,X,sensor_data
,,0,2026-08-19T15:34:56.375636787Z,2026-08-19T16:34:56.375636787Z,2026-08-19T16:13:36Z,-0.349,X,sensor_data
,,0,2026-08-19T15:34:56.375636787Z,2026-08-19T16:34:56.375636787Z,2026-08-19T16:13:37Z,-0.348,X,sensor_data
,,0,2026-08-19T15:34:56.375636787Z,2026-08-19T16:34:56.375636787Z,2026-08-19T16:13:38Z,-0.346,X,sensor_data
,,0,2026-08-19T15:34:56.375636787Z,2026-08-19T16:34:56.375636787Z,2026-08-19T16:13:39Z,-0.345,X,sensor_data
,,0,2026-08-19T15:34:56.375636787Z,2026-08-19T16:34:56.375636787Z,2026-08-19T16:13:40Z,-0.347,X,sensor_data
,,0,2026-08-19T15:34:56.375636787Z,2026-08-19T16:34:56.375636787Z,2026-08-19T16:13:41Z,-0.346,X,sensor_data
,,0,2026-08-19T15:34:56.375636787Z,2026-08-19T16:34:56.375636787Z,2026-08-19T16:13:42Z,-0.347,X,sensor_data
,,0,2026-08-19T15:34:56.375636787Z,2026-08-19T16:34:56.375636787Z,2026-08-19T16:13:43Z,-0.347,X,sensor_data
,,0,2026-08-19T15:34:56.375636787Z,2026-08-19T16:34:56.375636787Z,2026-08-19T16:13:44Z,-0.347,X,sensor_data
,,0,2026-08-19T15:34:56.375636787Z,2026-08-19T16:34:56.375636787Z,2026-08-19T16:13:45Z,-0.51,X,sensor_data
,,0,2026-08-19T15:34:56.375636787Z,2026-08-19T16:34:56.375636787Z,2026-08-19T16:13:46Z,-0.515,X,sensor_data
,,0,2026-08-19T15:34:56.375636787Z,2026-08-19T16:34:56.375636787Z,2026-08-19T16:13:47Z,-0.337,X,sensor_data
,,0,2026-08-19T15:34:56.375636787Z,2026-08-19T16:34:56.375636787Z,2026-08-19T16:13:48Z,-0.08,X,sensor_data
,,0,2026-08-19T15:34:56.375636787Z,2026-08-19T16:34:56.375636787Z,2026-08-19T16:13:49Z,-0.075,X,sensor_data
,,0,2026-08-19T15:34:56.375636787Z,2026-08-19T16:34:56.375636787Z,2026-08-19T16:13:50Z,-0.075,X,sensor_data
,,0,2026-08-19T15:34:56.375636787Z,2026-08-19T16:34:56.375636787Z,2026-08-19T16:13:51Z,-0.073,X,sensor_data
,,0,2026-08-19T15:34:56.375636787Z,2026-08-19T16:34:56.375636787Z,2026-08-19T16:13:52Z,-0.073,X,sensor_data
,,0,2026-08-19T15:34:56.375636787Z,2026-08-19T16:34:56.375636787Z,2026-08-19T16:13:53Z,-0.074,X,sensor_data
,,0,2026-08-19T15:34:56.375636787Z,2026-08-19T16:34:56.375636787Z,2026-08-19T16:13:54Z,-0.075,X,sensor_data
,,0,2026-08-19T15:34:56.375636787Z,2026-08-19T16:34:56.375636787Z,2026-08-19T16:13:55Z,-0.071,X,sensor_data
,,0,2026-08-19T15:34:56.375636787Z,2026-08-19T16:34:56.375636787Z,2026-08-19T16:13:56Z,-0.072,X,sensor_data
,,0,2026-08-19T15:34:56.375636787Z,2026-08-19T16:34:56.375636787Z,2026-08-19T16:13:57Z,-0.072,X,sensor_data
,,0,2026-08-19T15:34:56.375636787Z,2026-08-19T16:34:56.375636787Z,2026-08-19T16:13:58Z,-0.071,X,sensor_data
,,0,2026-08-19T15:34:56.375636787Z,2026-08-19T16:34:56.375636787Z,2026-08-19T16:13:59Z,-0.072,X,sensor_data
,,0,2026-08-19T15:34:56.375636787Z,2026-08-19T16:34:56.375636787Z,2026-08-19T16:14:00Z,-0.072,X,sensor_data
,,0,2026-08-19T15:34:56.375636787Z,2026-08-19T16:34:56.375636787Z,2026-08-19T16:14:01Z,-0.072,X,sensor_data
,,0,2026-08-19T15:34:56.375636787Z,2026-08-19T16:34:56.375636787Z,2026-08-19T16:14:02Z,-0.071,X,sensor_data
,,0,2026-08-19T15:34:56.375636787Z,2026-08-19T16:34:56.375636787Z,2026-08-19T16:14:03Z,-0.071,X,sensor_data
,,0,2026-08-19T15:34:56.375636787Z,2026-08-19T16:34:56.375636787Z,2026-08-19T16:14:04Z,-0.071,X,sensor_data
,,0,2026-08-19T15:34:56.375636787Z,2026-08-19T16:34:56.375636787Z,2026-08-19T16:14:05Z,-0.072,X,sensor_data
,,0,2026-08-19T15:34:56.375636787Z,2026-08-19T16:34:56.375636787Z,2026-08-19T16:14:06Z,-0.071,X,sensor_data
,,0,2026-08-19T15:34:56.375636787Z,2026-08-19T16:34:56.375636787Z,2026-08-19T16:14:07Z,-0.071,X,sensor_data
,,0,2026-08-19T15:34:56.375636787Z,2026-08-19T16:34:56.375636787Z,2026-08-19T16:14:08Z,-0.071,X,sensor_data
,,0,2026-08-19T15:34:56.375636787Z,2026-08-19T16:34:56.375636787Z,2026-08-19T16:14:09Z,-0.071,X,sensor_data
,,0,2026-08-19T15:34:56.375636787Z,2026-08-19T16:34:56.375636787Z,2026-08-19T16:14:10Z,-0.071,X,sensor_data
,,0,2026-08-19T15:34:56.375636787Z,2026-08-19T16:34:56.375636787Z,2026-08-19T16:14:11Z,-0.071,X,sensor_data
,,0,2026-08-19T15:34:56.375636787Z,2026-08-19T16:34:56.375636787Z,2026-08-19T16:14:12Z,-0.073,X,sensor_data
,,0,2026-08-19T15:34:56.375636787Z,2026-08-19T16:34:56.375636787Z,2026-08-19T16:14:13Z,-0.074,X,sensor_data
,,0,2026-08-19T15:34:56.375636787Z,2026-08-19T16:34:56.375636787Z,2026-08-19T16:14:14Z,-0.071,X,sensor_data
,,0,2026-08-19T15:34:56.375636787Z,2026-08-19T16:34:56.375636787Z,2026-08-19T16:14:15Z,-0.073,X,sensor_data
,,0,2026-08-19T15:34:56.375636787Z,2026-08-19T16:34:56.375636787Z,2026-08-19T16:14:16Z,-0.072,X,sensor_data
,,0,2026-08-19T15:34:56.375636787Z,2026-08-19T16:34:56.375636787Z,2026-08-19T16:14:17Z,-0.071,X,sensor_data
,,0,2026-08-19T15:34:56.375636787Z,2026-08-19T16:34:56.375636787Z,2026-08-19T16:14:18Z,-0.072,X,sensor_data
,,0,2026-08-19T15:34:56.375636787Z,2026-08-19T16:34:56.375636787Z,2026-08-19T16:14:19Z,-0.07,X,sensor_data
,,0,2026-08-19T15:34:56.375636787Z,2026-08-19T16:34:56.375636787Z,2026-08-19T16:14:20Z,-0.071,X,sensor_data
,,0,2026-08-19T15:34:56.375636787Z,2026-08-19T16:34:56.375636787Z,2026-08-19T16:14:21Z,-0.071,X,sensor_data
,,0,2026-08-19T15:34:56.375636787Z,2026-08-19T16:34:56.375636787Z,2026-08-19T16:14:22Z,-0.07,X,sensor_data
,,0,2026-08-19T15:34:56.375636787Z,2026-08-19T16:34:56.375636787Z,2026-08-19T16:14:23Z,-0.07,X,sensor_data
,,0,2026-08-19T15:34:56.375636787Z,2026-08-19T16:34:56.375636787Z,2026-08-19T16:14:24Z,-0.07,X,sensor_data
,,0,2026-08-19T15:34:56.375636787Z,2026-08-19T16:34:56.375636787Z,2026-08-19T16:14:25Z,-0.071,X,sensor_data
,,0,2026-08-19T15:34:56.375636787Z,2026-08-19T16:34:56.375636787Z,2026-08-19T16:14:26Z,-0.071,X,sensor_data
,,0,2026-08-19T15:34:56.375636787Z,2026-08-19T16:34:56.375636787Z,2026-08-19T16:14:27Z,-0.071,X,sensor_data
,,0,2026-08-19T15:34:56.375636787Z,2026-08-19T16:34:56.375636787Z,2026-08-19T16:14:28Z,-0.068,X,sensor_data
,,0,2026-08-19T15:34:56.375636787Z,2026-08-19T16:34:56.375636787Z,2026-08-19T16:14:29Z,-0.07,X,sensor_data
,,0,2026-08-19T15:34:56.375636787Z,2026-08-19T16:34:56.375636787Z,2026-08-19T16:14:30Z,-0.071,X,sensor_data
,,0,2026-08-19T15:34:56.375636787Z,2026-08-19T16:34:56.375636787Z,2026-08-19T16:14:31Z,-0.071,X,sensor_data
,,0,2026-08-19T15:34:56.375636787Z,2026-08-19T16:34:56.375636787Z,2026-08-19T16:14:32Z,-0.07,X,sensor_data
,,0,2026-08-19T15:34:56.375636787Z,2026-08-19T16:34:56.375636787Z,2026-08-19T16:14:33Z,-0.07,X,sensor_data
,,0,2026-08-19T15:34:56.375636787Z,2026-08-19T16:34:56.375636787Z,2026-08-19T16:14:34Z,-0.071,X,sensor_data
,,0,2026-08-19T15:34:56.375636787Z,2026-08-19T16:34:56.375636787Z,2026-08-19T16:14:35Z,-0.07,X,sensor_data
,,0,2026-08-19T15:34:56.375636787Z,2026-08-19T16:34:56.375636787Z,2026-08-19T16:14:36Z,-0.07,X,sensor_data
,,0,2026-08-19T15:34:56.375636787Z,2026-08-19T16:34:56.375636787Z,2026-08-19T16:14:37Z,-0.071,X,sensor_data
,,0,2026-08-19T15:34:56.375636787Z,2026-08-19T16:34:56.375636787Z,2026-08-19T16:14:38Z,-0.071,X,sensor_data
,,0,2026-08-19T15:34:56.375636787Z,2026-08-19T16:34:56.375636787Z,2026-08-19T16:14:39Z,-0.07,X,sensor_data
,,0,2026-08-19T15:34:56.375636787Z,2026-08-19T16:34:56.375636787Z,2026-08-19T16:14:40Z,-0.07,X,sensor_data
,,0,2026-08-19T15:34:56.375636787Z,2026-08-19T16:34:56.375636787Z,2026-08-19T16:14:41Z,-0.071,X,sensor_data
,,0,2026-08-19T15:34:56.375636787Z,2026-08-19T16:34:56.375636787Z,2026-08-19T16:14:42Z,-0.07,X,sensor_data
,,0,2026-08-19T15:34:56.375636787Z,2026-08-19T16:34:56.375636787Z,2026-08-19T16:14:43Z,-0.07,X,sensor_data
,,0,2026-08-19T15:34:56.375636787Z,2026-08-19T16:34:56.375636787Z,2026-08-19T16:14:44Z,-0.07,X,sensor_data
,,0,2026-08-19T15:34:56.375636787Z,2026-08-19T16:34:56.375636787Z,2026-08-19T16:14:45Z,-0.071,X,sensor_data
,,0,2026-08-19T15:34:56.375636787Z,2026-08-19T16:34:56.375636787Z,2026-08-19T16:14:46Z,-0.071,X,sensor_data
,,0,2026-08-19T15:34:56.375636787Z,2026-08-19T16:34:56.375636787Z,2026-08-19T16:14:47Z,-0.071,X,sensor_data
,,0,2026-08-19T15:34:56.375636787Z,2026-08-19T16:34:56.375636787Z,2026-08-19T16:14:48Z,-0.069,X,sensor_data
,,0,2026-08-19T15:34:56.375636787Z,2026-08-19T16:34:56.375636787Z,2026-08-19T16:14:49Z,-0.07,X,sensor_data
,,0,2026-08-19T15:34:56.375636787Z,2026-08-19T16:34:56.375636787Z,2026-08-19T16:14:50Z,-0.071,X,sensor_data
,,0,2026-08-19T15:34:56.375636787Z,2026-08-19T16:34:56.375636787Z,2026-08-19T16:14:51Z,-0.071,X,sensor_data
,,0,2026-08-19T15:34:56.375636787Z,2026-08-19T16:34:56.375636787Z,2026-08-19T16:14:52Z,-0.07,X,sensor_data
,,0,2026-08-19T15:34:56.375636787Z,2026-08-19T16:34:56.375636787Z,2026-08-19T16:14:53Z,-0.071,X,sensor_data
,,0,2026-08-19T15:34:56.375636787Z,2026-08-19T16:34:56.375636787Z,2026-08-19T16:14:54Z,-0.07,X,sensor_data
,,0,2026-08-19T15:34:56.375636787Z,2026-08-19T16:34:56.375636787Z,2026-08-19T16:14:55Z,-0.071,X,sensor_data
,,0,2026-08-19T15:34:56.375636787Z,2026-08-19T16:34:56.375636787Z,2026-08-19T16:14:56Z,-0.07,X,sensor_data
,,0,2026-08-19T15:34:56.375636787Z,2026-08-19T16:34:56.375636787Z,2026-08-19T16:14:57Z,-0.071,X,sensor_data
,,0,2026-08-19T15:34:56.375636787Z,2026-08-19T16:34:56.375636787Z,2026-08-19T16:14:58Z,-0.071,X,sensor_data
,,0,2026-08-19T15:34:56.375636787Z,2026-08-19T16:34:56.375636787Z,2026-08-19T16:14:59Z,-0.07,X,sensor_data
,,0,2026-08-19T15:34:56.375636787Z,2026-08-19T16:34:56.375636787Z,2026-08-19T16:15:00Z,-0.071,X,sensor_data
,,0,2026-08-19T15:34:56.375636787Z,2026-08-19T16:34:56.375636787Z,2026-08-19T16:15:01Z,-0.071,X,sensor_data
,,0,2026-08-19T15:34:56.375636787Z,2026-08-19T16:34:56.375636787Z,2026-08-19T16:15:02Z,-0.069,X,sensor_data
,,0,2026-08-19T15:34:56.375636787Z,2026-08-19T16:34:56.375636787Z,2026-08-19T16:15:10Z,-0.069,X,sensor_data
,,0,2026-08-19T15:34:56.375636787Z,2026-08-19T16:34:56.375636787Z,2026-08-19T16:15:11Z,-0.071,X,sensor_data
,,0,2026-08-19T15:34:56.375636787Z,2026-08-19T16:34:56.375636787Z,2026-08-19T16:15:12Z,-0.071,X,sensor_data
,,0,2026-08-19T15:34:56.375636787Z,2026-08-19T16:34:56.375636787Z,2026-08-19T16:15:13Z,-0.07,X,sensor_data
,,0,2026-08-19T15:34:56.375636787Z,2026-08-19T16:34:56.375636787Z,2026-08-19T16:15:14Z,-0.072,X,sensor_data
,,0,2026-08-19T15:34:56.375636787Z,2026-08-19T16:34:56.375636787Z,2026-08-19T16:15:15Z,-0.07,X,sensor_data
,,0,2026-08-19T15:34:56.375636787Z,2026-08-19T16:34:56.375636787Z,2026-08-19T16:15:16Z,-0.07,X,sensor_data
,,0,2026-08-19T15:34:56.375636787Z,2026-08-19T16:34:56.375636787Z,2026-08-19T16:15:17Z,-0.072,X,sensor_data
,,0,2026-08-19T15:34:56.375636787Z,2026-08-19T16:34:56.375636787Z,2026-08-19T16:15:18Z,-0.07,X,sensor_data
,,0,2026-08-19T15:34:56.375636787Z,2026-08-19T16:34:56.375636787Z,2026-08-19T16:15:19Z,-0.07,X,sensor_data
,,0,2026-08-19T15:34:56.375636787Z,2026-08-19T16:34:56.375636787Z,2026-08-19T16:15:20Z,-0.071,X,sensor_data
,,0,2026-08-19T15:34:56.375636787Z,2026-08-19T16:34:56.375636787Z,2026-08-19T16:15:21Z,-0.071,X,sensor_data
,,0,2026-08-19T15:34:56.375636787Z,2026-08-19T16:34:56.375636787Z,2026-08-19T16:15:22Z,-0.071,X,sensor_data
,,0,2026-08-19T15:34:56.375636787Z,2026-08-19T16:34:56.375636787Z,2026-08-19T16:15:23Z,-0.071,X,sensor_data
,,0,2026-08-19T15:34:56.375636787Z,2026-08-19T16:34:56.375636787Z,2026-08-19T16:15:24Z,-0.07,X,sensor_data
,,0,2026-08-19T15:34:56.375636787Z,2026-08-19T16:34:56.375636787Z,2026-08-19T16:15:25Z,-0.072,X,sensor_data
,,0,2026-08-19T15:34:56.375636787Z,2026-08-19T16:34:56.375636787Z,2026-08-19T16:15:26Z,-0.07,X,sensor_data
,,0,2026-08-19T15:34:56.375636787Z,2026-08-19T16:34:56.375636787Z,2026-08-19T16:15:27Z,-0.072,X,sensor_data
,,0,2026-08-19T15:34:56.375636787Z,2026-08-19T16:34:56.375636787Z,2026-08-19T16:15:28Z,-0.07,X,sensor_data
,,0,2026-08-19T15:34:56.375636787Z,2026-08-19T16:34:56.375636787Z,2026-08-19T16:15:29Z,-0.07,X,sensor_data
,,0,2026-08-19T15:34:56.375636787Z,2026-08-19T16:34:56.375636787Z,2026-08-19T16:15:30Z,-0.071,X,sensor_data
,,0,2026-08-19T15:34:56.375636787Z,2026-08-19T16:34:56.375636787Z,2026-08-19T16:15:31Z,-0.07,X,sensor_data
,,0,2026-08-19T15:34:56.375636787Z,2026-08-19T16:34:56.375636787Z,2026-08-19T16:15:32Z,-0.07,X,sensor_data
,,0,2026-08-19T15:34:56.375636787Z,2026-08-19T16:34:56.375636787Z,2026-08-19T16:15:33Z,-0.07,X,sensor_data
,,0,2026-08-19T15:34:56.375636787Z,2026-08-19T16:34:56.375636787Z,2026-08-19T16:15:34Z,-0.071,X,sensor_data
,,0,2026-08-19T15:34:56.375636787Z,2026-08-19T16:34:56.375636787Z,2026-08-19T16:15:35Z,-0.071,X,sensor_data
,,0,2026-08-19T15:34:56.375636787Z,2026-08-19T16:34:56.375636787Z,2026-08-19T16:15:36Z,-0.07,X,sensor_data
,,0,2026-08-19T15:34:56.375636787Z,2026-08-19T16:34:56.375636787Z,2026-08-19T16:15:37Z,-0.071,X,sensor_data
,,0,2026-08-19T15:34:56.375636787Z,2026-08-19T16:34:56.375636787Z,2026-08-19T16:15:38Z,-0.071,X,sensor_data
,,0,2026-08-19T15:34:56.375636787Z,2026-08-19T16:34:56.375636787Z,2026-08-19T16:15:39Z,-0.071,X,sensor_data
,,0,2026-08-19T15:34:56.375636787Z,2026-08-19T16:34:56.375636787Z,2026-08-19T16:15:40Z,-0.07,X,sensor_data
,,0,2026-08-19T15:34:56.375636787Z,2026-08-19T16:34:56.375636787Z,2026-08-19T16:15:41Z,-0.069,X,sensor_data
,,0,2026-08-19T15:34:56.375636787Z,2026-08-19T16:34:56.375636787Z,2026-08-19T16:15:42Z,-0.07,X,sensor_data
,,0,2026-08-19T15:34:56.375636787Z,2026-08-19T16:34:56.375636787Z,2026-08-19T16:15:43Z,-0.07,X,sensor_data
,,0,2026-08-19T15:34:56.375636787Z,2026-08-19T16:34:56.375636787Z,2026-08-19T16:15:44Z,-0.07,X,sensor_data
,,0,2026-08-19T15:34:56.375636787Z,2026-08-19T16:34:56.375636787Z,2026-08-19T16:15:45Z,-0.07,X,sensor_data
,,0,2026-08-19T15:34:56.375636787Z,2026-08-19T16:34:56.375636787Z,2026-08-19T16:15:46Z,-0.07,X,sensor_data
,,0,2026-08-19T15:34:56.375636787Z,2026-08-19T16:34:56.375636787Z,2026-08-19T16:15:47Z,-0.071,X,sensor_data
,,0,2026-08-19T15:34:56.375636787Z,2026-08-19T16:34:56.375636787Z,2026-08-19T16:15:48Z,-0.07,X,sensor_data
,,0,2026-08-19T15:34:56.375636787Z,2026-08-19T16:34:56.375636787Z,2026-08-19T16:15:49Z,-0.07,X,sensor_data
,,0,2026-08-19T15:34:56.375636787Z,2026-08-19T16:34:56.375636787Z,2026-08-19T16:15:50Z,-0.07,X,sensor_data
,,0,2026-08-19T15:34:56.375636787Z,2026-08-19T16:34:56.375636787Z,2026-08-19T16:15:51Z,-0.071,X,sensor_data
,,0,2026-08-19T15:34:56.375636787Z,2026-08-19T16:34:56.375636787Z,2026-08-19T16:15:52Z,-0.071,X,sensor_data
,,0,2026-08-19T15:34:56.375636787Z,2026-08-19T16:34:56.375636787Z,2026-08-19T16:15:53Z,-0.07,X,sensor_data
,,0,2026-08-19T15:34:56.375636787Z,2026-08-19T16:34:56.375636787Z,2026-08-19T16:15:54Z,-0.071,X,sensor_data
,,0,2026-08-19T15:34:56.375636787Z,2026-08-19T16:34:56.375636787Z,2026-08-19T16:15:55Z,-0.07,X,sensor_data
,,0,2026-08-19T15:34:56.375636787Z,2026-08-19T16:34:56.375636787Z,2026-08-19T16:15:56Z,-0.071,X,sensor_data
,,0,2026-08-19T15:34:56.375636787Z,2026-08-19T16:34:56.375636787Z,2026-08-19T16:15:57Z,-0.072,X,sensor_data
,,0,2026-08-19T15:34:56.375636787Z,2026-08-19T16:34:56.375636787Z,2026-08-19T16:15:58Z,-0.071,X,sensor_data
,,0,2026-08-19T15:34:56.375636787Z,2026-08-19T16:34:56.375636787Z,2026-08-19T16:15:59Z,-0.07,X,sensor_data
,,0,2026-08-19T15:34:56.375636787Z,2026-08-19T16:34:56.375636787Z,2026-08-19T16:16:00Z,-0.07,X,sensor_data
,,0,2026-08-19T15:34:56.375636787Z,2026-08-19T16:34:56.375636787Z,2026-08-19T16:16:01Z,-0.069,X,sensor_data
,,0,2026-08-19T15:34:56.375636787Z,2026-08-19T16:34:56.375636787Z,2026-08-19T16:16:02Z,-0.053,X,sensor_data
,,0,2026-08-19T15:34:56.375636787Z,2026-08-19T16:34:56.375636787Z,2026-08-19T16:16:03Z,-0.071,X,sensor_data
,,0,2026-08-19T15:34:56.375636787Z,2026-08-19T16:34:56.375636787Z,2026-08-19T16:16:04Z,-0.07,X,sensor_data
,,0,2026-08-19T15:34:56.375636787Z,2026-08-19T16:34:56.375636787Z,2026-08-19T16:16:05Z,-0.071,X,sensor_data
,,0,2026-08-19T15:34:56.375636787Z,2026-08-19T16:34:56.375636787Z,2026-08-19T16:16:06Z,-0.07,X,sensor_data
,,0,2026-08-19T15:34:56.375636787Z,2026-08-19T16:34:56.375636787Z,2026-08-19T16:16:07Z,-0.07,X,sensor_data
,,0,2026-08-19T15:34:56.375636787Z,2026-08-19T16:34:56.375636787Z,2026-08-19T16:16:08Z,-0.07,X,sensor_data
,,0,2026-08-19T15:34:56.375636787Z,2026-08-19T16:34:56.375636787Z,2026-08-19T16:16:10Z,-0.069,X,sensor_data
,,0,2026-08-19T15:34:56.375636787Z,2026-08-19T16:34:56.375636787Z,2026-08-19T16:16:11Z,-0.071,X,sensor_data
,,0,2026-08-19T15:34:56.375636787Z,2026-08-19T16:34:56.375636787Z,2026-08-19T16:16:12Z,-0.071,X,sensor_data
,,0,2026-08-19T15:34:56.375636787Z,2026-08-19T16:34:56.375636787Z,2026-08-19T16:16:13Z,-0.069,X,sensor_data
,,0,2026-08-19T15:34:56.375636787Z,2026-08-19T16:34:56.375636787Z,2026-08-19T16:16:14Z,-0.07,X,sensor_data
,,0,2026-08-19T15:34:56.375636787Z,2026-08-19T16:34:56.375636787Z,2026-08-19T16:16:15Z,-0.07,X,sensor_data
,,0,2026-08-19T15:34:56.375636787Z,2026-08-19T16:34:56.375636787Z,2026-08-19T16:16:16Z,-0.071,X,sensor_data
,,0,2026-08-19T15:34:56.375636787Z,2026-08-19T16:34:56.375636787Z,2026-08-19T16:16:17Z,-0.071,X,sensor_data
,,0,2026-08-19T15:34:56.375636787Z,2026-08-19T16:34:56.375636787Z,2026-08-19T16:16:18Z,-0.071,X,sensor_data
,,0,2026-08-19T15:34:56.375636787Z,2026-08-19T16:34:56.375636787Z,2026-08-19T16:16:19Z,-0.071,X,sensor_data
,,0,2026-08-19T15:34:56.375636787Z,2026-08-19T16:34:56.375636787Z,2026-08-19T16:16:20Z,-0.07,X,sensor_data
,,0,2026-08-19T15:34:56.375636787Z,2026-08-19T16:34:56.375636787Z,2026-08-19T16:16:21Z,-0.069,X,sensor_data
,,0,2026-08-19T15:34:56.375636787Z,2026-08-19T16:34:56.375636787Z,2026-08-19T16:16:22Z,-0.07,X,sensor_data
,,0,2026-08-19T15:34:56.375636787Z,2026-08-19T16:34:56.375636787Z,2026-08-19T16:16:23Z,-0.07,X,sensor_data
,,0,2026-08-19T15:34:56.375636787Z,2026-08-19T16:34:56.375636787Z,2026-08-19T16:16:24Z,-0.071,X,sensor_data
,,0,2026-08-19T15:34:56.375636787Z,2026-08-19T16:34:56.375636787Z,2026-08-19T16:16:25Z,-0.071,X,sensor_data
,,0,2026-08-19T15:34:56.375636787Z,2026-08-19T16:34:56.375636787Z,2026-08-19T16:16:26Z,-0.07,X,sensor_data
,,0,2026-08-19T15:34:56.375636787Z,2026-08-19T16:34:56.375636787Z,2026-08-19T16:16:27Z,-0.066,X,sensor_data
,,0,2026-08-19T15:34:56.375636787Z,2026-08-19T16:34:56.375636787Z,2026-08-19T16:16:28Z,-0.068,X,sensor_data
,,0,2026-08-19T15:34:56.375636787Z,2026-08-19T16:34:56.375636787Z,2026-08-19T16:16:29Z,-0.067,X,sensor_data
,,0,2026-08-19T15:34:56.375636787Z,2026-08-19T16:34:56.375636787Z,2026-08-19T16:16:30Z,-0.069,X,sensor_data
,,0,2026-08-19T15:34:56.375636787Z,2026-08-19T16:34:56.375636787Z,2026-08-19T16:16:31Z,-0.071,X,sensor_data
,,0,2026-08-19T15:34:56.375636787Z,2026-08-19T16:34:56.375636787Z,2026-08-19T16:16:32Z,-0.07,X,sensor_data
,,0,2026-08-19T15:34:56.375636787Z,2026-08-19T16:34:56.375636787Z,2026-08-19T16:16:33Z,-0.071,X,sensor_data
,,0,2026-08-19T15:34:56.375636787Z,2026-08-19T16:34:56.375636787Z,2026-08-19T16:16:34Z,-0.071,X,sensor_data
,,0,2026-08-19T15:34:56.375636787Z,2026-08-19T16:34:56.375636787Z,2026-08-19T16:16:35Z,-0.071,X,sensor_data
,,0,2026-08-19T15:34:56.375636787Z,2026-08-19T16:34:56.375636787Z,2026-08-19T16:16:36Z,-0.07,X,sensor_data
,,0,2026-08-19T15:34:56.375636787Z,2026-08-19T16:34:56.375636787Z,2026-08-19T16:16:37Z,-0.071,X,sensor_data
,,0,2026-08-19T15:34:56.375636787Z,2026-08-19T16:34:56.375636787Z,2026-08-19T16:16:38Z,-0.071,X,sensor_data
,,0,2026-08-19T15:34:56.375636787Z,2026-08-19T16:34:56.375636787Z,2026-08-19T16:16:39Z,-0.07,X,sensor_data
,,0,2026-08-19T15:34:56.375636787Z,2026-08-19T16:34:56.375636787Z,2026-08-19T16:16:40Z,-0.07,X,sensor_data
,,0,2026-08-19T15:34:56.375636787Z,2026-08-19T16:34:56.375636787Z,2026-08-19T16:16:41Z,-0.071,X,sensor_data
,,0,2026-08-19T15:34:56.375636787Z,2026-08-19T16:34:56.375636787Z,2026-08-19T16:16:42Z,-0.067,X,sensor_data
,,0,2026-08-19T15:34:56.375636787Z,2026-08-19T16:34:56.375636787Z,2026-08-19T16:16:43Z,-0.07,X,sensor_data
,,0,2026-08-19T15:34:56.375636787Z,2026-08-19T16:34:56.375636787Z,2026-08-19T16:16:44Z,-0.069,X,sensor_data
,,0,2026-08-19T15:34:56.375636787Z,2026-08-19T16:34:56.375636787Z,2026-08-19T16:16:45Z,-0.07,X,sensor_data
,,0,2026-08-19T15:34:56.375636787Z,2026-08-19T16:34:56.375636787Z,2026-08-19T16:16:46Z,-0.071,X,sensor_data
,,0,2026-08-19T15:34:56.375636787Z,2026-08-19T16:34:56.375636787Z,2026-08-19T16:16:47Z,-0.07,X,sensor_data
,,0,2026-08-19T15:34:56.375636787Z,2026-08-19T16:34:56.375636787Z,2026-08-19T16:16:48Z,-0.057,X,sensor_data
,,0,2026-08-19T15:34:56.375636787Z,2026-08-19T16:34:56.375636787Z,2026-08-19T16:16:49Z,-0.056,X,sensor_data
,,0,2026-08-19T15:34:56.375636787Z,2026-08-19T16:34:56.375636787Z,2026-08-19T16:16:50Z,-0.058,X,sensor_data
,,0,2026-08-19T15:34:56.375636787Z,2026-08-19T16:34:56.375636787Z,2026-08-19T16:16:51Z,-0.057,X,sensor_data
,,0,2026-08-19T15:34:56.375636787Z,2026-08-19T16:34:56.375636787Z,2026-08-19T16:16:55Z,-0.055,X,sensor_data
,,0,2026-08-19T15:34:56.375636787Z,2026-08-19T16:34:56.375636787Z,2026-08-19T16:16:56Z,-0.057,X,sensor_data
,,0,2026-08-19T15:34:56.375636787Z,2026-08-19T16:34:56.375636787Z,2026-08-19T16:16:57Z,-0.056,X,sensor_data
,,0,2026-08-19T15:34:56.375636787Z,2026-08-19T16:34:56.375636787Z,2026-08-19T16:16:58Z,-0.056,X,sensor_data
,,0,2026-08-19T15:34:56.375636787Z,2026-08-19T16:34:56.375636787Z,2026-08-19T16:16:59Z,-0.055,X,sensor_data
,,0,2026-08-19T15:34:56.375636787Z,2026-08-19T16:34:56.375636787Z,2026-08-19T16:17:00Z,-0.058,X,sensor_data
,,0,2026-08-19T15:34:56.375636787Z,2026-08-19T16:34:56.375636787Z,2026-08-19T16:17:01Z,-0.058,X,sensor_data
,,0,2026-08-19T15:34:56.375636787Z,2026-08-19T16:34:56.375636787Z,2026-08-19T16:17:02Z,-0.056,X,sensor_data
,,0,2026-08-19T15:34:56.375636787Z,2026-08-19T16:34:56.375636787Z,2026-08-19T16:17:03Z,-0.057,X,sensor_data
,,0,2026-08-19T15:34:56.375636787Z,2026-08-19T16:34:56.375636787Z,2026-08-19T16:17:04Z,-0.056,X,sensor_data
,,0,2026-08-19T15:34:56.375636787Z,2026-08-19T16:34:56.375636787Z,2026-08-19T16:17:05Z,-0.056,X,sensor_data
,,0,2026-08-19T15:34:56.375636787Z,2026-08-19T16:34:56.375636787Z,2026-08-19T16:17:06Z,-0.056,X,sensor_data
,,0,2026-08-19T15:34:56.375636787Z,2026-08-19T16:34:56.375636787Z,2026-08-19T16:17:07Z,-0.057,X,sensor_data
,,0,2026-08-19T15:34:56.375636787Z,2026-08-19T16:34:56.375636787Z,2026-08-19T16:17:08Z,-0.057,X,sensor_data
,,0,2026-08-19T15:34:56.375636787Z,2026-08-19T16:34:56.375636787Z,2026-08-19T16:17:09Z,-0.055,X,sensor_data
,,0,2026-08-19T15:34:56.375636787Z,2026-08-19T16:34:56.375636787Z,2026-08-19T16:17:10Z,-0.056,X,sensor_data
,,0,2026-08-19T15:34:56.375636787Z,2026-08-19T16:34:56.375636787Z,2026-08-19T16:17:11Z,-0.055,X,sensor_data
,,0,2026-08-19T15:34:56.375636787Z,2026-08-19T16:34:56.375636787Z,2026-08-19T16:17:12Z,-0.055,X,sensor_data
,,0,2026-08-19T15:34:56.375636787Z,2026-08-19T16:34:56.375636787Z,2026-08-19T16:17:13Z,-0.055,X,sensor_data
,,0,2026-08-19T15:34:56.375636787Z,2026-08-19T16:34:56.375636787Z,2026-08-19T16:17:14Z,-0.056,X,sensor_data
,,0,2026-08-19T15:34:56.375636787Z,2026-08-19T16:34:56.375636787Z,2026-08-19T16:17:15Z,-0.057,X,sensor_data
,,0,2026-08-19T15:34:56.375636787Z,2026-08-19T16:34:56.375636787Z,2026-08-19T16:17:24Z,-0.056,X,sensor_data
,,0,2026-08-19T15:34:56.375636787Z,2026-08-19T16:34:56.375636787Z,2026-08-19T16:17:25Z,-0.056,X,sensor_data
,,0,2026-08-19T15:34:56.375636787Z,2026-08-19T16:34:56.375636787Z,2026-08-19T16:17:26Z,-0.058,X,sensor_data
,,0,2026-08-19T15:34:56.375636787Z,2026-08-19T16:34:56.375636787Z,2026-08-19T16:17:27Z,-0.055,X,sensor_data
,,0,2026-08-19T15:34:56.375636787Z,2026-08-19T16:34:56.375636787Z,2026-08-19T16:17:28Z,-0.055,X,sensor_data
,,0,2026-08-19T15:34:56.375636787Z,2026-08-19T16:34:56.375636787Z,2026-08-19T16:17:29Z,-0.055,X,sensor_data
,,0,2026-08-19T15:34:56.375636787Z,2026-08-19T16:34:56.375636787Z,2026-08-19T16:17:30Z,-0.055,X,sensor_data
,,0,2026-08-19T15:34:56.375636787Z,2026-08-19T16:34:56.375636787Z,2026-08-19T16:17:31Z,-0.054,X,sensor_data
,,0,2026-08-19T15:34:56.375636787Z,2026-08-19T16:34:56.375636787Z,2026-08-19T16:17:32Z,-0.056,X,sensor_data
,,0,2026-08-19T15:34:56.375636787Z,2026-08-19T16:34:56.375636787Z,2026-08-19T16:17:33Z,-0.054,X,sensor_data
,,0,2026-08-19T15:34:56.375636787Z,2026-08-19T16:34:56.375636787Z,2026-08-19T16:17:34Z,-0.055,X,sensor_data
,,0,2026-08-19T15:34:56.375636787Z,2026-08-19T16:34:56.375636787Z,2026-08-19T16:17:35Z,-0.056,X,sensor_data
,,0,2026-08-19T15:34:56.375636787Z,2026-08-19T16:34:56.375636787Z,2026-08-19T16:17:36Z,-0.056,X,sensor_data
,,0,2026-08-19T15:34:56.375636787Z,2026-08-19T16:34:56.375636787Z,2026-08-19T16:17:37Z,-0.053,X,sensor_data
,,0,2026-08-19T15:34:56.375636787Z,2026-08-19T16:34:56.375636787Z,2026-08-19T16:17:38Z,-0.054,X,sensor_data
,,0,2026-08-19T15:34:56.375636787Z,2026-08-19T16:34:56.375636787Z,2026-08-19T16:17:39Z,-0.054,X,sensor_data
,,0,2026-08-19T15:34:56.375636787Z,2026-08-19T16:34:56.375636787Z,2026-08-19T16:17:40Z,-0.054,X,sensor_data
,,0,2026-08-19T15:34:56.375636787Z,2026-08-19T16:34:56.375636787Z,2026-08-19T16:17:41Z,-0.055,X,sensor_data
,,0,2026-08-19T15:34:56.375636787Z,2026-08-19T16:34:56.375636787Z,2026-08-19T16:17:42Z,-0.057,X,sensor_data
,,0,2026-08-19T15:34:56.375636787Z,2026-08-19T16:34:56.375636787Z,2026-08-19T16:17:43Z,-0.054,X,sensor_data
,,0,2026-08-19T15:34:56.375636787Z,2026-08-19T16:34:56.375636787Z,2026-08-19T16:17:44Z,-0.054,X,sensor_data
,,0,2026-08-19T15:34:56.375636787Z,2026-08-19T16:34:56.375636787Z,2026-08-19T16:17:45Z,-0.053,X,sensor_data
,,0,2026-08-19T15:34:56.375636787Z,2026-08-19T16:34:56.375636787Z,2026-08-19T16:17:46Z,-0.058,X,sensor_data
,,0,2026-08-19T15:34:56.375636787Z,2026-08-19T16:34:56.375636787Z,2026-08-19T16:17:47Z,-0.059,X,sensor_data
,,0,2026-08-19T15:34:56.375636787Z,2026-08-19T16:34:56.375636787Z,2026-08-19T16:17:48Z,-0.059,X,sensor_data
,,0,2026-08-19T15:34:56.375636787Z,2026-08-19T16:34:56.375636787Z,2026-08-19T16:17:49Z,-0.058,X,sensor_data
,,0,2026-08-19T15:34:56.375636787Z,2026-08-19T16:34:56.375636787Z,2026-08-19T16:17:50Z,-0.056,X,sensor_data
,,0,2026-08-19T15:34:56.375636787Z,2026-08-19T16:34:56.375636787Z,2026-08-19T16:17:51Z,-0.059,X,sensor_data
,,0,2026-08-19T15:34:56.375636787Z,2026-08-19T16:34:56.375636787Z,2026-08-19T16:17:52Z,-0.059,X,sensor_data
,,0,2026-08-19T15:34:56.375636787Z,2026-08-19T16:34:56.375636787Z,2026-08-19T16:17:53Z,-0.058,X,sensor_data
,,0,2026-08-19T15:34:56.375636787Z,2026-08-19T16:34:56.375636787Z,2026-08-19T16:17:54Z,-0.059,X,sensor_data
,,0,2026-08-19T15:34:56.375636787Z,2026-08-19T16:34:56.375636787Z,2026-08-19T16:17:55Z,-0.058,X,sensor_data
,,0,2026-08-19T15:34:56.375636787Z,2026-08-19T16:34:56.375636787Z,2026-08-19T16:17:56Z,-0.058,X,sensor_data
,,0,2026-08-19T15:34:56.375636787Z,2026-08-19T16:34:56.375636787Z,2026-08-19T16:17:57Z,-0.059,X,sensor_data
,,0,2026-08-19T15:34:56.375636787Z,2026-08-19T16:34:56.375636787Z,2026-08-19T16:17:58Z,-0.058,X,sensor_data
,,0,2026-08-19T15:34:56.375636787Z,2026-08-19T16:34:56.375636787Z,2026-08-19T16:17:59Z,-0.058,X,sensor_data
,,0,2026-08-19T15:34:56.375636787Z,2026-08-19T16:34:56.375636787Z,2026-08-19T16:18:00Z,-0.057,X,sensor_data
,,0,2026-08-19T15:34:56.375636787Z,2026-08-19T16:34:56.375636787Z,2026-08-19T16:18:01Z,-0.058,X,sensor_data
,,0,2026-08-19T15:34:56.375636787Z,2026-08-19T16:34:56.375636787Z,2026-08-19T16:18:02Z,-0.056,X,sensor_data
,,0,2026-08-19T15:34:56.375636787Z,2026-08-19T16:34:56.375636787Z,2026-08-19T16:18:03Z,-0.057,X,sensor_data
,,0,2026-08-19T15:34:56.375636787Z,2026-08-19T16:34:56.375636787Z,2026-08-19T16:18:04Z,-0.056,X,sensor_data
,,0,2026-08-19T15:34:56.375636787Z,2026-08-19T16:34:56.375636787Z,2026-08-19T16:18:05Z,-0.057,X,sensor_data
,,0,2026-08-19T15:34:56.375636787Z,2026-08-19T16:34:56.375636787Z,2026-08-19T16:18:06Z,-0.057,X,sensor_data
,,1,2026-08-19T15:34:56.375636787Z,2026-08-19T16:34:56.375636787Z,2026-08-19T15:49:40Z,0.144,Y,sensor_data
,,1,2026-08-19T15:34:56.375636787Z,2026-08-19T16:34:56.375636787Z,2026-08-19T15:49:41Z,0.144,Y,sensor_data
,,1,2026-08-19T15:34:56.375636787Z,2026-08-19T16:34:56.375636787Z,2026-08-19T15:49:42Z,0.144,Y,sensor_data
,,1,2026-08-19T15:34:56.375636787Z,2026-08-19T16:34:56.375636787Z,2026-08-19T15:49:43Z,0.143,Y,sensor_data
,,1,2026-08-19T15:34:56.375636787Z,2026-08-19T16:34:56.375636787Z,2026-08-19T15:49:44Z,0.144,Y,sensor_data
,,1,2026-08-19T15:34:56.375636787Z,2026-08-19T16:34:56.375636787Z,2026-08-19T15:49:45Z,0.144,Y,sensor_data
,,1,2026-08-19T15:34:56.375636787Z,2026-08-19T16:34:56.375636787Z,2026-08-19T15:49:46Z,0.144,Y,sensor_data
,,1,2026-08-19T15:34:56.375636787Z,2026-08-19T16:34:56.375636787Z,2026-08-19T15:49:47Z,0.144,Y,sensor_data
,,1,2026-08-19T15:34:56.375636787Z,2026-08-19T16:34:56.375636787Z,2026-08-19T15:49:48Z,0.145,Y,sensor_data
,,1,2026-08-19T15:34:56.375636787Z,2026-08-19T16:34:56.375636787Z,2026-08-19T15:49:49Z,0.145,Y,sensor_data
,,1,2026-08-19T15:34:56.375636787Z,2026-08-19T16:34:56.375636787Z,2026-08-19T15:49:50Z,0.142,Y,sensor_data
,,1,2026-08-19T15:34:56.375636787Z,2026-08-19T16:34:56.375636787Z,2026-08-19T15:49:51Z,0.144,Y,sensor_data
,,1,2026-08-19T15:34:56.375636787Z,2026-08-19T16:34:56.375636787Z,2026-08-19T15:49:52Z,0.145,Y,sensor_data
,,1,2026-08-19T15:34:56.375636787Z,2026-08-19T16:34:56.375636787Z,2026-08-19T15:49:53Z,0.145,Y,sensor_data
,,1,2026-08-19T15:34:56.375636787Z,2026-08-19T16:34:56.375636787Z,2026-08-19T15:49:54Z,0.145,Y,sensor_data
,,1,2026-08-19T15:34:56.375636787Z,2026-08-19T16:34:56.375636787Z,2026-08-19T15:49:55Z,0.145,Y,sensor_data
,,1,2026-08-19T15:34:56.375636787Z,2026-08-19T16:34:56.375636787Z,2026-08-19T15:49:56Z,0.144,Y,sensor_data
,,1,2026-08-19T15:34:56.375636787Z,2026-08-19T16:34:56.375636787Z,2026-08-19T15:49:57Z,0.144,Y,sensor_data
,,1,2026-08-19T15:34:56.375636787Z,2026-08-19T16:34:56.375636787Z,2026-08-19T15:49:58Z,0.144,Y,sensor_data
,,1,2026-08-19T15:34:56.375636787Z,2026-08-19T16:34:56.375636787Z,2026-08-19T15:49:59Z,0.145,Y,sensor_data
,,1,2026-08-19T15:34:56.375636787Z,2026-08-19T16:34:56.375636787Z,2026-08-19T15:50:00Z,0.144,Y,sensor_data
,,1,2026-08-19T15:34:56.375636787Z,2026-08-19T16:34:56.375636787Z,2026-08-19T15:50:04Z,0.144,Y,sensor_data
,,1,2026-08-19T15:34:56.375636787Z,2026-08-19T16:34:56.375636787Z,2026-08-19T15:50:05Z,0.144,Y,sensor_data
,,1,2026-08-19T15:34:56.375636787Z,2026-08-19T16:34:56.375636787Z,2026-08-19T15:50:06Z,0.145,Y,sensor_data
,,1,2026-08-19T15:34:56.375636787Z,2026-08-19T16:34:56.375636787Z,2026-08-19T15:50:07Z,0.144,Y,sensor_data
,,1,2026-08-19T15:34:56.375636787Z,2026-08-19T16:34:56.375636787Z,2026-08-19T15:50:08Z,0.145,Y,sensor_data
,,1,2026-08-19T15:34:56.375636787Z,2026-08-19T16:34:56.375636787Z,2026-08-19T15:50:09Z,0.143,Y,sensor_data
,,1,2026-08-19T15:34:56.375636787Z,2026-08-19T16:34:56.375636787Z,2026-08-19T15:50:10Z,0.147,Y,sensor_data
,,1,2026-08-19T15:34:56.375636787Z,2026-08-19T16:34:56.375636787Z,2026-08-19T15:50:11Z,0.144,Y,sensor_data
,,1,2026-08-19T15:34:56.375636787Z,2026-08-19T16:34:56.375636787Z,2026-08-19T15:50:12Z,0.144,Y,sensor_data
,,1,2026-08-19T15:34:56.375636787Z,2026-08-19T16:34:56.375636787Z,2026-08-19T15:50:13Z,0.143,Y,sensor_data
,,1,2026-08-19T15:34:56.375636787Z,2026-08-19T16:34:56.375636787Z,2026-08-19T15:50:14Z,0.144,Y,sensor_data
,,1,2026-08-19T15:34:56.375636787Z,2026-08-19T16:34:56.375636787Z,2026-08-19T15:50:15Z,0.145,Y,sensor_data
,,1,2026-08-19T15:34:56.375636787Z,2026-08-19T16:34:56.375636787Z,2026-08-19T15:50:16Z,0.144,Y,sensor_data
,,1,2026-08-19T15:34:56.375636787Z,2026-08-19T16:34:56.375636787Z,2026-08-19T15:50:17Z,0.144,Y,sensor_data
,,1,2026-08-19T15:34:56.375636787Z,2026-08-19T16:34:56.375636787Z,2026-08-19T15:50:18Z,0.144,Y,sensor_data
,,1,2026-08-19T15:34:56.375636787Z,2026-08-19T16:34:56.375636787Z,2026-08-19T15:50:19Z,0.144,Y,sensor_data
,,1,2026-08-19T15:34:56.375636787Z,2026-08-19T16:34:56.375636787Z,2026-08-19T15:50:20Z,0.145,Y,sensor_data
,,1,2026-08-19T15:34:56.375636787Z,2026-08-19T16:34:56.375636787Z,2026-08-19T15:50:21Z,0.145,Y,sensor_data
,,1,2026-08-19T15:34:56.375636787Z,2026-08-19T16:34:56.375636787Z,2026-08-19T15:50:22Z,0.144,Y,sensor_data
,,1,2026-08-19T15:34:56.375636787Z,2026-08-19T16:34:56.375636787Z,2026-08-19T15:50:23Z,0.144,Y,sensor_data
,,1,2026-08-19T15:34:56.375636787Z,2026-08-19T16:34:56.375636787Z,2026-08-19T15:50:24Z,0.145,Y,sensor_data
,,1,2026-08-19T15:34:56.375636787Z,2026-08-19T16:34:56.375636787Z,2026-08-19T15:50:25Z,0.144,Y,sensor_data
,,1,2026-08-19T15:34:56.375636787Z,2026-08-19T16:34:56.375636787Z,2026-08-19T15:50:26Z,0.144,Y,sensor_data
,,1,2026-08-19T15:34:56.375636787Z,2026-08-19T16:34:56.375636787Z,2026-08-19T15:50:27Z,0.144,Y,sensor_data
,,1,2026-08-19T15:34:56.375636787Z,2026-08-19T16:34:56.375636787Z,2026-08-19T15:50:28Z,0.144,Y,sensor_data
,,1,2026-08-19T15:34:56.375636787Z,2026-08-19T16:34:56.375636787Z,2026-08-19T15:50:29Z,0.145,Y,sensor_data
,,1,2026-08-19T15:34:56.375636787Z,2026-08-19T16:34:56.375636787Z,2026-08-19T15:50:30Z,0.145,Y,sensor_data
,,1,2026-08-19T15:34:56.375636787Z,2026-08-19T16:34:56.375636787Z,2026-08-19T15:50:31Z,0.085,Y,sensor_data
,,1,2026-08-19T15:34:56.375636787Z,2026-08-19T16:34:56.375636787Z,2026-08-19T15:50:32Z,0.357,Y,sensor_data
,,1,2026-08-19T15:34:56.375636787Z,2026-08-19T16:34:56.375636787Z,2026-08-19T15:50:33Z,0.506,Y,sensor_data
,,1,2026-08-19T15:34:56.375636787Z,2026-08-19T16:34:56.375636787Z,2026-08-19T15:50:34Z,0.555,Y,sensor_data
,,1,2026-08-19T15:34:56.375636787Z,2026-08-19T16:34:56.375636787Z,2026-08-19T15:50:35Z,0.39,Y,sensor_data
,,1,2026-08-19T15:34:56.375636787Z,2026-08-19T16:34:56.375636787Z,2026-08-19T15:50:36Z,0.098,Y,sensor_data
,,1,2026-08-19T15:34:56.375636787Z,2026-08-19T16:34:56.375636787Z,2026-08-19T15:50:37Z,0.194,Y,sensor_data
,,1,2026-08-19T15:34:56.375636787Z,2026-08-19T16:34:56.375636787Z,2026-08-19T15:50:38Z,-0.67,Y,sensor_data
,,1,2026-08-19T15:34:56.375636787Z,2026-08-19T16:34:56.375636787Z,2026-08-19T15:50:39Z,0.313,Y,sensor_data
,,1,2026-08-19T15:34:56.375636787Z,2026-08-19T16:34:56.375636787Z,2026-08-19T15:50:40Z,0.261,Y,sensor_data
,,1,2026-08-19T15:34:56.375636787Z,2026-08-19T16:34:56.375636787Z,2026-08-19T15:50:41Z,0.349,Y,sensor_data
,,1,2026-08-19T15:34:56.375636787Z,2026-08-19T16:34:56.375636787Z,2026-08-19T15:50:42Z,-0.05,Y,sensor_data
,,1,2026-08-19T15:34:56.375636787Z,2026-08-19T16:34:56.375636787Z,2026-08-19T15:50:43Z,-0.049,Y,sensor_data
,,1,2026-08-19T15:34:56.375636787Z,2026-08-19T16:34:56.375636787Z,2026-08-19T15:50:44Z,-0.05,Y,sensor_data
,,1,2026-08-19T15:34:56.375636787Z,2026-08-19T16:34:56.375636787Z,2026-08-19T15:50:45Z,-0.05,Y,sensor_data
,,1,2026-08-19T15:34:56.375636787Z,2026-08-19T16:34:56.375636787Z,2026-08-19T15:50:46Z,-0.05,Y,sensor_data
,,1,2026-08-19T15:34:56.375636787Z,2026-08-19T16:34:56.375636787Z,2026-08-19T15:50:47Z,-0.05,Y,sensor_data
,,1,2026-08-19T15:34:56.375636787Z,2026-08-19T16:34:56.375636787Z,2026-08-19T15:50:48Z,-0.05,Y,sensor_data
,,1,2026-08-19T15:34:56.375636787Z,2026-08-19T16:34:56.375636787Z,2026-08-19T15:50:49Z,-0.05,Y,sensor_data
,,1,2026-08-19T15:34:56.375636787Z,2026-08-19T16:34:56.375636787Z,2026-08-19T15:50:50Z,-0.05,Y,sensor_data
,,1,2026-08-19T15:34:56.375636787Z,2026-08-19T16:34:56.375636787Z,2026-08-19T15:50:51Z,-0.05,Y,sensor_data
,,1,2026-08-19T15:34:56.375636787Z,2026-08-19T16:34:56.375636787Z,2026-08-19T15:50:52Z,-0.049,Y,sensor_data
,,1,2026-08-19T15:34:56.375636787Z,2026-08-19T16:34:56.375636787Z,2026-08-19T15:50:53Z,-0.05,Y,sensor_data
,,1,2026-08-19T15:34:56.375636787Z,2026-08-19T16:34:56.375636787Z,2026-08-19T15:50:54Z,-0.05,Y,sensor_data
,,1,2026-08-19T15:34:56.375636787Z,2026-08-19T16:34:56.375636787Z,2026-08-19T15:50:55Z,-0.05,Y,sensor_data
,,1,2026-08-19T15:34:56.375636787Z,2026-08-19T16:34:56.375636787Z,2026-08-19T15:50:56Z,-0.05,Y,sensor_data
,,1,2026-08-19T15:34:56.375636787Z,2026-08-19T16:34:56.375636787Z,2026-08-19T15:50:57Z,-0.05,Y,sensor_data
,,1,2026-08-19T15:34:56.375636787Z,2026-08-19T16:34:56.375636787Z,2026-08-19T15:50:58Z,-0.05,Y,sensor_data
,,1,2026-08-19T15:34:56.375636787Z,2026-08-19T16:34:56.375636787Z,2026-08-19T15:50:59Z,-0.05,Y,sensor_data
,,1,2026-08-19T15:34:56.375636787Z,2026-08-19T16:34:56.375636787Z,2026-08-19T15:51:00Z,-0.05,Y,sensor_data
,,1,2026-08-19T15:34:56.375636787Z,2026-08-19T16:34:56.375636787Z,2026-08-19T15:51:01Z,-0.05,Y,sensor_data
,,1,2026-08-19T15:34:56.375636787Z,2026-08-19T16:34:56.375636787Z,2026-08-19T15:51:02Z,-0.051,Y,sensor_data
,,1,2026-08-19T15:34:56.375636787Z,2026-08-19T16:34:56.375636787Z,2026-08-19T15:51:03Z,-0.051,Y,sensor_data
,,1,2026-08-19T15:34:56.375636787Z,2026-08-19T16:34:56.375636787Z,2026-08-19T15:51:04Z,-0.05,Y,sensor_data
,,1,2026-08-19T15:34:56.375636787Z,2026-08-19T16:34:56.375636787Z,2026-08-19T15:51:05Z,-0.05,Y,sensor_data
,,1,2026-08-19T15:34:56.375636787Z,2026-08-19T16:34:56.375636787Z,2026-08-19T15:51:06Z,-0.05,Y,sensor_data
,,1,2026-08-19T15:34:56.375636787Z,2026-08-19T16:34:56.375636787Z,2026-08-19T15:51:07Z,-0.05,Y,sensor_data
,,1,2026-08-19T15:34:56.375636787Z,2026-08-19T16:34:56.375636787Z,2026-08-19T15:51:08Z,-0.049,Y,sensor_data
,,1,2026-08-19T15:34:56.375636787Z,2026-08-19T16:34:56.375636787Z,2026-08-19T15:51:09Z,-0.051,Y,sensor_data
,,1,2026-08-19T15:34:56.375636787Z,2026-08-19T16:34:56.375636787Z,2026-08-19T15:51:10Z,-0.051,Y,sensor_data
,,1,2026-08-19T15:34:56.375636787Z,2026-08-19T16:34:56.375636787Z,2026-08-19T15:51:11Z,-0.049,Y,sensor_data
,,1,2026-08-19T15:34:56.375636787Z,2026-08-19T16:34:56.375636787Z,2026-08-19T15:51:12Z,-0.051,Y,sensor_data
,,1,2026-08-19T15:34:56.375636787Z,2026-08-19T16:34:56.375636787Z,2026-08-19T15:51:13Z,-0.05,Y,sensor_data
,,1,2026-08-19T15:34:56.375636787Z,2026-08-19T16:34:56.375636787Z,2026-08-19T15:51:14Z,-0.05,Y,sensor_data
,,1,2026-08-19T15:34:56.375636787Z,2026-08-19T16:34:56.375636787Z,2026-08-19T15:51:15Z,-0.05,Y,sensor_data
,,1,2026-08-19T15:34:56.375636787Z,2026-08-19T16:34:56.375636787Z,2026-08-19T15:51:16Z,-0.05,Y,sensor_data
,,1,2026-08-19T15:34:56.375636787Z,2026-08-19T16:34:56.375636787Z,2026-08-19T15:51:17Z,-0.05,Y,sensor_data
,,1,2026-08-19T15:34:56.375636787Z,2026-08-19T16:34:56.375636787Z,2026-08-19T15:51:18Z,-0.05,Y,sensor_data
,,1,2026-08-19T15:34:56.375636787Z,2026-08-19T16:34:56.375636787Z,2026-08-19T15:51:19Z,-0.05,Y,sensor_data
,,1,2026-08-19T15:34:56.375636787Z,2026-08-19T16:34:56.375636787Z,2026-08-19T15:51:20Z,-0.05,Y,sensor_data
,,1,2026-08-19T15:34:56.375636787Z,2026-08-19T16:34:56.375636787Z,2026-08-19T15:51:21Z,-0.05,Y,sensor_data
,,1,2026-08-19T15:34:56.375636787Z,2026-08-19T16:34:56.375636787Z,2026-08-19T15:51:22Z,-0.048,Y,sensor_data
,,1,2026-08-19T15:34:56.375636787Z,2026-08-19T16:34:56.375636787Z,2026-08-19T15:51:23Z,-0.05,Y,sensor_data
,,1,2026-08-19T15:34:56.375636787Z,2026-08-19T16:34:56.375636787Z,2026-08-19T15:51:24Z,-0.051,Y,sensor_data
,,1,2026-08-19T15:34:56.375636787Z,2026-08-19T16:34:56.375636787Z,2026-08-19T15:51:44Z,-0.05,Y,sensor_data
,,1,2026-08-19T15:34:56.375636787Z,2026-08-19T16:34:56.375636787Z,2026-08-19T15:51:45Z,0.349,Y,sensor_data
,,1,2026-08-19T15:34:56.375636787Z,2026-08-19T16:34:56.375636787Z,2026-08-19T15:51:46Z,-0.031,Y,sensor_data
,,1,2026-08-19T15:34:56.375636787Z,2026-08-19T16:34:56.375636787Z,2026-08-19T15:51:47Z,0.002,Y,sensor_data
,,1,2026-08-19T15:34:56.375636787Z,2026-08-19T16:34:56.375636787Z,2026-08-19T15:51:48Z,0.004,Y,sensor_data
,,1,2026-08-19T15:34:56.375636787Z,2026-08-19T16:34:56.375636787Z,2026-08-19T15:51:49Z,0.005,Y,sensor_data
,,1,2026-08-19T15:34:56.375636787Z,2026-08-19T16:34:56.375636787Z,2026-08-19T15:51:50Z,-0.012,Y,sensor_data
,,1,2026-08-19T15:34:56.375636787Z,2026-08-19T16:34:56.375636787Z,2026-08-19T15:51:51Z,-0.016,Y,sensor_data
,,1,2026-08-19T15:34:56.375636787Z,2026-08-19T16:34:56.375636787Z,2026-08-19T15:51:52Z,-0.372,Y,sensor_data
,,1,2026-08-19T15:34:56.375636787Z,2026-08-19T16:34:56.375636787Z,2026-08-19T15:51:53Z,0.021,Y,sensor_data
,,1,2026-08-19T15:34:56.375636787Z,2026-08-19T16:34:56.375636787Z,2026-08-19T15:51:54Z,0.023,Y,sensor_data
,,1,2026-08-19T15:34:56.375636787Z,2026-08-19T16:34:56.375636787Z,2026-08-19T15:51:55Z,0.021,Y,sensor_data
,,1,2026-08-19T15:34:56.375636787Z,2026-08-19T16:34:56.375636787Z,2026-08-19T15:51:56Z,0.086,Y,sensor_data
,,1,2026-08-19T15:34:56.375636787Z,2026-08-19T16:34:56.375636787Z,2026-08-19T15:51:57Z,0.06,Y,sensor_data
,,1,2026-08-19T15:34:56.375636787Z,2026-08-19T16:34:56.375636787Z,2026-08-19T15:51:58Z,0.043,Y,sensor_data
,,1,2026-08-19T15:34:56.375636787Z,2026-08-19T16:34:56.375636787Z,2026-08-19T15:51:59Z,0.032,Y,sensor_data
,,1,2026-08-19T15:34:56.375636787Z,2026-08-19T16:34:56.375636787Z,2026-08-19T15:52:41Z,0.042,Y,sensor_data
,,1,2026-08-19T15:34:56.375636787Z,2026-08-19T16:34:56.375636787Z,2026-08-19T15:52:42Z,0.042,Y,sensor_data
,,1,2026-08-19T15:34:56.375636787Z,2026-08-19T16:34:56.375636787Z,2026-08-19T15:52:43Z,0.043,Y,sensor_data
,,1,2026-08-19T15:34:56.375636787Z,2026-08-19T16:34:56.375636787Z,2026-08-19T15:52:44Z,0.042,Y,sensor_data
,,1,2026-08-19T15:34:56.375636787Z,2026-08-19T16:34:56.375636787Z,2026-08-19T15:52:45Z,0.042,Y,sensor_data
,,1,2026-08-19T15:34:56.375636787Z,2026-08-19T16:34:56.375636787Z,2026-08-19T15:52:46Z,0.042,Y,sensor_data
,,1,2026-08-19T15:34:56.375636787Z,2026-08-19T16:34:56.375636787Z,2026-08-19T15:52:47Z,0.036,Y,sensor_data
,,1,2026-08-19T15:34:56.375636787Z,2026-08-19T16:34:56.375636787Z,2026-08-19T15:52:48Z,0.048,Y,sensor_data
,,1,2026-08-19T15:34:56.375636787Z,2026-08-19T16:34:56.375636787Z,2026-08-19T15:52:49Z,0.042,Y,sensor_data
,,1,2026-08-19T15:34:56.375636787Z,2026-08-19T16:34:56.375636787Z,2026-08-19T15:52:50Z,0.041,Y,sensor_data
,,1,2026-08-19T15:34:56.375636787Z,2026-08-19T16:34:56.375636787Z,2026-08-19T15:52:51Z,0.047,Y,sensor_data
,,1,2026-08-19T15:34:56.375636787Z,2026-08-19T16:34:56.375636787Z,2026-08-19T15:52:52Z,0.042,Y,sensor_data
,,1,2026-08-19T15:34:56.375636787Z,2026-08-19T16:34:56.375636787Z,2026-08-19T15:52:53Z,0.041,Y,sensor_data
,,1,2026-08-19T15:34:56.375636787Z,2026-08-19T16:34:56.375636787Z,2026-08-19T15:52:54Z,0.042,Y,sensor_data
,,1,2026-08-19T15:34:56.375636787Z,2026-08-19T16:34:56.375636787Z,2026-08-19T15:52:55Z,0.043,Y,sensor_data
,,1,2026-08-19T15:34:56.375636787Z,2026-08-19T16:34:56.375636787Z,2026-08-19T15:52:56Z,0.043,Y,sensor_data
,,1,2026-08-19T15:34:56.375636787Z,2026-08-19T16:34:56.375636787Z,2026-08-19T15:52:57Z,0.043,Y,sensor_data
,,1,2026-08-19T15:34:56.375636787Z,2026-08-19T16:34:56.375636787Z,2026-08-19T15:52:58Z,0.067,Y,sensor_data
,,1,2026-08-19T15:34:56.375636787Z,2026-08-19T16:34:56.375636787Z,2026-08-19T15:52:59Z,0.043,Y,sensor_data
,,1,2026-08-19T15:34:56.375636787Z,2026-08-19T16:34:56.375636787Z,2026-08-19T15:53:00Z,0.01,Y,sensor_data
,,1,2026-08-19T15:34:56.375636787Z,2026-08-19T16:34:56.375636787Z,2026-08-19T15:53:01Z,0.042,Y,sensor_data
,,1,2026-08-19T15:34:56.375636787Z,2026-08-19T16:34:56.375636787Z,2026-08-19T15:53:02Z,0.066,Y,sensor_data
,,1,2026-08-19T15:34:56.375636787Z,2026-08-19T16:34:56.375636787Z,2026-08-19T15:53:03Z,0.043,Y,sensor_data
,,1,2026-08-19T15:34:56.375636787Z,2026-08-19T16:34:56.375636787Z,2026-08-19T15:53:04Z,0.042,Y,sensor_data
,,1,2026-08-19T15:34:56.375636787Z,2026-08-19T16:34:56.375636787Z,2026-08-19T15:53:05Z,0.02,Y,sensor_data
,,1,2026-08-19T15:34:56.375636787Z,2026-08-19T16:34:56.375636787Z,2026-08-19T15:53:06Z,0.043,Y,sensor_data
,,1,2026-08-19T15:34:56.375636787Z,2026-08-19T16:34:56.375636787Z,2026-08-19T15:53:07Z,0.068,Y,sensor_data
,,1,2026-08-19T15:34:56.375636787Z,2026-08-19T16:34:56.375636787Z,2026-08-19T15:53:08Z,0.044,Y,sensor_data
,,1,2026-08-19T15:34:56.375636787Z,2026-08-19T16:34:56.375636787Z,2026-08-19T15:53:09Z,0.044,Y,sensor_data
,,1,2026-08-19T15:34:56.375636787Z,2026-08-19T16:34:56.375636787Z,2026-08-19T15:53:10Z,0.043,Y,sensor_data
,,1,2026-08-19T15:34:56.375636787Z,2026-08-19T16:34:56.375636787Z,2026-08-19T15:53:11Z,0.043,Y,sensor_data
,,1,2026-08-19T15:34:56.375636787Z,2026-08-19T16:34:56.375636787Z,2026-08-19T15:53:12Z,0.042,Y,sensor_data
,,1,2026-08-19T15:34:56.375636787Z,2026-08-19T16:34:56.375636787Z,2026-08-19T15:53:13Z,0.062,Y,sensor_data
,,1,2026-08-19T15:34:56.375636787Z,2026-08-19T16:34:56.375636787Z,2026-08-19T15:53:14Z,0.068,Y,sensor_data
,,1,2026-08-19T15:34:56.375636787Z,2026-08-19T16:34:56.375636787Z,2026-08-19T15:53:15Z,0.042,Y,sensor_data
,,1,2026-08-19T15:34:56.375636787Z,2026-08-19T16:34:56.375636787Z,2026-08-19T15:53:16Z,0.043,Y,sensor_data
,,1,2026-08-19T15:34:56.375636787Z,2026-08-19T16:34:56.375636787Z,2026-08-19T15:53:17Z,0.043,Y,sensor_data
,,1,2026-08-19T15:34:56.375636787Z,2026-08-19T16:34:56.375636787Z,2026-08-19T15:53:18Z,0.043,Y,sensor_data
,,1,2026-08-19T15:34:56.375636787Z,2026-08-19T16:34:56.375636787Z,2026-08-19T15:53:19Z,0.043,Y,sensor_data
,,1,2026-08-19T15:34:56.375636787Z,2026-08-19T16:34:56.375636787Z,2026-08-19T15:53:20Z,0.042,Y,sensor_data
,,1,2026-08-19T15:34:56.375636787Z,2026-08-19T16:34:56.375636787Z,2026-08-19T15:53:21Z,0.044,Y,sensor_data
,,1,2026-08-19T15:34:56.375636787Z,2026-08-19T16:34:56.375636787Z,2026-08-19T15:53:22Z,0.043,Y,sensor_data
,,1,2026-08-19T15:34:56.375636787Z,2026-08-19T16:34:56.375636787Z,2026-08-19T15:53:23Z,0.043,Y,sensor_data
,,1,2026-08-19T15:34:56.375636787Z,2026-08-19T16:34:56.375636787Z,2026-08-19T15:53:24Z,0.043,Y,sensor_data
,,1,2026-08-19T15:34:56.375636787Z,2026-08-19T16:34:56.375636787Z,2026-08-19T15:53:25Z,0.043,Y,sensor_data
,,1,2026-08-19T15:34:56.375636787Z,2026-08-19T16:34:56.375636787Z,2026-08-19T15:53:26Z,0.042,Y,sensor_data
,,1,2026-08-19T15:34:56.375636787Z,2026-08-19T16:34:56.375636787Z,2026-08-19T15:53:27Z,0.044,Y,sensor_data
,,1,2026-08-19T15:34:56.375636787Z,2026-08-19T16:34:56.375636787Z,2026-08-19T15:53:28Z,0.043,Y,sensor_data
,,1,2026-08-19T15:34:56.375636787Z,2026-08-19T16:34:56.375636787Z,2026-08-19T15:53:29Z,0.043,Y,sensor_data
,,1,2026-08-19T15:34:56.375636787Z,2026-08-19T16:34:56.375636787Z,2026-08-19T15:53:30Z,0.043,Y,sensor_data
,,1,2026-08-19T15:34:56.375636787Z,2026-08-19T16:34:56.375636787Z,2026-08-19T15:53:31Z,0.042,Y,sensor_data
,,1,2026-08-19T15:34:56.375636787Z,2026-08-19T16:34:56.375636787Z,2026-08-19T15:53:32Z,0.043,Y,sensor_data
,,1,2026-08-19T15:34:56.375636787Z,2026-08-19T16:34:56.375636787Z,2026-08-19T15:53:33Z,0.043,Y,sensor_data
,,1,2026-08-19T15:34:56.375636787Z,2026-08-19T16:34:56.375636787Z,2026-08-19T15:53:34Z,0.042,Y,sensor_data
,,1,2026-08-19T15:34:56.375636787Z,2026-08-19T16:34:56.375636787Z,2026-08-19T15:53:35Z,0.043,Y,sensor_data
,,1,2026-08-19T15:34:56.375636787Z,2026-08-19T16:34:56.375636787Z,2026-08-19T15:53:36Z,0.042,Y,sensor_data
,,1,2026-08-19T15:34:56.375636787Z,2026-08-19T16:34:56.375636787Z,2026-08-19T15:53:37Z,0.042,Y,sensor_data
,,1,2026-08-19T15:34:56.375636787Z,2026-08-19T16:34:56.375636787Z,2026-08-19T15:53:38Z,0.043,Y,sensor_data
,,1,2026-08-19T15:34:56.375636787Z,2026-08-19T16:34:56.375636787Z,2026-08-19T15:53:39Z,0.042,Y,sensor_data
,,1,2026-08-19T15:34:56.375636787Z,2026-08-19T16:34:56.375636787Z,2026-08-19T15:53:40Z,0.044,Y,sensor_data
,,1,2026-08-19T15:34:56.375636787Z,2026-08-19T16:34:56.375636787Z,2026-08-19T15:53:41Z,0.043,Y,sensor_data
,,1,2026-08-19T15:34:56.375636787Z,2026-08-19T16:34:56.375636787Z,2026-08-19T15:53:42Z,0.043,Y,sensor_data
,,1,2026-08-19T15:34:56.375636787Z,2026-08-19T16:34:56.375636787Z,2026-08-19T15:53:43Z,0.043,Y,sensor_data
,,1,2026-08-19T15:34:56.375636787Z,2026-08-19T16:34:56.375636787Z,2026-08-19T15:53:44Z,0.042,Y,sensor_data
,,1,2026-08-19T15:34:56.375636787Z,2026-08-19T16:34:56.375636787Z,2026-08-19T15:53:45Z,0.043,Y,sensor_data
,,1,2026-08-19T15:34:56.375636787Z,2026-08-19T16:34:56.375636787Z,2026-08-19T15:53:46Z,0.043,Y,sensor_data
,,1,2026-08-19T15:34:56.375636787Z,2026-08-19T16:34:56.375636787Z,2026-08-19T15:53:47Z,0.043,Y,sensor_data
,,1,2026-08-19T15:34:56.375636787Z,2026-08-19T16:34:56.375636787Z,2026-08-19T15:53:48Z,0.043,Y,sensor_data
,,1,2026-08-19T15:34:56.375636787Z,2026-08-19T16:34:56.375636787Z,2026-08-19T15:53:49Z,0.043,Y,sensor_data
,,1,2026-08-19T15:34:56.375636787Z,2026-08-19T16:34:56.375636787Z,2026-08-19T15:53:50Z,0.043,Y,sensor_data
,,1,2026-08-19T15:34:56.375636787Z,2026-08-19T16:34:56.375636787Z,2026-08-19T15:53:51Z,0.042,Y,sensor_data
,,1,2026-08-19T15:34:56.375636787Z,2026-08-19T16:34:56.375636787Z,2026-08-19T15:54:13Z,0.043,Y,sensor_data
,,1,2026-08-19T15:34:56.375636787Z,2026-08-19T16:34:56.375636787Z,2026-08-19T15:54:14Z,0.043,Y,sensor_data
,,1,2026-08-19T15:34:56.375636787Z,2026-08-19T16:34:56.375636787Z,2026-08-19T15:54:15Z,0.042,Y,sensor_data
,,1,2026-08-19T15:34:56.375636787Z,2026-08-19T16:34:56.375636787Z,2026-08-19T15:54:16Z,0.043,Y,sensor_data
,,1,2026-08-19T15:34:56.375636787Z,2026-08-19T16:34:56.375636787Z,2026-08-19T15:54:17Z,0.043,Y,sensor_data
,,1,2026-08-19T15:34:56.375636787Z,2026-08-19T16:34:56.375636787Z,2026-08-19T15:54:21Z,0.043,Y,sensor_data
,,1,2026-08-19T15:34:56.375636787Z,2026-08-19T16:34:56.375636787Z,2026-08-19T15:54:22Z,0.043,Y,sensor_data
,,1,2026-08-19T15:34:56.375636787Z,2026-08-19T16:34:56.375636787Z,2026-08-19T15:54:23Z,0.043,Y,sensor_data
,,1,2026-08-19T15:34:56.375636787Z,2026-08-19T16:34:56.375636787Z,2026-08-19T15:54:24Z,0.043,Y,sensor_data
,,1,2026-08-19T15:34:56.375636787Z,2026-08-19T16:34:56.375636787Z,2026-08-19T15:54:25Z,0.044,Y,sensor_data
,,1,2026-08-19T15:34:56.375636787Z,2026-08-19T16:34:56.375636787Z,2026-08-19T15:54:26Z,0.044,Y,sensor_data
,,1,2026-08-19T15:34:56.375636787Z,2026-08-19T16:34:56.375636787Z,2026-08-19T15:54:27Z,0.044,Y,sensor_data
,,1,2026-08-19T15:34:56.375636787Z,2026-08-19T16:34:56.375636787Z,2026-08-19T15:54:28Z,0.024,Y,sensor_data
,,1,2026-08-19T15:34:56.375636787Z,2026-08-19T16:34:56.375636787Z,2026-08-19T15:54:29Z,0.037,Y,sensor_data
,,1,2026-08-19T15:34:56.375636787Z,2026-08-19T16:34:56.375636787Z,2026-08-19T15:54:30Z,0.041,Y,sensor_data
,,1,2026-08-19T15:34:56.375636787Z,2026-08-19T16:34:56.375636787Z,2026-08-19T15:54:31Z,0.033,Y,sensor_data
,,1,2026-08-19T15:34:56.375636787Z,2026-08-19T16:34:56.375636787Z,2026-08-19T15:54:32Z,0.031,Y,sensor_data
,,1,2026-08-19T15:34:56.375636787Z,2026-08-19T16:34:56.375636787Z,2026-08-19T15:54:33Z,0.032,Y,sensor_data
,,1,2026-08-19T15:34:56.375636787Z,2026-08-19T16:34:56.375636787Z,2026-08-19T15:54:34Z,0.032,Y,sensor_data
,,1,2026-08-19T15:34:56.375636787Z,2026-08-19T16:34:56.375636787Z,2026-08-19T15:54:35Z,0.032,Y,sensor_data
,,1,2026-08-19T15:34:56.375636787Z,2026-08-19T16:34:56.375636787Z,2026-08-19T15:54:36Z,0.032,Y,sensor_data
,,1,2026-08-19T15:34:56.375636787Z,2026-08-19T16:34:56.375636787Z,2026-08-19T15:54:37Z,0.031,Y,sensor_data
,,1,2026-08-19T15:34:56.375636787Z,2026-08-19T16:34:56.375636787Z,2026-08-19T15:54:39Z,0.031,Y,sensor_data
,,1,2026-08-19T15:34:56.375636787Z,2026-08-19T16:34:56.375636787Z,2026-08-19T15:54:40Z,0.032,Y,sensor_data
,,1,2026-08-19T15:34:56.375636787Z,2026-08-19T16:34:56.375636787Z,2026-08-19T15:54:41Z,0.032,Y,sensor_data
,,1,2026-08-19T15:34:56.375636787Z,2026-08-19T16:34:56.375636787Z,2026-08-19T15:54:42Z,0.032,Y,sensor_data
,,1,2026-08-19T15:34:56.375636787Z,2026-08-19T16:34:56.375636787Z,2026-08-19T15:54:43Z,0.032,Y,sensor_data
,,1,2026-08-19T15:34:56.375636787Z,2026-08-19T16:34:56.375636787Z,2026-08-19T15:54:44Z,0.031,Y,sensor_data
,,1,2026-08-19T15:34:56.375636787Z,2026-08-19T16:34:56.375636787Z,2026-08-19T15:54:45Z,0.032,Y,sensor_data
,,1,2026-08-19T15:34:56.375636787Z,2026-08-19T16:34:56.375636787Z,2026-08-19T15:54:46Z,0.032,Y,sensor_data
,,1,2026-08-19T15:34:56.375636787Z,2026-08-19T16:34:56.375636787Z,2026-08-19T15:54:47Z,0.029,Y,sensor_data
,,1,2026-08-19T15:34:56.375636787Z,2026-08-19T16:34:56.375636787Z,2026-08-19T15:54:48Z,0.032,Y,sensor_data
,,1,2026-08-19T15:34:56.375636787Z,2026-08-19T16:34:56.375636787Z,2026-08-19T15:54:49Z,0.032,Y,sensor_data
,,1,2026-08-19T15:34:56.375636787Z,2026-08-19T16:34:56.375636787Z,2026-08-19T15:54:50Z,0.032,Y,sensor_data
,,1,2026-08-19T15:34:56.375636787Z,2026-08-19T16:34:56.375636787Z,2026-08-19T15:54:51Z,0.032,Y,sensor_data
,,1,2026-08-19T15:34:56.375636787Z,2026-08-19T16:34:56.375636787Z,2026-08-19T15:54:52Z,0.032,Y,sensor_data
,,1,2026-08-19T15:34:56.375636787Z,2026-08-19T16:34:56.375636787Z,2026-08-19T15:54:53Z,0.031,Y,sensor_data
,,1,2026-08-19T15:34:56.375636787Z,2026-08-19T16:34:56.375636787Z,2026-08-19T15:54:54Z,0.032,Y,sensor_data
,,1,2026-08-19T15:34:56.375636787Z,2026-08-19T16:34:56.375636787Z,2026-08-19T15:54:55Z,0.032,Y,sensor_data
,,1,2026-08-19T15:34:56.375636787Z,2026-08-19T16:34:56.375636787Z,2026-08-19T15:54:56Z,0.032,Y,sensor_data
,,1,2026-08-19T15:34:56.375636787Z,2026-08-19T16:34:56.375636787Z,2026-08-19T15:54:57Z,0.031,Y,sensor_data
,,1,2026-08-19T15:34:56.375636787Z,2026-08-19T16:34:56.375636787Z,2026-08-19T15:54:58Z,0.031,Y,sensor_data
,,1,2026-08-19T15:34:56.375636787Z,2026-08-19T16:34:56.375636787Z,2026-08-19T15:54:59Z,0.032,Y,sensor_data
,,1,2026-08-19T15:34:56.375636787Z,2026-08-19T16:34:56.375636787Z,2026-08-19T15:55:00Z,0.032,Y,sensor_data
,,1,2026-08-19T15:34:56.375636787Z,2026-08-19T16:34:56.375636787Z,2026-08-19T15:55:01Z,0.032,Y,sensor_data
,,1,2026-08-19T15:34:56.375636787Z,2026-08-19T16:34:56.375636787Z,2026-08-19T15:55:02Z,0.032,Y,sensor_data
,,1,2026-08-19T15:34:56.375636787Z,2026-08-19T16:34:56.375636787Z,2026-08-19T15:55:03Z,0.032,Y,sensor_data
,,1,2026-08-19T15:34:56.375636787Z,2026-08-19T16:34:56.375636787Z,2026-08-19T15:55:04Z,0.032,Y,sensor_data
,,1,2026-08-19T15:34:56.375636787Z,2026-08-19T16:34:56.375636787Z,2026-08-19T15:55:05Z,0.031,Y,sensor_data
,,1,2026-08-19T15:34:56.375636787Z,2026-08-19T16:34:56.375636787Z,2026-08-19T15:55:06Z,0.032,Y,sensor_data
,,1,2026-08-19T15:34:56.375636787Z,2026-08-19T16:34:56.375636787Z,2026-08-19T15:55:07Z,0.032,Y,sensor_data
,,1,2026-08-19T15:34:56.375636787Z,2026-08-19T16:34:56.375636787Z,2026-08-19T15:55:08Z,0.032,Y,sensor_data
,,1,2026-08-19T15:34:56.375636787Z,2026-08-19T16:34:56.375636787Z,2026-08-19T15:55:09Z,0.032,Y,sensor_data
,,1,2026-08-19T15:34:56.375636787Z,2026-08-19T16:34:56.375636787Z,2026-08-19T15:55:10Z,0.032,Y,sensor_data
,,1,2026-08-19T15:34:56.375636787Z,2026-08-19T16:34:56.375636787Z,2026-08-19T15:55:11Z,0.032,Y,sensor_data
,,1,2026-08-19T15:34:56.375636787Z,2026-08-19T16:34:56.375636787Z,2026-08-19T15:55:12Z,0.031,Y,sensor_data
,,1,2026-08-19T15:34:56.375636787Z,2026-08-19T16:34:56.375636787Z,2026-08-19T15:55:13Z,0.032,Y,sensor_data
,,1,2026-08-19T15:34:56.375636787Z,2026-08-19T16:34:56.375636787Z,2026-08-19T15:55:14Z,0.032,Y,sensor_data
,,1,2026-08-19T15:34:56.375636787Z,2026-08-19T16:34:56.375636787Z,2026-08-19T15:55:15Z,0.032,Y,sensor_data
,,1,2026-08-19T15:34:56.375636787Z,2026-08-19T16:34:56.375636787Z,2026-08-19T15:55:16Z,0.032,Y,sensor_data
,,1,2026-08-19T15:34:56.375636787Z,2026-08-19T16:34:56.375636787Z,2026-08-19T15:55:17Z,0.032,Y,sensor_data
,,1,2026-08-19T15:34:56.375636787Z,2026-08-19T16:34:56.375636787Z,2026-08-19T15:55:18Z,0.032,Y,sensor_data
,,1,2026-08-19T15:34:56.375636787Z,2026-08-19T16:34:56.375636787Z,2026-08-19T15:55:19Z,0.032,Y,sensor_data
,,1,2026-08-19T15:34:56.375636787Z,2026-08-19T16:34:56.375636787Z,2026-08-19T15:55:20Z,0.032,Y,sensor_data
,,1,2026-08-19T15:34:56.375636787Z,2026-08-19T16:34:56.375636787Z,2026-08-19T15:55:21Z,0.031,Y,sensor_data
,,1,2026-08-19T15:34:56.375636787Z,2026-08-19T16:34:56.375636787Z,2026-08-19T15:55:22Z,0.031,Y,sensor_data
,,1,2026-08-19T15:34:56.375636787Z,2026-08-19T16:34:56.375636787Z,2026-08-19T15:55:23Z,0.032,Y,sensor_data
,,1,2026-08-19T15:34:56.375636787Z,2026-08-19T16:34:56.375636787Z,2026-08-19T15:55:24Z,0.032,Y,sensor_data
,,1,2026-08-19T15:34:56.375636787Z,2026-08-19T16:34:56.375636787Z,2026-08-19T15:55:25Z,0.032,Y,sensor_data
,,1,2026-08-19T15:34:56.375636787Z,2026-08-19T16:34:56.375636787Z,2026-08-19T15:55:26Z,0.031,Y,sensor_data
,,1,2026-08-19T15:34:56.375636787Z,2026-08-19T16:34:56.375636787Z,2026-08-19T15:55:27Z,0.032,Y,sensor_data
,,1,2026-08-19T15:34:56.375636787Z,2026-08-19T16:34:56.375636787Z,2026-08-19T15:55:28Z,0.032,Y,sensor_data
,,1,2026-08-19T15:34:56.375636787Z,2026-08-19T16:34:56.375636787Z,2026-08-19T15:55:29Z,0.031,Y,sensor_data
,,1,2026-08-19T15:34:56.375636787Z,2026-08-19T16:34:56.375636787Z,2026-08-19T15:55:30Z,0.033,Y,sensor_data
,,1,2026-08-19T15:34:56.375636787Z,2026-08-19T16:34:56.375636787Z,2026-08-19T15:55:31Z,0.031,Y,sensor_data
,,1,2026-08-19T15:34:56.375636787Z,2026-08-19T16:34:56.375636787Z,2026-08-19T15:55:32Z,0.032,Y,sensor_data
,,1,2026-08-19T15:34:56.375636787Z,2026-08-19T16:34:56.375636787Z,2026-08-19T15:55:33Z,0.032,Y,sensor_data
,,1,2026-08-19T15:34:56.375636787Z,2026-08-19T16:34:56.375636787Z,2026-08-19T15:55:34Z,0.032,Y,sensor_data
,,1,2026-08-19T15:34:56.375636787Z,2026-08-19T16:34:56.375636787Z,2026-08-19T15:55:35Z,0.032,Y,sensor_data
,,1,2026-08-19T15:34:56.375636787Z,2026-08-19T16:34:56.375636787Z,2026-08-19T15:55:36Z,0.032,Y,sensor_data
,,1,2026-08-19T15:34:56.375636787Z,2026-08-19T16:34:56.375636787Z,2026-08-19T15:55:37Z,0.026,Y,sensor_data
,,1,2026-08-19T15:34:56.375636787Z,2026-08-19T16:34:56.375636787Z,2026-08-19T15:55:38Z,0.032,Y,sensor_data
,,1,2026-08-19T15:34:56.375636787Z,2026-08-19T16:34:56.375636787Z,2026-08-19T15:55:39Z,0.032,Y,sensor_data
,,1,2026-08-19T15:34:56.375636787Z,2026-08-19T16:34:56.375636787Z,2026-08-19T15:55:40Z,0.028,Y,sensor_data
,,1,2026-08-19T15:34:56.375636787Z,2026-08-19T16:34:56.375636787Z,2026-08-19T15:55:41Z,0.031,Y,sensor_data
,,1,2026-08-19T15:34:56.375636787Z,2026-08-19T16:34:56.375636787Z,2026-08-19T15:55:42Z,0.034,Y,sensor_data
,,1,2026-08-19T15:34:56.375636787Z,2026-08-19T16:34:56.375636787Z,2026-08-19T15:55:43Z,0.033,Y,sensor_data
,,1,2026-08-19T15:34:56.375636787Z,2026-08-19T16:34:56.375636787Z,2026-08-19T15:55:44Z,0.032,Y,sensor_data
,,1,2026-08-19T15:34:56.375636787Z,2026-08-19T16:34:56.375636787Z,2026-08-19T15:55:45Z,0.034,Y,sensor_data
,,1,2026-08-19T15:34:56.375636787Z,2026-08-19T16:34:56.375636787Z,2026-08-19T15:55:46Z,0.032,Y,sensor_data
,,1,2026-08-19T15:34:56.375636787Z,2026-08-19T16:34:56.375636787Z,2026-08-19T15:55:47Z,0.037,Y,sensor_data
,,1,2026-08-19T15:34:56.375636787Z,2026-08-19T16:34:56.375636787Z,2026-08-19T15:55:48Z,0.032,Y,sensor_data
,,1,2026-08-19T15:34:56.375636787Z,2026-08-19T16:34:56.375636787Z,2026-08-19T15:55:49Z,0.034,Y,sensor_data
,,1,2026-08-19T15:34:56.375636787Z,2026-08-19T16:34:56.375636787Z,2026-08-19T15:55:50Z,0.031,Y,sensor_data
,,1,2026-08-19T15:34:56.375636787Z,2026-08-19T16:34:56.375636787Z,2026-08-19T15:55:51Z,0.033,Y,sensor_data
,,1,2026-08-19T15:34:56.375636787Z,2026-08-19T16:34:56.375636787Z,2026-08-19T15:55:52Z,0.032,Y,sensor_data
,,1,2026-08-19T15:34:56.375636787Z,2026-08-19T16:34:56.375636787Z,2026-08-19T15:55:53Z,0.031,Y,sensor_data
,,1,2026-08-19T15:34:56.375636787Z,2026-08-19T16:34:56.375636787Z,2026-08-19T15:55:54Z,0.031,Y,sensor_data
,,1,2026-08-19T15:34:56.375636787Z,2026-08-19T16:34:56.375636787Z,2026-08-19T15:55:55Z,0.033,Y,sensor_data
,,1,2026-08-19T15:34:56.375636787Z,2026-08-19T16:34:56.375636787Z,2026-08-19T15:55:56Z,0.031,Y,sensor_data
,,1,2026-08-19T15:34:56.375636787Z,2026-08-19T16:34:56.375636787Z,2026-08-19T15:55:57Z,0.032,Y,sensor_data
,,1,2026-08-19T15:34:56.375636787Z,2026-08-19T16:34:56.375636787Z,2026-08-19T15:55:58Z,0.032,Y,sensor_data
,,1,2026-08-19T15:34:56.375636787Z,2026-08-19T16:34:56.375636787Z,2026-08-19T15:55:59Z,0.026,Y,sensor_data
,,1,2026-08-19T15:34:56.375636787Z,2026-08-19T16:34:56.375636787Z,2026-08-19T15:56:00Z,0.032,Y,sensor_data
,,1,2026-08-19T15:34:56.375636787Z,2026-08-19T16:34:56.375636787Z,2026-08-19T15:56:01Z,0.032,Y,sensor_data
,,1,2026-08-19T15:34:56.375636787Z,2026-08-19T16:34:56.375636787Z,2026-08-19T15:56:02Z,0.032,Y,sensor_data
,,1,2026-08-19T15:34:56.375636787Z,2026-08-19T16:34:56.375636787Z,2026-08-19T15:56:03Z,0.032,Y,sensor_data
,,1,2026-08-19T15:34:56.375636787Z,2026-08-19T16:34:56.375636787Z,2026-08-19T15:56:04Z,0.031,Y,sensor_data
,,1,2026-08-19T15:34:56.375636787Z,2026-08-19T16:34:56.375636787Z,2026-08-19T15:56:05Z,0.032,Y,sensor_data
,,1,2026-08-19T15:34:56.375636787Z,2026-08-19T16:34:56.375636787Z,2026-08-19T15:56:06Z,0.032,Y,sensor_data
,,1,2026-08-19T15:34:56.375636787Z,2026-08-19T16:34:56.375636787Z,2026-08-19T15:56:07Z,0.031,Y,sensor_data
,,1,2026-08-19T15:34:56.375636787Z,2026-08-19T16:34:56.375636787Z,2026-08-19T15:56:08Z,0.032,Y,sensor_data
,,1,2026-08-19T15:34:56.375636787Z,2026-08-19T16:34:56.375636787Z,2026-08-19T15:56:09Z,0.031,Y,sensor_data
,,1,2026-08-19T15:34:56.375636787Z,2026-08-19T16:34:56.375636787Z,2026-08-19T15:56:10Z,0.032,Y,sensor_data
,,1,2026-08-19T15:34:56.375636787Z,2026-08-19T16:34:56.375636787Z,2026-08-19T15:56:11Z,0.031,Y,sensor_data
,,1,2026-08-19T15:34:56.375636787Z,2026-08-19T16:34:56.375636787Z,2026-08-19T15:56:12Z,0.032,Y,sensor_data
,,1,2026-08-19T15:34:56.375636787Z,2026-08-19T16:34:56.375636787Z,2026-08-19T15:56:13Z,0.032,Y,sensor_data
,,1,2026-08-19T15:34:56.375636787Z,2026-08-19T16:34:56.375636787Z,2026-08-19T15:56:14Z,0.033,Y,sensor_data
,,1,2026-08-19T15:34:56.375636787Z,2026-08-19T16:34:56.375636787Z,2026-08-19T15:56:15Z,0.032,Y,sensor_data
,,1,2026-08-19T15:34:56.375636787Z,2026-08-19T16:34:56.375636787Z,2026-08-19T15:56:16Z,0.032,Y,sensor_data
,,1,2026-08-19T15:34:56.375636787Z,2026-08-19T16:34:56.375636787Z,2026-08-19T15:56:17Z,0.032,Y,sensor_data
,,1,2026-08-19T15:34:56.375636787Z,2026-08-19T16:34:56.375636787Z,2026-08-19T15:56:18Z,0.033,Y,sensor_data
,,1,2026-08-19T15:34:56.375636787Z,2026-08-19T16:34:56.375636787Z,2026-08-19T15:56:19Z,0.033,Y,sensor_data
,,1,2026-08-19T15:34:56.375636787Z,2026-08-19T16:34:56.375636787Z,2026-08-19T15:56:20Z,0.032,Y,sensor_data
,,1,2026-08-19T15:34:56.375636787Z,2026-08-19T16:34:56.375636787Z,2026-08-19T15:56:21Z,0.031,Y,sensor_data
,,1,2026-08-19T15:34:56.375636787Z,2026-08-19T16:34:56.375636787Z,2026-08-19T15:56:22Z,0.032,Y,sensor_data
,,1,2026-08-19T15:34:56.375636787Z,2026-08-19T16:34:56.375636787Z,2026-08-19T15:56:23Z,0.032,Y,sensor_data
,,1,2026-08-19T15:34:56.375636787Z,2026-08-19T16:34:56.375636787Z,2026-08-19T15:56:24Z,0.032,Y,sensor_data
,,1,2026-08-19T15:34:56.375636787Z,2026-08-19T16:34:56.375636787Z,2026-08-19T15:56:25Z,0.031,Y,sensor_data
,,1,2026-08-19T15:34:56.375636787Z,2026-08-19T16:34:56.375636787Z,2026-08-19T15:56:26Z,0.032,Y,sensor_data
,,1,2026-08-19T15:34:56.375636787Z,2026-08-19T16:34:56.375636787Z,2026-08-19T15:56:27Z,0.032,Y,sensor_data
,,1,2026-08-19T15:34:56.375636787Z,2026-08-19T16:34:56.375636787Z,2026-08-19T15:56:28Z,0.031,Y,sensor_data
,,1,2026-08-19T15:34:56.375636787Z,2026-08-19T16:34:56.375636787Z,2026-08-19T15:56:29Z,0.032,Y,sensor_data
,,1,2026-08-19T15:34:56.375636787Z,2026-08-19T16:34:56.375636787Z,2026-08-19T15:56:30Z,0.032,Y,sensor_data
,,1,2026-08-19T15:34:56.375636787Z,2026-08-19T16:34:56.375636787Z,2026-08-19T15:56:31Z,0.033,Y,sensor_data
,,1,2026-08-19T15:34:56.375636787Z,2026-08-19T16:34:56.375636787Z,2026-08-19T15:56:32Z,0.032,Y,sensor_data
,,1,2026-08-19T15:34:56.375636787Z,2026-08-19T16:34:56.375636787Z,2026-08-19T15:56:33Z,0.032,Y,sensor_data
,,1,2026-08-19T15:34:56.375636787Z,2026-08-19T16:34:56.375636787Z,2026-08-19T15:56:34Z,0.031,Y,sensor_data
,,1,2026-08-19T15:34:56.375636787Z,2026-08-19T16:34:56.375636787Z,2026-08-19T15:56:35Z,0.031,Y,sensor_data
,,1,2026-08-19T15:34:56.375636787Z,2026-08-19T16:34:56.375636787Z,2026-08-19T15:56:36Z,0.033,Y,sensor_data
,,1,2026-08-19T15:34:56.375636787Z,2026-08-19T16:34:56.375636787Z,2026-08-19T15:56:37Z,0.032,Y,sensor_data
,,1,2026-08-19T15:34:56.375636787Z,2026-08-19T16:34:56.375636787Z,2026-08-19T15:56:38Z,0.032,Y,sensor_data
,,1,2026-08-19T15:34:56.375636787Z,2026-08-19T16:34:56.375636787Z,2026-08-19T15:56:39Z,0.032,Y,sensor_data
,,1,2026-08-19T15:34:56.375636787Z,2026-08-19T16:34:56.375636787Z,2026-08-19T15:56:40Z,0.032,Y,sensor_data
,,1,2026-08-19T15:34:56.375636787Z,2026-08-19T16:34:56.375636787Z,2026-08-19T15:56:41Z,0.032,Y,sensor_data
,,1,2026-08-19T15:34:56.375636787Z,2026-08-19T16:34:56.375636787Z,2026-08-19T15:56:42Z,0.031,Y,sensor_data
,,1,2026-08-19T15:34:56.375636787Z,2026-08-19T16:34:56.375636787Z,2026-08-19T15:56:43Z,0.033,Y,sensor_data
,,1,2026-08-19T15:34:56.375636787Z,2026-08-19T16:34:56.375636787Z,2026-08-19T15:56:44Z,0.031,Y,sensor_data
,,1,2026-08-19T15:34:56.375636787Z,2026-08-19T16:34:56.375636787Z,2026-08-19T15:56:45Z,0.033,Y,sensor_data
,,1,2026-08-19T15:34:56.375636787Z,2026-08-19T16:34:56.375636787Z,2026-08-19T15:56:46Z,0.032,Y,sensor_data
,,1,2026-08-19T15:34:56.375636787Z,2026-08-19T16:34:56.375636787Z,2026-08-19T15:56:47Z,0.032,Y,sensor_data
,,1,2026-08-19T15:34:56.375636787Z,2026-08-19T16:34:56.375636787Z,2026-08-19T15:56:48Z,0.032,Y,sensor_data
,,1,2026-08-19T15:34:56.375636787Z,2026-08-19T16:34:56.375636787Z,2026-08-19T15:56:49Z,0.032,Y,sensor_data
,,1,2026-08-19T15:34:56.375636787Z,2026-08-19T16:34:56.375636787Z,2026-08-19T15:56:50Z,0.032,Y,sensor_data
,,1,2026-08-19T15:34:56.375636787Z,2026-08-19T16:34:56.375636787Z,2026-08-19T15:56:51Z,0.031,Y,sensor_data
,,1,2026-08-19T15:34:56.375636787Z,2026-08-19T16:34:56.375636787Z,2026-08-19T15:56:52Z,0.032,Y,sensor_data
,,1,2026-08-19T15:34:56.375636787Z,2026-08-19T16:34:56.375636787Z,2026-08-19T15:56:53Z,0.032,Y,sensor_data
,,1,2026-08-19T15:34:56.375636787Z,2026-08-19T16:34:56.375636787Z,2026-08-19T15:56:54Z,0.033,Y,sensor_data
,,1,2026-08-19T15:34:56.375636787Z,2026-08-19T16:34:56.375636787Z,2026-08-19T15:56:55Z,0.032,Y,sensor_data
,,1,2026-08-19T15:34:56.375636787Z,2026-08-19T16:34:56.375636787Z,2026-08-19T15:56:56Z,0.031,Y,sensor_data
,,1,2026-08-19T15:34:56.375636787Z,2026-08-19T16:34:56.375636787Z,2026-08-19T15:56:57Z,0.032,Y,sensor_data
,,1,2026-08-19T15:34:56.375636787Z,2026-08-19T16:34:56.375636787Z,2026-08-19T15:56:58Z,0.032,Y,sensor_data
,,1,2026-08-19T15:34:56.375636787Z,2026-08-19T16:34:56.375636787Z,2026-08-19T15:56:59Z,0.032,Y,sensor_data
,,1,2026-08-19T15:34:56.375636787Z,2026-08-19T16:34:56.375636787Z,2026-08-19T15:57:00Z,0.033,Y,sensor_data
,,1,2026-08-19T15:34:56.375636787Z,2026-08-19T16:34:56.375636787Z,2026-08-19T15:57:01Z,0.031,Y,sensor_data
,,1,2026-08-19T15:34:56.375636787Z,2026-08-19T16:34:56.375636787Z,2026-08-19T15:57:02Z,0.032,Y,sensor_data
,,1,2026-08-19T15:34:56.375636787Z,2026-08-19T16:34:56.375636787Z,2026-08-19T15:57:03Z,0.032,Y,sensor_data
,,1,2026-08-19T15:34:56.375636787Z,2026-08-19T16:34:56.375636787Z,2026-08-19T15:57:04Z,0.032,Y,sensor_data
,,1,2026-08-19T15:34:56.375636787Z,2026-08-19T16:34:56.375636787Z,2026-08-19T15:57:05Z,0.032,Y,sensor_data
,,1,2026-08-19T15:34:56.375636787Z,2026-08-19T16:34:56.375636787Z,2026-08-19T15:57:06Z,0.031,Y,sensor_data
,,1,2026-08-19T15:34:56.375636787Z,2026-08-19T16:34:56.375636787Z,2026-08-19T15:57:07Z,0.031,Y,sensor_data
,,1,2026-08-19T15:34:56.375636787Z,2026-08-19T16:34:56.375636787Z,2026-08-19T15:57:08Z,0.033,Y,sensor_data
,,1,2026-08-19T15:34:56.375636787Z,2026-08-19T16:34:56.375636787Z,2026-08-19T15:57:09Z,0.031,Y,sensor_data
,,1,2026-08-19T15:34:56.375636787Z,2026-08-19T16:34:56.375636787Z,2026-08-19T15:57:10Z,0.032,Y,sensor_data
,,1,2026-08-19T15:34:56.375636787Z,2026-08-19T16:34:56.375636787Z,2026-08-19T15:57:11Z,0.033,Y,sensor_data
,,1,2026-08-19T15:34:56.375636787Z,2026-08-19T16:34:56.375636787Z,2026-08-19T15:57:12Z,0.032,Y,sensor_data
,,1,2026-08-19T15:34:56.375636787Z,2026-08-19T16:34:56.375636787Z,2026-08-19T15:57:13Z,0.033,Y,sensor_data
,,1,2026-08-19T15:34:56.375636787Z,2026-08-19T16:34:56.375636787Z,2026-08-19T15:57:14Z,0.033,Y,sensor_data
,,1,2026-08-19T15:34:56.375636787Z,2026-08-19T16:34:56.375636787Z,2026-08-19T15:57:15Z,0.031,Y,sensor_data
,,1,2026-08-19T15:34:56.375636787Z,2026-08-19T16:34:56.375636787Z,2026-08-19T15:57:16Z,0.032,Y,sensor_data
,,1,2026-08-19T15:34:56.375636787Z,2026-08-19T16:34:56.375636787Z,2026-08-19T15:57:17Z,0.031,Y,sensor_data
,,1,2026-08-19T15:34:56.375636787Z,2026-08-19T16:34:56.375636787Z,2026-08-19T15:57:18Z,0.032,Y,sensor_data
,,1,2026-08-19T15:34:56.375636787Z,2026-08-19T16:34:56.375636787Z,2026-08-19T15:57:19Z,0.032,Y,sensor_data
,,1,2026-08-19T15:34:56.375636787Z,2026-08-19T16:34:56.375636787Z,2026-08-19T15:57:20Z,0.032,Y,sensor_data
,,1,2026-08-19T15:34:56.375636787Z,2026-08-19T16:34:56.375636787Z,2026-08-19T15:57:21Z,0.032,Y,sensor_data
,,1,2026-08-19T15:34:56.375636787Z,2026-08-19T16:34:56.375636787Z,2026-08-19T15:57:22Z,0.032,Y,sensor_data
,,1,2026-08-19T15:34:56.375636787Z,2026-08-19T16:34:56.375636787Z,2026-08-19T15:57:23Z,0.032,Y,sensor_data
,,1,2026-08-19T15:34:56.375636787Z,2026-08-19T16:34:56.375636787Z,2026-08-19T15:57:24Z,0.032,Y,sensor_data
,,1,2026-08-19T15:34:56.375636787Z,2026-08-19T16:34:56.375636787Z,2026-08-19T15:57:25Z,0.032,Y,sensor_data
,,1,2026-08-19T15:34:56.375636787Z,2026-08-19T16:34:56.375636787Z,2026-08-19T15:57:26Z,0.032,Y,sensor_data
,,1,2026-08-19T15:34:56.375636787Z,2026-08-19T16:34:56.375636787Z,2026-08-19T15:57:27Z,0.032,Y,sensor_data
,,1,2026-08-19T15:34:56.375636787Z,2026-08-19T16:34:56.375636787Z,2026-08-19T15:57:28Z,0.032,Y,sensor_data
,,1,2026-08-19T15:34:56.375636787Z,2026-08-19T16:34:56.375636787Z,2026-08-19T15:57:29Z,0.032,Y,sensor_data
,,1,2026-08-19T15:34:56.375636787Z,2026-08-19T16:34:56.375636787Z,2026-08-19T15:57:30Z,0.032,Y,sensor_data
,,1,2026-08-19T15:34:56.375636787Z,2026-08-19T16:34:56.375636787Z,2026-08-19T15:57:31Z,0.032,Y,sensor_data
,,1,2026-08-19T15:34:56.375636787Z,2026-08-19T16:34:56.375636787Z,2026-08-19T15:57:32Z,0.032,Y,sensor_data
,,1,2026-08-19T15:34:56.375636787Z,2026-08-19T16:34:56.375636787Z,2026-08-19T15:57:33Z,0.032,Y,sensor_data
,,1,2026-08-19T15:34:56.375636787Z,2026-08-19T16:34:56.375636787Z,2026-08-19T15:57:34Z,0.032,Y,sensor_data
,,1,2026-08-19T15:34:56.375636787Z,2026-08-19T16:34:56.375636787Z,2026-08-19T15:57:35Z,0.032,Y,sensor_data
,,1,2026-08-19T15:34:56.375636787Z,2026-08-19T16:34:56.375636787Z,2026-08-19T15:57:36Z,0.031,Y,sensor_data
,,1,2026-08-19T15:34:56.375636787Z,2026-08-19T16:34:56.375636787Z,2026-08-19T15:57:37Z,0.032,Y,sensor_data
,,1,2026-08-19T15:34:56.375636787Z,2026-08-19T16:34:56.375636787Z,2026-08-19T15:57:38Z,0.033,Y,sensor_data
,,1,2026-08-19T15:34:56.375636787Z,2026-08-19T16:34:56.375636787Z,2026-08-19T15:57:39Z,0.032,Y,sensor_data
,,1,2026-08-19T15:34:56.375636787Z,2026-08-19T16:34:56.375636787Z,2026-08-19T15:57:40Z,0.032,Y,sensor_data
,,1,2026-08-19T15:34:56.375636787Z,2026-08-19T16:34:56.375636787Z,2026-08-19T15:57:41Z,0.031,Y,sensor_data
,,1,2026-08-19T15:34:56.375636787Z,2026-08-19T16:34:56.375636787Z,2026-08-19T15:57:42Z,0.032,Y,sensor_data
,,1,2026-08-19T15:34:56.375636787Z,2026-08-19T16:34:56.375636787Z,2026-08-19T15:57:43Z,0.032,Y,sensor_data
,,1,2026-08-19T15:34:56.375636787Z,2026-08-19T16:34:56.375636787Z,2026-08-19T15:57:44Z,0.032,Y,sensor_data
,,1,2026-08-19T15:34:56.375636787Z,2026-08-19T16:34:56.375636787Z,2026-08-19T15:57:45Z,0.032,Y,sensor_data
,,1,2026-08-19T15:34:56.375636787Z,2026-08-19T16:34:56.375636787Z,2026-08-19T15:57:46Z,0.031,Y,sensor_data
,,1,2026-08-19T15:34:56.375636787Z,2026-08-19T16:34:56.375636787Z,2026-08-19T15:57:47Z,0.032,Y,sensor_data
,,1,2026-08-19T15:34:56.375636787Z,2026-08-19T16:34:56.375636787Z,2026-08-19T15:57:48Z,0.032,Y,sensor_data
,,1,2026-08-19T15:34:56.375636787Z,2026-08-19T16:34:56.375636787Z,2026-08-19T15:57:49Z,0.032,Y,sensor_data
,,1,2026-08-19T15:34:56.375636787Z,2026-08-19T16:34:56.375636787Z,2026-08-19T15:57:50Z,0.032,Y,sensor_data
,,1,2026-08-19T15:34:56.375636787Z,2026-08-19T16:34:56.375636787Z,2026-08-19T15:57:51Z,0.032,Y,sensor_data
,,1,2026-08-19T15:34:56.375636787Z,2026-08-19T16:34:56.375636787Z,2026-08-19T15:57:52Z,0.032,Y,sensor_data
,,1,2026-08-19T15:34:56.375636787Z,2026-08-19T16:34:56.375636787Z,2026-08-19T15:57:53Z,0.032,Y,sensor_data
,,1,2026-08-19T15:34:56.375636787Z,2026-08-19T16:34:56.375636787Z,2026-08-19T15:57:54Z,0.031,Y,sensor_data
,,1,2026-08-19T15:34:56.375636787Z,2026-08-19T16:34:56.375636787Z,2026-08-19T15:57:55Z,0.032,Y,sensor_data
,,1,2026-08-19T15:34:56.375636787Z,2026-08-19T16:34:56.375636787Z,2026-08-19T15:57:56Z,0.031,Y,sensor_data
,,1,2026-08-19T15:34:56.375636787Z,2026-08-19T16:34:56.375636787Z,2026-08-19T15:57:57Z,0.031,Y,sensor_data
,,1,2026-08-19T15:34:56.375636787Z,2026-08-19T16:34:56.375636787Z,2026-08-19T15:57:58Z,0.032,Y,sensor_data
,,1,2026-08-19T15:34:56.375636787Z,2026-08-19T16:34:56.375636787Z,2026-08-19T15:57:59Z,0.032,Y,sensor_data
,,1,2026-08-19T15:34:56.375636787Z,2026-08-19T16:34:56.375636787Z,2026-08-19T15:58:00Z,0.032,Y,sensor_data
,,1,2026-08-19T15:34:56.375636787Z,2026-08-19T16:34:56.375636787Z,2026-08-19T15:58:01Z,0.031,Y,sensor_data
,,1,2026-08-19T15:34:56.375636787Z,2026-08-19T16:34:56.375636787Z,2026-08-19T15:58:02Z,0.032,Y,sensor_data
,,1,2026-08-19T15:34:56.375636787Z,2026-08-19T16:34:56.375636787Z,2026-08-19T15:58:03Z,0.032,Y,sensor_data
,,1,2026-08-19T15:34:56.375636787Z,2026-08-19T16:34:56.375636787Z,2026-08-19T15:58:04Z,0.032,Y,sensor_data
,,1,2026-08-19T15:34:56.375636787Z,2026-08-19T16:34:56.375636787Z,2026-08-19T15:58:05Z,0.032,Y,sensor_data
,,1,2026-08-19T15:34:56.375636787Z,2026-08-19T16:34:56.375636787Z,2026-08-19T15:58:06Z,0.031,Y,sensor_data
,,1,2026-08-19T15:34:56.375636787Z,2026-08-19T16:34:56.375636787Z,2026-08-19T15:58:07Z,0.032,Y,sensor_data
,,1,2026-08-19T15:34:56.375636787Z,2026-08-19T16:34:56.375636787Z,2026-08-19T15:58:08Z,0.031,Y,sensor_data
,,1,2026-08-19T15:34:56.375636787Z,2026-08-19T16:34:56.375636787Z,2026-08-19T15:58:09Z,0.032,Y,sensor_data
,,1,2026-08-19T15:34:56.375636787Z,2026-08-19T16:34:56.375636787Z,2026-08-19T15:58:10Z,0.032,Y,sensor_data
,,1,2026-08-19T15:34:56.375636787Z,2026-08-19T16:34:56.375636787Z,2026-08-19T15:58:11Z,0.032,Y,sensor_data
,,1,2026-08-19T15:34:56.375636787Z,2026-08-19T16:34:56.375636787Z,2026-08-19T15:58:12Z,0.032,Y,sensor_data
,,1,2026-08-19T15:34:56.375636787Z,2026-08-19T16:34:56.375636787Z,2026-08-19T15:58:13Z,0.032,Y,sensor_data
,,1,2026-08-19T15:34:56.375636787Z,2026-08-19T16:34:56.375636787Z,2026-08-19T15:58:14Z,0.032,Y,sensor_data
,,1,2026-08-19T15:34:56.375636787Z,2026-08-19T16:34:56.375636787Z,2026-08-19T15:58:15Z,0.033,Y,sensor_data
,,1,2026-08-19T15:34:56.375636787Z,2026-08-19T16:34:56.375636787Z,2026-08-19T15:58:16Z,0.032,Y,sensor_data
,,1,2026-08-19T15:34:56.375636787Z,2026-08-19T16:34:56.375636787Z,2026-08-19T15:58:17Z,0.031,Y,sensor_data
,,1,2026-08-19T15:34:56.375636787Z,2026-08-19T16:34:56.375636787Z,2026-08-19T15:58:18Z,0.032,Y,sensor_data
,,1,2026-08-19T15:34:56.375636787Z,2026-08-19T16:34:56.375636787Z,2026-08-19T15:58:19Z,0.032,Y,sensor_data
,,1,2026-08-19T15:34:56.375636787Z,2026-08-19T16:34:56.375636787Z,2026-08-19T15:58:20Z,0.032,Y,sensor_data
,,1,2026-08-19T15:34:56.375636787Z,2026-08-19T16:34:56.375636787Z,2026-08-19T15:58:21Z,0.032,Y,sensor_data
,,1,2026-08-19T15:34:56.375636787Z,2026-08-19T16:34:56.375636787Z,2026-08-19T15:58:22Z,0.032,Y,sensor_data
,,1,2026-08-19T15:34:56.375636787Z,2026-08-19T16:34:56.375636787Z,2026-08-19T15:58:23Z,0.032,Y,sensor_data
,,1,2026-08-19T15:34:56.375636787Z,2026-08-19T16:34:56.375636787Z,2026-08-19T15:58:24Z,0.033,Y,sensor_data
,,1,2026-08-19T15:34:56.375636787Z,2026-08-19T16:34:56.375636787Z,2026-08-19T15:58:25Z,0.032,Y,sensor_data
,,1,2026-08-19T15:34:56.375636787Z,2026-08-19T16:34:56.375636787Z,2026-08-19T15:58:26Z,0.032,Y,sensor_data
,,1,2026-08-19T15:34:56.375636787Z,2026-08-19T16:34:56.375636787Z,2026-08-19T15:58:27Z,0.031,Y,sensor_data
,,1,2026-08-19T15:34:56.375636787Z,2026-08-19T16:34:56.375636787Z,2026-08-19T15:58:28Z,0.032,Y,sensor_data
,,1,2026-08-19T15:34:56.375636787Z,2026-08-19T16:34:56.375636787Z,2026-08-19T15:58:29Z,0.032,Y,sensor_data
,,1,2026-08-19T15:34:56.375636787Z,2026-08-19T16:34:56.375636787Z,2026-08-19T15:58:30Z,0.032,Y,sensor_data
,,1,2026-08-19T15:34:56.375636787Z,2026-08-19T16:34:56.375636787Z,2026-08-19T15:58:31Z,0.032,Y,sensor_data
,,1,2026-08-19T15:34:56.375636787Z,2026-08-19T16:34:56.375636787Z,2026-08-19T15:58:32Z,0.032,Y,sensor_data
,,1,2026-08-19T15:34:56.375636787Z,2026-08-19T16:34:56.375636787Z,2026-08-19T15:58:33Z,0.031,Y,sensor_data
,,1,2026-08-19T15:34:56.375636787Z,2026-08-19T16:34:56.375636787Z,2026-08-19T15:58:49Z,0.031,Y,sensor_data
,,1,2026-08-19T15:34:56.375636787Z,2026-08-19T16:34:56.375636787Z,2026-08-19T15:58:50Z,0.032,Y,sensor_data
,,1,2026-08-19T15:34:56.375636787Z,2026-08-19T16:34:56.375636787Z,2026-08-19T15:58:51Z,0.032,Y,sensor_data
,,1,2026-08-19T15:34:56.375636787Z,2026-08-19T16:34:56.375636787Z,2026-08-19T15:58:52Z,0.032,Y,sensor_data
,,1,2026-08-19T15:34:56.375636787Z,2026-08-19T16:34:56.375636787Z,2026-08-19T15:58:53Z,0.032,Y,sensor_data
,,1,2026-08-19T15:34:56.375636787Z,2026-08-19T16:34:56.375636787Z,2026-08-19T15:58:54Z,0.032,Y,sensor_data
,,1,2026-08-19T15:34:56.375636787Z,2026-08-19T16:34:56.375636787Z,2026-08-19T15:58:55Z,0.032,Y,sensor_data
,,1,2026-08-19T15:34:56.375636787Z,2026-08-19T16:34:56.375636787Z,2026-08-19T15:58:56Z,0.032,Y,sensor_data
,,1,2026-08-19T15:34:56.375636787Z,2026-08-19T16:34:56.375636787Z,2026-08-19T15:58:57Z,0.033,Y,sensor_data
,,1,2026-08-19T15:34:56.375636787Z,2026-08-19T16:34:56.375636787Z,2026-08-19T15:58:58Z,0.032,Y,sensor_data
,,1,2026-08-19T15:34:56.375636787Z,2026-08-19T16:34:56.375636787Z,2026-08-19T15:58:59Z,0.032,Y,sensor_data
,,1,2026-08-19T15:34:56.375636787Z,2026-08-19T16:34:56.375636787Z,2026-08-19T15:59:00Z,0.032,Y,sensor_data
,,1,2026-08-19T15:34:56.375636787Z,2026-08-19T16:34:56.375636787Z,2026-08-19T15:59:01Z,0.03,Y,sensor_data
,,1,2026-08-19T15:34:56.375636787Z,2026-08-19T16:34:56.375636787Z,2026-08-19T15:59:02Z,0.032,Y,sensor_data
,,1,2026-08-19T15:34:56.375636787Z,2026-08-19T16:34:56.375636787Z,2026-08-19T15:59:03Z,0.031,Y,sensor_data
,,1,2026-08-19T15:34:56.375636787Z,2026-08-19T16:34:56.375636787Z,2026-08-19T15:59:04Z,0.031,Y,sensor_data
,,1,2026-08-19T15:34:56.375636787Z,2026-08-19T16:34:56.375636787Z,2026-08-19T15:59:05Z,0.032,Y,sensor_data
,,1,2026-08-19T15:34:56.375636787Z,2026-08-19T16:34:56.375636787Z,2026-08-19T15:59:06Z,0.032,Y,sensor_data
,,1,2026-08-19T15:34:56.375636787Z,2026-08-19T16:34:56.375636787Z,2026-08-19T15:59:07Z,0.032,Y,sensor_data
,,1,2026-08-19T15:34:56.375636787Z,2026-08-19T16:34:56.375636787Z,2026-08-19T15:59:08Z,0.031,Y,sensor_data
,,1,2026-08-19T15:34:56.375636787Z,2026-08-19T16:34:56.375636787Z,2026-08-19T15:59:09Z,0.032,Y,sensor_data
,,1,2026-08-19T15:34:56.375636787Z,2026-08-19T16:34:56.375636787Z,2026-08-19T15:59:10Z,0.031,Y,sensor_data
,,1,2026-08-19T15:34:56.375636787Z,2026-08-19T16:34:56.375636787Z,2026-08-19T15:59:11Z,0.031,Y,sensor_data
,,1,2026-08-19T15:34:56.375636787Z,2026-08-19T16:34:56.375636787Z,2026-08-19T15:59:12Z,0.03,Y,sensor_data
,,1,2026-08-19T15:34:56.375636787Z,2026-08-19T16:34:56.375636787Z,2026-08-19T15:59:13Z,0.03,Y,sensor_data
,,1,2026-08-19T15:34:56.375636787Z,2026-08-19T16:34:56.375636787Z,2026-08-19T15:59:14Z,0.032,Y,sensor_data
,,1,2026-08-19T15:34:56.375636787Z,2026-08-19T16:34:56.375636787Z,2026-08-19T15:59:15Z,0.032,Y,sensor_data
,,1,2026-08-19T15:34:56.375636787Z,2026-08-19T16:34:56.375636787Z,2026-08-19T15:59:16Z,0.029,Y,sensor_data
,,1,2026-08-19T15:34:56.375636787Z,2026-08-19T16:34:56.375636787Z,2026-08-19T15:59:17Z,0.033,Y,sensor_data
,,1,2026-08-19T15:34:56.375636787Z,2026-08-19T16:34:56.375636787Z,2026-08-19T15:59:18Z,0.032,Y,sensor_data
,,1,2026-08-19T15:34:56.375636787Z,2026-08-19T16:34:56.375636787Z,2026-08-19T15:59:19Z,0.031,Y,sensor_data
,,1,2026-08-19T15:34:56.375636787Z,2026-08-19T16:34:56.375636787Z,2026-08-19T15:59:20Z,0.031,Y,sensor_data
,,1,2026-08-19T15:34:56.375636787Z,2026-08-19T16:34:56.375636787Z,2026-08-19T15:59:21Z,0.032,Y,sensor_data
,,1,2026-08-19T15:34:56.375636787Z,2026-08-19T16:34:56.375636787Z,2026-08-19T15:59:22Z,0.031,Y,sensor_data
,,1,2026-08-19T15:34:56.375636787Z,2026-08-19T16:34:56.375636787Z,2026-08-19T15:59:23Z,0.031,Y,sensor_data
,,1,2026-08-19T15:34:56.375636787Z,2026-08-19T16:34:56.375636787Z,2026-08-19T15:59:24Z,0.031,Y,sensor_data
,,1,2026-08-19T15:34:56.375636787Z,2026-08-19T16:34:56.375636787Z,2026-08-19T15:59:25Z,0.032,Y,sensor_data
,,1,2026-08-19T15:34:56.375636787Z,2026-08-19T16:34:56.375636787Z,2026-08-19T15:59:26Z,0.031,Y,sensor_data
,,1,2026-08-19T15:34:56.375636787Z,2026-08-19T16:34:56.375636787Z,2026-08-19T15:59:27Z,0.031,Y,sensor_data
,,1,2026-08-19T15:34:56.375636787Z,2026-08-19T16:34:56.375636787Z,2026-08-19T15:59:28Z,0.032,Y,sensor_data
,,1,2026-08-19T15:34:56.375636787Z,2026-08-19T16:34:56.375636787Z,2026-08-19T15:59:29Z,0.032,Y,sensor_data
,,1,2026-08-19T15:34:56.375636787Z,2026-08-19T16:34:56.375636787Z,2026-08-19T15:59:30Z,0.031,Y,sensor_data
,,1,2026-08-19T15:34:56.375636787Z,2026-08-19T16:34:56.375636787Z,2026-08-19T15:59:31Z,0.032,Y,sensor_data
,,1,2026-08-19T15:34:56.375636787Z,2026-08-19T16:34:56.375636787Z,2026-08-19T15:59:32Z,0.031,Y,sensor_data
,,1,2026-08-19T15:34:56.375636787Z,2026-08-19T16:34:56.375636787Z,2026-08-19T15:59:33Z,0.032,Y,sensor_data
,,1,2026-08-19T15:34:56.375636787Z,2026-08-19T16:34:56.375636787Z,2026-08-19T15:59:34Z,0.031,Y,sensor_data
,,1,2026-08-19T15:34:56.375636787Z,2026-08-19T16:34:56.375636787Z,2026-08-19T15:59:35Z,0.031,Y,sensor_data
,,1,2026-08-19T15:34:56.375636787Z,2026-08-19T16:34:56.375636787Z,2026-08-19T15:59:36Z,0.032,Y,sensor_data
,,1,2026-08-19T15:34:56.375636787Z,2026-08-19T16:34:56.375636787Z,2026-08-19T15:59:37Z,0.032,Y,sensor_data
,,1,2026-08-19T15:34:56.375636787Z,2026-08-19T16:34:56.375636787Z,2026-08-19T15:59:38Z,0.033,Y,sensor_data
,,1,2026-08-19T15:34:56.375636787Z,2026-08-19T16:34:56.375636787Z,2026-08-19T15:59:39Z,0.033,Y,sensor_data
,,1,2026-08-19T15:34:56.375636787Z,2026-08-19T16:34:56.375636787Z,2026-08-19T15:59:40Z,0.034,Y,sensor_data
,,1,2026-08-19T15:34:56.375636787Z,2026-08-19T16:34:56.375636787Z,2026-08-19T15:59:41Z,0.032,Y,sensor_data
,,1,2026-08-19T15:34:56.375636787Z,2026-08-19T16:34:56.375636787Z,2026-08-19T15:59:42Z,0.032,Y,sensor_data
,,1,2026-08-19T15:34:56.375636787Z,2026-08-19T16:34:56.375636787Z,2026-08-19T15:59:43Z,0.031,Y,sensor_data
,,1,2026-08-19T15:34:56.375636787Z,2026-08-19T16:34:56.375636787Z,2026-08-19T15:59:44Z,0.033,Y,sensor_data
,,1,2026-08-19T15:34:56.375636787Z,2026-08-19T16:34:56.375636787Z,2026-08-19T15:59:45Z,0.032,Y,sensor_data
,,1,2026-08-19T15:34:56.375636787Z,2026-08-19T16:34:56.375636787Z,2026-08-19T15:59:46Z,0.032,Y,sensor_data
,,1,2026-08-19T15:34:56.375636787Z,2026-08-19T16:34:56.375636787Z,2026-08-19T15:59:47Z,0.031,Y,sensor_data
,,1,2026-08-19T15:34:56.375636787Z,2026-08-19T16:34:56.375636787Z,2026-08-19T15:59:48Z,0.032,Y,sensor_data
,,1,2026-08-19T15:34:56.375636787Z,2026-08-19T16:34:56.375636787Z,2026-08-19T15:59:49Z,0.032,Y,sensor_data
,,1,2026-08-19T15:34:56.375636787Z,2026-08-19T16:34:56.375636787Z,2026-08-19T15:59:50Z,0.032,Y,sensor_data
,,1,2026-08-19T15:34:56.375636787Z,2026-08-19T16:34:56.375636787Z,2026-08-19T15:59:51Z,0.032,Y,sensor_data
,,1,2026-08-19T15:34:56.375636787Z,2026-08-19T16:34:56.375636787Z,2026-08-19T15:59:52Z,0.031,Y,sensor_data
,,1,2026-08-19T15:34:56.375636787Z,2026-08-19T16:34:56.375636787Z,2026-08-19T15:59:53Z,0.031,Y,sensor_data
,,1,2026-08-19T15:34:56.375636787Z,2026-08-19T16:34:56.375636787Z,2026-08-19T15:59:54Z,0.032,Y,sensor_data
,,1,2026-08-19T15:34:56.375636787Z,2026-08-19T16:34:56.375636787Z,2026-08-19T15:59:55Z,0.031,Y,sensor_data
,,1,2026-08-19T15:34:56.375636787Z,2026-08-19T16:34:56.375636787Z,2026-08-19T15:59:56Z,0.033,Y,sensor_data
,,1,2026-08-19T15:34:56.375636787Z,2026-08-19T16:34:56.375636787Z,2026-08-19T15:59:57Z,0.031,Y,sensor_data
,,1,2026-08-19T15:34:56.375636787Z,2026-08-19T16:34:56.375636787Z,2026-08-19T15:59:58Z,0.032,Y,sensor_data
,,1,2026-08-19T15:34:56.375636787Z,2026-08-19T16:34:56.375636787Z,2026-08-19T15:59:59Z,0.033,Y,sensor_data
,,1,2026-08-19T15:34:56.375636787Z,2026-08-19T16:34:56.375636787Z,2026-08-19T16:00:00Z,0.032,Y,sensor_data
,,1,2026-08-19T15:34:56.375636787Z,2026-08-19T16:34:56.375636787Z,2026-08-19T16:00:01Z,0.032,Y,sensor_data
,,1,2026-08-19T15:34:56.375636787Z,2026-08-19T16:34:56.375636787Z,2026-08-19T16:00:02Z,0.032,Y,sensor_data
,,1,2026-08-19T15:34:56.375636787Z,2026-08-19T16:34:56.375636787Z,2026-08-19T16:00:03Z,0.032,Y,sensor_data
,,1,2026-08-19T15:34:56.375636787Z,2026-08-19T16:34:56.375636787Z,2026-08-19T16:00:04Z,0.033,Y,sensor_data
,,1,2026-08-19T15:34:56.375636787Z,2026-08-19T16:34:56.375636787Z,2026-08-19T16:00:05Z,0.032,Y,sensor_data
,,1,2026-08-19T15:34:56.375636787Z,2026-08-19T16:34:56.375636787Z,2026-08-19T16:00:06Z,0.031,Y,sensor_data
,,1,2026-08-19T15:34:56.375636787Z,2026-08-19T16:34:56.375636787Z,2026-08-19T16:00:07Z,0.032,Y,sensor_data
,,1,2026-08-19T15:34:56.375636787Z,2026-08-19T16:34:56.375636787Z,2026-08-19T16:00:08Z,0.032,Y,sensor_data
,,1,2026-08-19T15:34:56.375636787Z,2026-08-19T16:34:56.375636787Z,2026-08-19T16:00:09Z,0.032,Y,sensor_data
,,1,2026-08-19T15:34:56.375636787Z,2026-08-19T16:34:56.375636787Z,2026-08-19T16:00:10Z,0.032,Y,sensor_data
,,1,2026-08-19T15:34:56.375636787Z,2026-08-19T16:34:56.375636787Z,2026-08-19T16:00:11Z,0.032,Y,sensor_data
,,1,2026-08-19T15:34:56.375636787Z,2026-08-19T16:34:56.375636787Z,2026-08-19T16:00:12Z,0.031,Y,sensor_data
,,1,2026-08-19T15:34:56.375636787Z,2026-08-19T16:34:56.375636787Z,2026-08-19T16:00:13Z,0.033,Y,sensor_data
,,1,2026-08-19T15:34:56.375636787Z,2026-08-19T16:34:56.375636787Z,2026-08-19T16:00:14Z,0.032,Y,sensor_data
,,1,2026-08-19T15:34:56.375636787Z,2026-08-19T16:34:56.375636787Z,2026-08-19T16:00:15Z,0.032,Y,sensor_data
,,1,2026-08-19T15:34:56.375636787Z,2026-08-19T16:34:56.375636787Z,2026-08-19T16:00:16Z,0.032,Y,sensor_data
,,1,2026-08-19T15:34:56.375636787Z,2026-08-19T16:34:56.375636787Z,2026-08-19T16:00:17Z,0.031,Y,sensor_data
,,1,2026-08-19T15:34:56.375636787Z,2026-08-19T16:34:56.375636787Z,2026-08-19T16:00:18Z,0.032,Y,sensor_data
,,1,2026-08-19T15:34:56.375636787Z,2026-08-19T16:34:56.375636787Z,2026-08-19T16:00:19Z,0.031,Y,sensor_data
,,1,2026-08-19T15:34:56.375636787Z,2026-08-19T16:34:56.375636787Z,2026-08-19T16:00:20Z,0.032,Y,sensor_data
,,1,2026-08-19T15:34:56.375636787Z,2026-08-19T16:34:56.375636787Z,2026-08-19T16:00:21Z,0.032,Y,sensor_data
,,1,2026-08-19T15:34:56.375636787Z,2026-08-19T16:34:56.375636787Z,2026-08-19T16:00:22Z,0.032,Y,sensor_data
,,1,2026-08-19T15:34:56.375636787Z,2026-08-19T16:34:56.375636787Z,2026-08-19T16:00:24Z,0.031,Y,sensor_data
,,1,2026-08-19T15:34:56.375636787Z,2026-08-19T16:34:56.375636787Z,2026-08-19T16:00:25Z,0.031,Y,sensor_data
,,1,2026-08-19T15:34:56.375636787Z,2026-08-19T16:34:56.375636787Z,2026-08-19T16:00:26Z,0.031,Y,sensor_data
,,1,2026-08-19T15:34:56.375636787Z,2026-08-19T16:34:56.375636787Z,2026-08-19T16:00:27Z,0.031,Y,sensor_data
,,1,2026-08-19T15:34:56.375636787Z,2026-08-19T16:34:56.375636787Z,2026-08-19T16:00:28Z,0.032,Y,sensor_data
,,1,2026-08-19T15:34:56.375636787Z,2026-08-19T16:34:56.375636787Z,2026-08-19T16:00:29Z,0.031,Y,sensor_data
,,1,2026-08-19T15:34:56.375636787Z,2026-08-19T16:34:56.375636787Z,2026-08-19T16:00:30Z,0.032,Y,sensor_data
,,1,2026-08-19T15:34:56.375636787Z,2026-08-19T16:34:56.375636787Z,2026-08-19T16:00:31Z,0.031,Y,sensor_data
,,1,2026-08-19T15:34:56.375636787Z,2026-08-19T16:34:56.375636787Z,2026-08-19T16:00:32Z,0.031,Y,sensor_data
,,1,2026-08-19T15:34:56.375636787Z,2026-08-19T16:34:56.375636787Z,2026-08-19T16:00:33Z,0.032,Y,sensor_data
,,1,2026-08-19T15:34:56.375636787Z,2026-08-19T16:34:56.375636787Z,2026-08-19T16:00:34Z,0.031,Y,sensor_data
,,1,2026-08-19T15:34:56.375636787Z,2026-08-19T16:34:56.375636787Z,2026-08-19T16:00:35Z,0.031,Y,sensor_data
,,1,2026-08-19T15:34:56.375636787Z,2026-08-19T16:34:56.375636787Z,2026-08-19T16:00:36Z,0.032,Y,sensor_data
,,1,2026-08-19T15:34:56.375636787Z,2026-08-19T16:34:56.375636787Z,2026-08-19T16:00:37Z,0.032,Y,sensor_data
,,1,2026-08-19T15:34:56.375636787Z,2026-08-19T16:34:56.375636787Z,2026-08-19T16:00:38Z,0.031,Y,sensor_data
,,1,2026-08-19T15:34:56.375636787Z,2026-08-19T16:34:56.375636787Z,2026-08-19T16:00:39Z,0.032,Y,sensor_data
,,1,2026-08-19T15:34:56.375636787Z,2026-08-19T16:34:56.375636787Z,2026-08-19T16:00:40Z,0.033,Y,sensor_data
,,1,2026-08-19T15:34:56.375636787Z,2026-08-19T16:34:56.375636787Z,2026-08-19T16:00:41Z,0.032,Y,sensor_data
,,1,2026-08-19T15:34:56.375636787Z,2026-08-19T16:34:56.375636787Z,2026-08-19T16:00:42Z,0.032,Y,sensor_data
,,1,2026-08-19T15:34:56.375636787Z,2026-08-19T16:34:56.375636787Z,2026-08-19T16:00:43Z,0.031,Y,sensor_data
,,1,2026-08-19T15:34:56.375636787Z,2026-08-19T16:34:56.375636787Z,2026-08-19T16:00:44Z,0.032,Y,sensor_data
,,1,2026-08-19T15:34:56.375636787Z,2026-08-19T16:34:56.375636787Z,2026-08-19T16:00:45Z,0.032,Y,sensor_data
,,1,2026-08-19T15:34:56.375636787Z,2026-08-19T16:34:56.375636787Z,2026-08-19T16:00:46Z,0.031,Y,sensor_data
,,1,2026-08-19T15:34:56.375636787Z,2026-08-19T16:34:56.375636787Z,2026-08-19T16:00:47Z,0.031,Y,sensor_data
,,1,2026-08-19T15:34:56.375636787Z,2026-08-19T16:34:56.375636787Z,2026-08-19T16:00:48Z,0.032,Y,sensor_data
,,1,2026-08-19T15:34:56.375636787Z,2026-08-19T16:34:56.375636787Z,2026-08-19T16:00:49Z,0.031,Y,sensor_data
,,1,2026-08-19T15:34:56.375636787Z,2026-08-19T16:34:56.375636787Z,2026-08-19T16:00:50Z,0.032,Y,sensor_data
,,1,2026-08-19T15:34:56.375636787Z,2026-08-19T16:34:56.375636787Z,2026-08-19T16:00:51Z,0.031,Y,sensor_data
,,1,2026-08-19T15:34:56.375636787Z,2026-08-19T16:34:56.375636787Z,2026-08-19T16:00:52Z,0.031,Y,sensor_data
,,1,2026-08-19T15:34:56.375636787Z,2026-08-19T16:34:56.375636787Z,2026-08-19T16:00:53Z,0.032,Y,sensor_data
,,1,2026-08-19T15:34:56.375636787Z,2026-08-19T16:34:56.375636787Z,2026-08-19T16:00:54Z,0.031,Y,sensor_data
,,1,2026-08-19T15:34:56.375636787Z,2026-08-19T16:34:56.375636787Z,2026-08-19T16:00:55Z,0.032,Y,sensor_data
,,1,2026-08-19T15:34:56.375636787Z,2026-08-19T16:34:56.375636787Z,2026-08-19T16:00:56Z,0.033,Y,sensor_data
,,1,2026-08-19T15:34:56.375636787Z,2026-08-19T16:34:56.375636787Z,2026-08-19T16:00:57Z,0.032,Y,sensor_data
,,1,2026-08-19T15:34:56.375636787Z,2026-08-19T16:34:56.375636787Z,2026-08-19T16:00:58Z,0.032,Y,sensor_data
,,1,2026-08-19T15:34:56.375636787Z,2026-08-19T16:34:56.375636787Z,2026-08-19T16:00:59Z,0.031,Y,sensor_data
,,1,2026-08-19T15:34:56.375636787Z,2026-08-19T16:34:56.375636787Z,2026-08-19T16:01:00Z,0.031,Y,sensor_data
,,1,2026-08-19T15:34:56.375636787Z,2026-08-19T16:34:56.375636787Z,2026-08-19T16:01:01Z,0.032,Y,sensor_data
,,1,2026-08-19T15:34:56.375636787Z,2026-08-19T16:34:56.375636787Z,2026-08-19T16:01:02Z,0.032,Y,sensor_data
,,1,2026-08-19T15:34:56.375636787Z,2026-08-19T16:34:56.375636787Z,2026-08-19T16:01:03Z,0.032,Y,sensor_data
,,1,2026-08-19T15:34:56.375636787Z,2026-08-19T16:34:56.375636787Z,2026-08-19T16:01:04Z,0.031,Y,sensor_data
,,1,2026-08-19T15:34:56.375636787Z,2026-08-19T16:34:56.375636787Z,2026-08-19T16:01:05Z,0.032,Y,sensor_data
,,1,2026-08-19T15:34:56.375636787Z,2026-08-19T16:34:56.375636787Z,2026-08-19T16:01:06Z,0.03,Y,sensor_data
,,1,2026-08-19T15:34:56.375636787Z,2026-08-19T16:34:56.375636787Z,2026-08-19T16:01:07Z,0.033,Y,sensor_data
,,1,2026-08-19T15:34:56.375636787Z,2026-08-19T16:34:56.375636787Z,2026-08-19T16:01:08Z,0.032,Y,sensor_data
,,1,2026-08-19T15:34:56.375636787Z,2026-08-19T16:34:56.375636787Z,2026-08-19T16:01:09Z,0.032,Y,sensor_data
,,1,2026-08-19T15:34:56.375636787Z,2026-08-19T16:34:56.375636787Z,2026-08-19T16:01:10Z,0.031,Y,sensor_data
,,1,2026-08-19T15:34:56.375636787Z,2026-08-19T16:34:56.375636787Z,2026-08-19T16:01:11Z,0.032,Y,sensor_data
,,1,2026-08-19T15:34:56.375636787Z,2026-08-19T16:34:56.375636787Z,2026-08-19T16:01:12Z,0.031,Y,sensor_data
,,1,2026-08-19T15:34:56.375636787Z,2026-08-19T16:34:56.375636787Z,2026-08-19T16:01:13Z,0.032,Y,sensor_data
,,1,2026-08-19T15:34:56.375636787Z,2026-08-19T16:34:56.375636787Z,2026-08-19T16:01:14Z,0.031,Y,sensor_data
,,1,2026-08-19T15:34:56.375636787Z,2026-08-19T16:34:56.375636787Z,2026-08-19T16:01:15Z,0.032,Y,sensor_data
,,1,2026-08-19T15:34:56.375636787Z,2026-08-19T16:34:56.375636787Z,2026-08-19T16:01:16Z,0.031,Y,sensor_data
,,1,2026-08-19T15:34:56.375636787Z,2026-08-19T16:34:56.375636787Z,2026-08-19T16:01:17Z,0.032,Y,sensor_data
,,1,2026-08-19T15:34:56.375636787Z,2026-08-19T16:34:56.375636787Z,2026-08-19T16:01:18Z,0.032,Y,sensor_data
,,1,2026-08-19T15:34:56.375636787Z,2026-08-19T16:34:56.375636787Z,2026-08-19T16:01:19Z,0.032,Y,sensor_data
,,1,2026-08-19T15:34:56.375636787Z,2026-08-19T16:34:56.375636787Z,2026-08-19T16:01:20Z,0.031,Y,sensor_data
,,1,2026-08-19T15:34:56.375636787Z,2026-08-19T16:34:56.375636787Z,2026-08-19T16:01:21Z,0.032,Y,sensor_data
,,1,2026-08-19T15:34:56.375636787Z,2026-08-19T16:34:56.375636787Z,2026-08-19T16:01:22Z,0.03,Y,sensor_data
,,1,2026-08-19T15:34:56.375636787Z,2026-08-19T16:34:56.375636787Z,2026-08-19T16:01:23Z,0.032,Y,sensor_data
,,1,2026-08-19T15:34:56.375636787Z,2026-08-19T16:34:56.375636787Z,2026-08-19T16:01:24Z,0.032,Y,sensor_data
,,1,2026-08-19T15:34:56.375636787Z,2026-08-19T16:34:56.375636787Z,2026-08-19T16:01:25Z,0.029,Y,sensor_data
,,1,2026-08-19T15:34:56.375636787Z,2026-08-19T16:34:56.375636787Z,2026-08-19T16:01:26Z,0.031,Y,sensor_data
,,1,2026-08-19T15:34:56.375636787Z,2026-08-19T16:34:56.375636787Z,2026-08-19T16:01:27Z,0.032,Y,sensor_data
,,1,2026-08-19T15:34:56.375636787Z,2026-08-19T16:34:56.375636787Z,2026-08-19T16:01:28Z,0.032,Y,sensor_data
,,1,2026-08-19T15:34:56.375636787Z,2026-08-19T16:34:56.375636787Z,2026-08-19T16:01:29Z,0.031,Y,sensor_data
,,1,2026-08-19T15:34:56.375636787Z,2026-08-19T16:34:56.375636787Z,2026-08-19T16:01:30Z,0.032,Y,sensor_data
,,1,2026-08-19T15:34:56.375636787Z,2026-08-19T16:34:56.375636787Z,2026-08-19T16:01:31Z,0.032,Y,sensor_data
,,1,2026-08-19T15:34:56.375636787Z,2026-08-19T16:34:56.375636787Z,2026-08-19T16:01:32Z,0.032,Y,sensor_data
,,1,2026-08-19T15:34:56.375636787Z,2026-08-19T16:34:56.375636787Z,2026-08-19T16:01:33Z,0.028,Y,sensor_data
,,1,2026-08-19T15:34:56.375636787Z,2026-08-19T16:34:56.375636787Z,2026-08-19T16:01:34Z,0.032,Y,sensor_data
,,1,2026-08-19T15:34:56.375636787Z,2026-08-19T16:34:56.375636787Z,2026-08-19T16:01:35Z,0.032,Y,sensor_data
,,1,2026-08-19T15:34:56.375636787Z,2026-08-19T16:34:56.375636787Z,2026-08-19T16:01:36Z,0.032,Y,sensor_data
,,1,2026-08-19T15:34:56.375636787Z,2026-08-19T16:34:56.375636787Z,2026-08-19T16:01:37Z,0.032,Y,sensor_data
,,1,2026-08-19T15:34:56.375636787Z,2026-08-19T16:34:56.375636787Z,2026-08-19T16:01:38Z,0.032,Y,sensor_data
,,1,2026-08-19T15:34:56.375636787Z,2026-08-19T16:34:56.375636787Z,2026-08-19T16:01:39Z,0.031,Y,sensor_data
,,1,2026-08-19T15:34:56.375636787Z,2026-08-19T16:34:56.375636787Z,2026-08-19T16:01:40Z,0.033,Y,sensor_data
,,1,2026-08-19T15:34:56.375636787Z,2026-08-19T16:34:56.375636787Z,2026-08-19T16:01:41Z,0.031,Y,sensor_data
,,1,2026-08-19T15:34:56.375636787Z,2026-08-19T16:34:56.375636787Z,2026-08-19T16:01:42Z,0.031,Y,sensor_data
,,1,2026-08-19T15:34:56.375636787Z,2026-08-19T16:34:56.375636787Z,2026-08-19T16:01:43Z,0.031,Y,sensor_data
,,1,2026-08-19T15:34:56.375636787Z,2026-08-19T16:34:56.375636787Z,2026-08-19T16:01:44Z,0.032,Y,sensor_data
,,1,2026-08-19T15:34:56.375636787Z,2026-08-19T16:34:56.375636787Z,2026-08-19T16:01:45Z,0.03,Y,sensor_data
,,1,2026-08-19T15:34:56.375636787Z,2026-08-19T16:34:56.375636787Z,2026-08-19T16:01:46Z,0.032,Y,sensor_data
,,1,2026-08-19T15:34:56.375636787Z,2026-08-19T16:34:56.375636787Z,2026-08-19T16:01:47Z,0.032,Y,sensor_data
,,1,2026-08-19T15:34:56.375636787Z,2026-08-19T16:34:56.375636787Z,2026-08-19T16:01:48Z,0.032,Y,sensor_data
,,1,2026-08-19T15:34:56.375636787Z,2026-08-19T16:34:56.375636787Z,2026-08-19T16:01:49Z,0.032,Y,sensor_data
,,1,2026-08-19T15:34:56.375636787Z,2026-08-19T16:34:56.375636787Z,2026-08-19T16:01:50Z,0.033,Y,sensor_data
,,1,2026-08-19T15:34:56.375636787Z,2026-08-19T16:34:56.375636787Z,2026-08-19T16:01:51Z,0.032,Y,sensor_data
,,1,2026-08-19T15:34:56.375636787Z,2026-08-19T16:34:56.375636787Z,2026-08-19T16:01:52Z,0.032,Y,sensor_data
,,1,2026-08-19T15:34:56.375636787Z,2026-08-19T16:34:56.375636787Z,2026-08-19T16:01:53Z,0.031,Y,sensor_data
,,1,2026-08-19T15:34:56.375636787Z,2026-08-19T16:34:56.375636787Z,2026-08-19T16:01:54Z,0.032,Y,sensor_data
,,1,2026-08-19T15:34:56.375636787Z,2026-08-19T16:34:56.375636787Z,2026-08-19T16:01:55Z,0.03,Y,sensor_data
,,1,2026-08-19T15:34:56.375636787Z,2026-08-19T16:34:56.375636787Z,2026-08-19T16:01:56Z,0.032,Y,sensor_data
,,1,2026-08-19T15:34:56.375636787Z,2026-08-19T16:34:56.375636787Z,2026-08-19T16:01:57Z,0.032,Y,sensor_data
,,1,2026-08-19T15:34:56.375636787Z,2026-08-19T16:34:56.375636787Z,2026-08-19T16:01:58Z,0.031,Y,sensor_data
,,1,2026-08-19T15:34:56.375636787Z,2026-08-19T16:34:56.375636787Z,2026-08-19T16:01:59Z,0.031,Y,sensor_data
,,1,2026-08-19T15:34:56.375636787Z,2026-08-19T16:34:56.375636787Z,2026-08-19T16:02:00Z,0.032,Y,sensor_data
,,1,2026-08-19T15:34:56.375636787Z,2026-08-19T16:34:56.375636787Z,2026-08-19T16:02:01Z,0.031,Y,sensor_data
,,1,2026-08-19T15:34:56.375636787Z,2026-08-19T16:34:56.375636787Z,2026-08-19T16:02:02Z,0.032,Y,sensor_data
,,1,2026-08-19T15:34:56.375636787Z,2026-08-19T16:34:56.375636787Z,2026-08-19T16:02:03Z,0.032,Y,sensor_data
,,1,2026-08-19T15:34:56.375636787Z,2026-08-19T16:34:56.375636787Z,2026-08-19T16:02:04Z,0.032,Y,sensor_data
,,1,2026-08-19T15:34:56.375636787Z,2026-08-19T16:34:56.375636787Z,2026-08-19T16:02:05Z,0.032,Y,sensor_data
,,1,2026-08-19T15:34:56.375636787Z,2026-08-19T16:34:56.375636787Z,2026-08-19T16:02:06Z,0.031,Y,sensor_data
,,1,2026-08-19T15:34:56.375636787Z,2026-08-19T16:34:56.375636787Z,2026-08-19T16:02:07Z,0.032,Y,sensor_data
,,1,2026-08-19T15:34:56.375636787Z,2026-08-19T16:34:56.375636787Z,2026-08-19T16:02:08Z,0.032,Y,sensor_data
,,1,2026-08-19T15:34:56.375636787Z,2026-08-19T16:34:56.375636787Z,2026-08-19T16:02:09Z,0.032,Y,sensor_data
,,1,2026-08-19T15:34:56.375636787Z,2026-08-19T16:34:56.375636787Z,2026-08-19T16:02:10Z,0.032,Y,sensor_data
,,1,2026-08-19T15:34:56.375636787Z,2026-08-19T16:34:56.375636787Z,2026-08-19T16:02:11Z,0.031,Y,sensor_data
,,1,2026-08-19T15:34:56.375636787Z,2026-08-19T16:34:56.375636787Z,2026-08-19T16:02:12Z,0.033,Y,sensor_data
,,1,2026-08-19T15:34:56.375636787Z,2026-08-19T16:34:56.375636787Z,2026-08-19T16:02:13Z,0.032,Y,sensor_data
,,1,2026-08-19T15:34:56.375636787Z,2026-08-19T16:34:56.375636787Z,2026-08-19T16:02:14Z,0.032,Y,sensor_data
,,1,2026-08-19T15:34:56.375636787Z,2026-08-19T16:34:56.375636787Z,2026-08-19T16:02:15Z,0.033,Y,sensor_data
,,1,2026-08-19T15:34:56.375636787Z,2026-08-19T16:34:56.375636787Z,2026-08-19T16:02:16Z,0.032,Y,sensor_data
,,1,2026-08-19T15:34:56.375636787Z,2026-08-19T16:34:56.375636787Z,2026-08-19T16:02:17Z,0.031,Y,sensor_data
,,1,2026-08-19T15:34:56.375636787Z,2026-08-19T16:34:56.375636787Z,2026-08-19T16:02:18Z,0.034,Y,sensor_data
,,1,2026-08-19T15:34:56.375636787Z,2026-08-19T16:34:56.375636787Z,2026-08-19T16:02:19Z,0.032,Y,sensor_data
,,1,2026-08-19T15:34:56.375636787Z,2026-08-19T16:34:56.375636787Z,2026-08-19T16:02:20Z,0.031,Y,sensor_data
,,1,2026-08-19T15:34:56.375636787Z,2026-08-19T16:34:56.375636787Z,2026-08-19T16:02:21Z,0.032,Y,sensor_data
,,1,2026-08-19T15:34:56.375636787Z,2026-08-19T16:34:56.375636787Z,2026-08-19T16:02:22Z,0.032,Y,sensor_data
,,1,2026-08-19T15:34:56.375636787Z,2026-08-19T16:34:56.375636787Z,2026-08-19T16:02:23Z,0.031,Y,sensor_data
,,1,2026-08-19T15:34:56.375636787Z,2026-08-19T16:34:56.375636787Z,2026-08-19T16:02:24Z,0.031,Y,sensor_data
,,1,2026-08-19T15:34:56.375636787Z,2026-08-19T16:34:56.375636787Z,2026-08-19T16:02:25Z,0.032,Y,sensor_data
,,1,2026-08-19T15:34:56.375636787Z,2026-08-19T16:34:56.375636787Z,2026-08-19T16:02:26Z,0.031,Y,sensor_data
,,1,2026-08-19T15:34:56.375636787Z,2026-08-19T16:34:56.375636787Z,2026-08-19T16:02:27Z,0.032,Y,sensor_data
,,1,2026-08-19T15:34:56.375636787Z,2026-08-19T16:34:56.375636787Z,2026-08-19T16:02:28Z,0.032,Y,sensor_data
,,1,2026-08-19T15:34:56.375636787Z,2026-08-19T16:34:56.375636787Z,2026-08-19T16:02:29Z,0.031,Y,sensor_data
,,1,2026-08-19T15:34:56.375636787Z,2026-08-19T16:34:56.375636787Z,2026-08-19T16:02:30Z,0.032,Y,sensor_data
,,1,2026-08-19T15:34:56.375636787Z,2026-08-19T16:34:56.375636787Z,2026-08-19T16:02:31Z,0.032,Y,sensor_data
,,1,2026-08-19T15:34:56.375636787Z,2026-08-19T16:34:56.375636787Z,2026-08-19T16:02:32Z,0.032,Y,sensor_data
,,1,2026-08-19T15:34:56.375636787Z,2026-08-19T16:34:56.375636787Z,2026-08-19T16:02:33Z,0.032,Y,sensor_data
,,1,2026-08-19T15:34:56.375636787Z,2026-08-19T16:34:56.375636787Z,2026-08-19T16:02:34Z,0.032,Y,sensor_data
,,1,2026-08-19T15:34:56.375636787Z,2026-08-19T16:34:56.375636787Z,2026-08-19T16:02:35Z,0.033,Y,sensor_data
,,1,2026-08-19T15:34:56.375636787Z,2026-08-19T16:34:56.375636787Z,2026-08-19T16:02:36Z,0.032,Y,sensor_data
,,1,2026-08-19T15:34:56.375636787Z,2026-08-19T16:34:56.375636787Z,2026-08-19T16:02:37Z,0.032,Y,sensor_data
,,1,2026-08-19T15:34:56.375636787Z,2026-08-19T16:34:56.375636787Z,2026-08-19T16:02:38Z,0.032,Y,sensor_data
,,1,2026-08-19T15:34:56.375636787Z,2026-08-19T16:34:56.375636787Z,2026-08-19T16:02:39Z,0.03,Y,sensor_data
,,1,2026-08-19T15:34:56.375636787Z,2026-08-19T16:34:56.375636787Z,2026-08-19T16:02:40Z,0.033,Y,sensor_data
,,1,2026-08-19T15:34:56.375636787Z,2026-08-19T16:34:56.375636787Z,2026-08-19T16:02:41Z,0.032,Y,sensor_data
,,1,2026-08-19T15:34:56.375636787Z,2026-08-19T16:34:56.375636787Z,2026-08-19T16:02:42Z,0.032,Y,sensor_data
,,1,2026-08-19T15:34:56.375636787Z,2026-08-19T16:34:56.375636787Z,2026-08-19T16:02:43Z,0.032,Y,sensor_data
,,1,2026-08-19T15:34:56.375636787Z,2026-08-19T16:34:56.375636787Z,2026-08-19T16:02:44Z,0.032,Y,sensor_data
,,1,2026-08-19T15:34:56.375636787Z,2026-08-19T16:34:56.375636787Z,2026-08-19T16:02:45Z,0.03,Y,sensor_data
,,1,2026-08-19T15:34:56.375636787Z,2026-08-19T16:34:56.375636787Z,2026-08-19T16:02:46Z,0.031,Y,sensor_data
,,1,2026-08-19T15:34:56.375636787Z,2026-08-19T16:34:56.375636787Z,2026-08-19T16:02:47Z,0.032,Y,sensor_data
,,1,2026-08-19T15:34:56.375636787Z,2026-08-19T16:34:56.375636787Z,2026-08-19T16:02:48Z,0.031,Y,sensor_data
,,1,2026-08-19T15:34:56.375636787Z,2026-08-19T16:34:56.375636787Z,2026-08-19T16:02:49Z,0.032,Y,sensor_data
,,1,2026-08-19T15:34:56.375636787Z,2026-08-19T16:34:56.375636787Z,2026-08-19T16:02:50Z,0.033,Y,sensor_data
,,1,2026-08-19T15:34:56.375636787Z,2026-08-19T16:34:56.375636787Z,2026-08-19T16:02:51Z,0.033,Y,sensor_data
,,1,2026-08-19T15:34:56.375636787Z,2026-08-19T16:34:56.375636787Z,2026-08-19T16:02:52Z,0.032,Y,sensor_data
,,1,2026-08-19T15:34:56.375636787Z,2026-08-19T16:34:56.375636787Z,2026-08-19T16:02:53Z,0.032,Y,sensor_data
,,1,2026-08-19T15:34:56.375636787Z,2026-08-19T16:34:56.375636787Z,2026-08-19T16:02:54Z,0.032,Y,sensor_data
,,1,2026-08-19T15:34:56.375636787Z,2026-08-19T16:34:56.375636787Z,2026-08-19T16:02:55Z,0.031,Y,sensor_data
,,1,2026-08-19T15:34:56.375636787Z,2026-08-19T16:34:56.375636787Z,2026-08-19T16:02:56Z,0.032,Y,sensor_data
,,1,2026-08-19T15:34:56.375636787Z,2026-08-19T16:34:56.375636787Z,2026-08-19T16:02:57Z,0.031,Y,sensor_data
,,1,2026-08-19T15:34:56.375636787Z,2026-08-19T16:34:56.375636787Z,2026-08-19T16:02:58Z,0.033,Y,sensor_data
,,1,2026-08-19T15:34:56.375636787Z,2026-08-19T16:34:56.375636787Z,2026-08-19T16:02:59Z,0.031,Y,sensor_data
,,1,2026-08-19T15:34:56.375636787Z,2026-08-19T16:34:56.375636787Z,2026-08-19T16:03:00Z,0.032,Y,sensor_data
,,1,2026-08-19T15:34:56.375636787Z,2026-08-19T16:34:56.375636787Z,2026-08-19T16:03:01Z,0.032,Y,sensor_data
,,1,2026-08-19T15:34:56.375636787Z,2026-08-19T16:34:56.375636787Z,2026-08-19T16:03:02Z,0.034,Y,sensor_data
,,1,2026-08-19T15:34:56.375636787Z,2026-08-19T16:34:56.375636787Z,2026-08-19T16:03:03Z,0.032,Y,sensor_data
,,1,2026-08-19T15:34:56.375636787Z,2026-08-19T16:34:56.375636787Z,2026-08-19T16:03:04Z,0.032,Y,sensor_data
,,1,2026-08-19T15:34:56.375636787Z,2026-08-19T16:34:56.375636787Z,2026-08-19T16:03:05Z,0.031,Y,sensor_data
,,1,2026-08-19T15:34:56.375636787Z,2026-08-19T16:34:56.375636787Z,2026-08-19T16:03:06Z,0.031,Y,sensor_data
,,1,2026-08-19T15:34:56.375636787Z,2026-08-19T16:34:56.375636787Z,2026-08-19T16:03:07Z,0.032,Y,sensor_data
,,1,2026-08-19T15:34:56.375636787Z,2026-08-19T16:34:56.375636787Z,2026-08-19T16:03:08Z,0.033,Y,sensor_data
,,1,2026-08-19T15:34:56.375636787Z,2026-08-19T16:34:56.375636787Z,2026-08-19T16:03:09Z,0.031,Y,sensor_data
,,1,2026-08-19T15:34:56.375636787Z,2026-08-19T16:34:56.375636787Z,2026-08-19T16:03:10Z,0.032,Y,sensor_data
,,1,2026-08-19T15:34:56.375636787Z,2026-08-19T16:34:56.375636787Z,2026-08-19T16:03:11Z,0.031,Y,sensor_data
,,1,2026-08-19T15:34:56.375636787Z,2026-08-19T16:34:56.375636787Z,2026-08-19T16:03:12Z,0.031,Y,sensor_data
,,1,2026-08-19T15:34:56.375636787Z,2026-08-19T16:34:56.375636787Z,2026-08-19T16:03:13Z,0.034,Y,sensor_data
,,1,2026-08-19T15:34:56.375636787Z,2026-08-19T16:34:56.375636787Z,2026-08-19T16:03:14Z,0.032,Y,sensor_data
,,1,2026-08-19T15:34:56.375636787Z,2026-08-19T16:34:56.375636787Z,2026-08-19T16:03:15Z,0.032,Y,sensor_data
,,1,2026-08-19T15:34:56.375636787Z,2026-08-19T16:34:56.375636787Z,2026-08-19T16:03:16Z,0.031,Y,sensor_data
,,1,2026-08-19T15:34:56.375636787Z,2026-08-19T16:34:56.375636787Z,2026-08-19T16:03:17Z,0.035,Y,sensor_data
,,1,2026-08-19T15:34:56.375636787Z,2026-08-19T16:34:56.375636787Z,2026-08-19T16:03:18Z,0.031,Y,sensor_data
,,1,2026-08-19T15:34:56.375636787Z,2026-08-19T16:34:56.375636787Z,2026-08-19T16:03:19Z,0.031,Y,sensor_data
,,1,2026-08-19T15:34:56.375636787Z,2026-08-19T16:34:56.375636787Z,2026-08-19T16:03:20Z,0.032,Y,sensor_data
,,1,2026-08-19T15:34:56.375636787Z,2026-08-19T16:34:56.375636787Z,2026-08-19T16:03:21Z,0.032,Y,sensor_data
,,1,2026-08-19T15:34:56.375636787Z,2026-08-19T16:34:56.375636787Z,2026-08-19T16:03:22Z,0.032,Y,sensor_data
,,1,2026-08-19T15:34:56.375636787Z,2026-08-19T16:34:56.375636787Z,2026-08-19T16:03:23Z,0.031,Y,sensor_data
,,1,2026-08-19T15:34:56.375636787Z,2026-08-19T16:34:56.375636787Z,2026-08-19T16:03:24Z,0.031,Y,sensor_data
,,1,2026-08-19T15:34:56.375636787Z,2026-08-19T16:34:56.375636787Z,2026-08-19T16:03:25Z,0.032,Y,sensor_data
,,1,2026-08-19T15:34:56.375636787Z,2026-08-19T16:34:56.375636787Z,2026-08-19T16:03:26Z,0.032,Y,sensor_data
,,1,2026-08-19T15:34:56.375636787Z,2026-08-19T16:34:56.375636787Z,2026-08-19T16:03:27Z,0.032,Y,sensor_data
,,1,2026-08-19T15:34:56.375636787Z,2026-08-19T16:34:56.375636787Z,2026-08-19T16:03:28Z,0.033,Y,sensor_data
,,1,2026-08-19T15:34:56.375636787Z,2026-08-19T16:34:56.375636787Z,2026-08-19T16:03:29Z,0.033,Y,sensor_data
,,1,2026-08-19T15:34:56.375636787Z,2026-08-19T16:34:56.375636787Z,2026-08-19T16:03:30Z,0.032,Y,sensor_data
,,1,2026-08-19T15:34:56.375636787Z,2026-08-19T16:34:56.375636787Z,2026-08-19T16:03:31Z,0.032,Y,sensor_data
,,1,2026-08-19T15:34:56.375636787Z,2026-08-19T16:34:56.375636787Z,2026-08-19T16:03:32Z,0.031,Y,sensor_data
,,1,2026-08-19T15:34:56.375636787Z,2026-08-19T16:34:56.375636787Z,2026-08-19T16:03:33Z,0.031,Y,sensor_data
,,1,2026-08-19T15:34:56.375636787Z,2026-08-19T16:34:56.375636787Z,2026-08-19T16:03:34Z,0.032,Y,sensor_data
,,1,2026-08-19T15:34:56.375636787Z,2026-08-19T16:34:56.375636787Z,2026-08-19T16:03:35Z,0.031,Y,sensor_data
,,1,2026-08-19T15:34:56.375636787Z,2026-08-19T16:34:56.375636787Z,2026-08-19T16:03:36Z,0.032,Y,sensor_data
,,1,2026-08-19T15:34:56.375636787Z,2026-08-19T16:34:56.375636787Z,2026-08-19T16:03:37Z,0.032,Y,sensor_data
,,1,2026-08-19T15:34:56.375636787Z,2026-08-19T16:34:56.375636787Z,2026-08-19T16:03:38Z,0.031,Y,sensor_data
,,1,2026-08-19T15:34:56.375636787Z,2026-08-19T16:34:56.375636787Z,2026-08-19T16:03:39Z,0.032,Y,sensor_data
,,1,2026-08-19T15:34:56.375636787Z,2026-08-19T16:34:56.375636787Z,2026-08-19T16:03:40Z,0.031,Y,sensor_data
,,1,2026-08-19T15:34:56.375636787Z,2026-08-19T16:34:56.375636787Z,2026-08-19T16:03:41Z,0.034,Y,sensor_data
,,1,2026-08-19T15:34:56.375636787Z,2026-08-19T16:34:56.375636787Z,2026-08-19T16:03:42Z,0.031,Y,sensor_data
,,1,2026-08-19T15:34:56.375636787Z,2026-08-19T16:34:56.375636787Z,2026-08-19T16:03:43Z,0.032,Y,sensor_data
,,1,2026-08-19T15:34:56.375636787Z,2026-08-19T16:34:56.375636787Z,2026-08-19T16:03:44Z,0.031,Y,sensor_data
,,1,2026-08-19T15:34:56.375636787Z,2026-08-19T16:34:56.375636787Z,2026-08-19T16:03:45Z,0.032,Y,sensor_data
,,1,2026-08-19T15:34:56.375636787Z,2026-08-19T16:34:56.375636787Z,2026-08-19T16:03:46Z,0.024,Y,sensor_data
,,1,2026-08-19T15:34:56.375636787Z,2026-08-19T16:34:56.375636787Z,2026-08-19T16:03:47Z,0.032,Y,sensor_data
,,1,2026-08-19T15:34:56.375636787Z,2026-08-19T16:34:56.375636787Z,2026-08-19T16:03:48Z,0.031,Y,sensor_data
,,1,2026-08-19T15:34:56.375636787Z,2026-08-19T16:34:56.375636787Z,2026-08-19T16:03:49Z,0.032,Y,sensor_data
,,1,2026-08-19T15:34:56.375636787Z,2026-08-19T16:34:56.375636787Z,2026-08-19T16:03:50Z,0.031,Y,sensor_data
,,1,2026-08-19T15:34:56.375636787Z,2026-08-19T16:34:56.375636787Z,2026-08-19T16:03:51Z,0.032,Y,sensor_data
,,1,2026-08-19T15:34:56.375636787Z,2026-08-19T16:34:56.375636787Z,2026-08-19T16:03:52Z,0.032,Y,sensor_data
,,1,2026-08-19T15:34:56.375636787Z,2026-08-19T16:34:56.375636787Z,2026-08-19T16:03:53Z,0.033,Y,sensor_data
,,1,2026-08-19T15:34:56.375636787Z,2026-08-19T16:34:56.375636787Z,2026-08-19T16:03:54Z,0.029,Y,sensor_data
,,1,2026-08-19T15:34:56.375636787Z,2026-08-19T16:34:56.375636787Z,2026-08-19T16:03:55Z,0.032,Y,sensor_data
,,1,2026-08-19T15:34:56.375636787Z,2026-08-19T16:34:56.375636787Z,2026-08-19T16:03:56Z,0.036,Y,sensor_data
,,1,2026-08-19T15:34:56.375636787Z,2026-08-19T16:34:56.375636787Z,2026-08-19T16:03:57Z,0.033,Y,sensor_data
,,1,2026-08-19T15:34:56.375636787Z,2026-08-19T16:34:56.375636787Z,2026-08-19T16:03:58Z,0.031,Y,sensor_data
,,1,2026-08-19T15:34:56.375636787Z,2026-08-19T16:34:56.375636787Z,2026-08-19T16:03:59Z,0.032,Y,sensor_data
,,1,2026-08-19T15:34:56.375636787Z,2026-08-19T16:34:56.375636787Z,2026-08-19T16:04:00Z,0.029,Y,sensor_data
,,1,2026-08-19T15:34:56.375636787Z,2026-08-19T16:34:56.375636787Z,2026-08-19T16:04:01Z,0.031,Y,sensor_data
,,1,2026-08-19T15:34:56.375636787Z,2026-08-19T16:34:56.375636787Z,2026-08-19T16:04:02Z,0.032,Y,sensor_data
,,1,2026-08-19T15:34:56.375636787Z,2026-08-19T16:34:56.375636787Z,2026-08-19T16:04:03Z,0.032,Y,sensor_data
,,1,2026-08-19T15:34:56.375636787Z,2026-08-19T16:34:56.375636787Z,2026-08-19T16:04:04Z,0.031,Y,sensor_data
,,1,2026-08-19T15:34:56.375636787Z,2026-08-19T16:34:56.375636787Z,2026-08-19T16:04:05Z,0.031,Y,sensor_data
,,1,2026-08-19T15:34:56.375636787Z,2026-08-19T16:34:56.375636787Z,2026-08-19T16:04:06Z,0.031,Y,sensor_data
,,1,2026-08-19T15:34:56.375636787Z,2026-08-19T16:34:56.375636787Z,2026-08-19T16:04:07Z,0.032,Y,sensor_data
,,1,2026-08-19T15:34:56.375636787Z,2026-08-19T16:34:56.375636787Z,2026-08-19T16:04:08Z,0.033,Y,sensor_data
,,1,2026-08-19T15:34:56.375636787Z,2026-08-19T16:34:56.375636787Z,2026-08-19T16:04:09Z,0.032,Y,sensor_data
,,1,2026-08-19T15:34:56.375636787Z,2026-08-19T16:34:56.375636787Z,2026-08-19T16:04:10Z,0.033,Y,sensor_data
,,1,2026-08-19T15:34:56.375636787Z,2026-08-19T16:34:56.375636787Z,2026-08-19T16:04:11Z,0.033,Y,sensor_data
,,1,2026-08-19T15:34:56.375636787Z,2026-08-19T16:34:56.375636787Z,2026-08-19T16:04:12Z,0.031,Y,sensor_data
,,1,2026-08-19T15:34:56.375636787Z,2026-08-19T16:34:56.375636787Z,2026-08-19T16:04:13Z,0.031,Y,sensor_data
,,1,2026-08-19T15:34:56.375636787Z,2026-08-19T16:34:56.375636787Z,2026-08-19T16:04:14Z,0.032,Y,sensor_data
,,1,2026-08-19T15:34:56.375636787Z,2026-08-19T16:34:56.375636787Z,2026-08-19T16:04:15Z,0.031,Y,sensor_data
,,1,2026-08-19T15:34:56.375636787Z,2026-08-19T16:34:56.375636787Z,2026-08-19T16:04:16Z,0.031,Y,sensor_data
,,1,2026-08-19T15:34:56.375636787Z,2026-08-19T16:34:56.375636787Z,2026-08-19T16:04:17Z,0.031,Y,sensor_data
,,1,2026-08-19T15:34:56.375636787Z,2026-08-19T16:34:56.375636787Z,2026-08-19T16:04:18Z,0.03,Y,sensor_data
,,1,2026-08-19T15:34:56.375636787Z,2026-08-19T16:34:56.375636787Z,2026-08-19T16:04:19Z,0.032,Y,sensor_data
,,1,2026-08-19T15:34:56.375636787Z,2026-08-19T16:34:56.375636787Z,2026-08-19T16:04:20Z,0.032,Y,sensor_data
,,1,2026-08-19T15:34:56.375636787Z,2026-08-19T16:34:56.375636787Z,2026-08-19T16:04:21Z,0.032,Y,sensor_data
,,1,2026-08-19T15:34:56.375636787Z,2026-08-19T16:34:56.375636787Z,2026-08-19T16:04:22Z,0.031,Y,sensor_data
,,1,2026-08-19T15:34:56.375636787Z,2026-08-19T16:34:56.375636787Z,2026-08-19T16:04:23Z,0.031,Y,sensor_data
,,1,2026-08-19T15:34:56.375636787Z,2026-08-19T16:34:56.375636787Z,2026-08-19T16:04:24Z,0.031,Y,sensor_data
,,1,2026-08-19T15:34:56.375636787Z,2026-08-19T16:34:56.375636787Z,2026-08-19T16:04:25Z,0.032,Y,sensor_data
,,1,2026-08-19T15:34:56.375636787Z,2026-08-19T16:34:56.375636787Z,2026-08-19T16:04:26Z,0.031,Y,sensor_data
,,1,2026-08-19T15:34:56.375636787Z,2026-08-19T16:34:56.375636787Z,2026-08-19T16:04:27Z,0.031,Y,sensor_data
,,1,2026-08-19T15:34:56.375636787Z,2026-08-19T16:34:56.375636787Z,2026-08-19T16:04:28Z,0.031,Y,sensor_data
,,1,2026-08-19T15:34:56.375636787Z,2026-08-19T16:34:56.375636787Z,2026-08-19T16:04:29Z,0.032,Y,sensor_data
,,1,2026-08-19T15:34:56.375636787Z,2026-08-19T16:34:56.375636787Z,2026-08-19T16:04:30Z,0.032,Y,sensor_data
,,1,2026-08-19T15:34:56.375636787Z,2026-08-19T16:34:56.375636787Z,2026-08-19T16:04:31Z,0.031,Y,sensor_data
,,1,2026-08-19T15:34:56.375636787Z,2026-08-19T16:34:56.375636787Z,2026-08-19T16:04:32Z,0.032,Y,sensor_data
,,1,2026-08-19T15:34:56.375636787Z,2026-08-19T16:34:56.375636787Z,2026-08-19T16:04:33Z,0.032,Y,sensor_data
,,1,2026-08-19T15:34:56.375636787Z,2026-08-19T16:34:56.375636787Z,2026-08-19T16:04:34Z,0.032,Y,sensor_data
,,1,2026-08-19T15:34:56.375636787Z,2026-08-19T16:34:56.375636787Z,2026-08-19T16:04:35Z,0.032,Y,sensor_data
,,1,2026-08-19T15:34:56.375636787Z,2026-08-19T16:34:56.375636787Z,2026-08-19T16:04:36Z,0.031,Y,sensor_data
,,1,2026-08-19T15:34:56.375636787Z,2026-08-19T16:34:56.375636787Z,2026-08-19T16:04:37Z,0.032,Y,sensor_data
,,1,2026-08-19T15:34:56.375636787Z,2026-08-19T16:34:56.375636787Z,2026-08-19T16:04:38Z,0.032,Y,sensor_data
,,1,2026-08-19T15:34:56.375636787Z,2026-08-19T16:34:56.375636787Z,2026-08-19T16:04:39Z,0.031,Y,sensor_data
,,1,2026-08-19T15:34:56.375636787Z,2026-08-19T16:34:56.375636787Z,2026-08-19T16:04:40Z,0.033,Y,sensor_data
,,1,2026-08-19T15:34:56.375636787Z,2026-08-19T16:34:56.375636787Z,2026-08-19T16:04:41Z,0.032,Y,sensor_data
,,1,2026-08-19T15:34:56.375636787Z,2026-08-19T16:34:56.375636787Z,2026-08-19T16:04:42Z,0.032,Y,sensor_data
,,1,2026-08-19T15:34:56.375636787Z,2026-08-19T16:34:56.375636787Z,2026-08-19T16:04:43Z,0.032,Y,sensor_data
,,1,2026-08-19T15:34:56.375636787Z,2026-08-19T16:34:56.375636787Z,2026-08-19T16:04:44Z,0.031,Y,sensor_data
,,1,2026-08-19T15:34:56.375636787Z,2026-08-19T16:34:56.375636787Z,2026-08-19T16:04:45Z,0.032,Y,sensor_data
,,1,2026-08-19T15:34:56.375636787Z,2026-08-19T16:34:56.375636787Z,2026-08-19T16:04:46Z,0.001,Y,sensor_data
,,1,2026-08-19T15:34:56.375636787Z,2026-08-19T16:34:56.375636787Z,2026-08-19T16:04:47Z,0.033,Y,sensor_data
,,1,2026-08-19T15:34:56.375636787Z,2026-08-19T16:34:56.375636787Z,2026-08-19T16:04:48Z,0.032,Y,sensor_data
,,1,2026-08-19T15:34:56.375636787Z,2026-08-19T16:34:56.375636787Z,2026-08-19T16:04:49Z,0.032,Y,sensor_data
,,1,2026-08-19T15:34:56.375636787Z,2026-08-19T16:34:56.375636787Z,2026-08-19T16:04:50Z,0.032,Y,sensor_data
,,1,2026-08-19T15:34:56.375636787Z,2026-08-19T16:34:56.375636787Z,2026-08-19T16:04:51Z,0.032,Y,sensor_data
,,1,2026-08-19T15:34:56.375636787Z,2026-08-19T16:34:56.375636787Z,2026-08-19T16:04:52Z,0.031,Y,sensor_data
,,1,2026-08-19T15:34:56.375636787Z,2026-08-19T16:34:56.375636787Z,2026-08-19T16:04:53Z,0.031,Y,sensor_data
,,1,2026-08-19T15:34:56.375636787Z,2026-08-19T16:34:56.375636787Z,2026-08-19T16:04:54Z,0.032,Y,sensor_data
,,1,2026-08-19T15:34:56.375636787Z,2026-08-19T16:34:56.375636787Z,2026-08-19T16:04:55Z,0.033,Y,sensor_data
,,1,2026-08-19T15:34:56.375636787Z,2026-08-19T16:34:56.375636787Z,2026-08-19T16:04:56Z,0.032,Y,sensor_data
,,1,2026-08-19T15:34:56.375636787Z,2026-08-19T16:34:56.375636787Z,2026-08-19T16:04:57Z,0.031,Y,sensor_data
,,1,2026-08-19T15:34:56.375636787Z,2026-08-19T16:34:56.375636787Z,2026-08-19T16:04:58Z,0.032,Y,sensor_data
,,1,2026-08-19T15:34:56.375636787Z,2026-08-19T16:34:56.375636787Z,2026-08-19T16:04:59Z,0.032,Y,sensor_data
,,1,2026-08-19T15:34:56.375636787Z,2026-08-19T16:34:56.375636787Z,2026-08-19T16:05:00Z,0.032,Y,sensor_data
,,1,2026-08-19T15:34:56.375636787Z,2026-08-19T16:34:56.375636787Z,2026-08-19T16:05:01Z,0.032,Y,sensor_data
,,1,2026-08-19T15:34:56.375636787Z,2026-08-19T16:34:56.375636787Z,2026-08-19T16:05:02Z,0.032,Y,sensor_data
,,1,2026-08-19T15:34:56.375636787Z,2026-08-19T16:34:56.375636787Z,2026-08-19T16:05:03Z,0.032,Y,sensor_data
,,1,2026-08-19T15:34:56.375636787Z,2026-08-19T16:34:56.375636787Z,2026-08-19T16:05:04Z,0.032,Y,sensor_data
,,1,2026-08-19T15:34:56.375636787Z,2026-08-19T16:34:56.375636787Z,2026-08-19T16:05:05Z,0.031,Y,sensor_data
,,1,2026-08-19T15:34:56.375636787Z,2026-08-19T16:34:56.375636787Z,2026-08-19T16:05:06Z,0.032,Y,sensor_data
,,1,2026-08-19T15:34:56.375636787Z,2026-08-19T16:34:56.375636787Z,2026-08-19T16:05:07Z,0.032,Y,sensor_data
,,1,2026-08-19T15:34:56.375636787Z,2026-08-19T16:34:56.375636787Z,2026-08-19T16:05:08Z,0.032,Y,sensor_data
,,1,2026-08-19T15:34:56.375636787Z,2026-08-19T16:34:56.375636787Z,2026-08-19T16:05:09Z,0.031,Y,sensor_data
,,1,2026-08-19T15:34:56.375636787Z,2026-08-19T16:34:56.375636787Z,2026-08-19T16:05:10Z,0.033,Y,sensor_data
,,1,2026-08-19T15:34:56.375636787Z,2026-08-19T16:34:56.375636787Z,2026-08-19T16:05:11Z,0.032,Y,sensor_data
,,1,2026-08-19T15:34:56.375636787Z,2026-08-19T16:34:56.375636787Z,2026-08-19T16:05:12Z,0.032,Y,sensor_data
,,1,2026-08-19T15:34:56.375636787Z,2026-08-19T16:34:56.375636787Z,2026-08-19T16:05:13Z,0.032,Y,sensor_data
,,1,2026-08-19T15:34:56.375636787Z,2026-08-19T16:34:56.375636787Z,2026-08-19T16:05:14Z,0.031,Y,sensor_data
,,1,2026-08-19T15:34:56.375636787Z,2026-08-19T16:34:56.375636787Z,2026-08-19T16:05:15Z,0.032,Y,sensor_data
,,1,2026-08-19T15:34:56.375636787Z,2026-08-19T16:34:56.375636787Z,2026-08-19T16:05:16Z,0.032,Y,sensor_data
,,1,2026-08-19T15:34:56.375636787Z,2026-08-19T16:34:56.375636787Z,2026-08-19T16:05:17Z,0.031,Y,sensor_data
,,1,2026-08-19T15:34:56.375636787Z,2026-08-19T16:34:56.375636787Z,2026-08-19T16:05:18Z,0.031,Y,sensor_data
,,1,2026-08-19T15:34:56.375636787Z,2026-08-19T16:34:56.375636787Z,2026-08-19T16:05:19Z,0.031,Y,sensor_data
,,1,2026-08-19T15:34:56.375636787Z,2026-08-19T16:34:56.375636787Z,2026-08-19T16:05:20Z,0.032,Y,sensor_data
,,1,2026-08-19T15:34:56.375636787Z,2026-08-19T16:34:56.375636787Z,2026-08-19T16:05:21Z,0.031,Y,sensor_data
,,1,2026-08-19T15:34:56.375636787Z,2026-08-19T16:34:56.375636787Z,2026-08-19T16:05:22Z,0.032,Y,sensor_data
,,1,2026-08-19T15:34:56.375636787Z,2026-08-19T16:34:56.375636787Z,2026-08-19T16:05:23Z,0.032,Y,sensor_data
,,1,2026-08-19T15:34:56.375636787Z,2026-08-19T16:34:56.375636787Z,2026-08-19T16:05:24Z,0.032,Y,sensor_data
,,1,2026-08-19T15:34:56.375636787Z,2026-08-19T16:34:56.375636787Z,2026-08-19T16:05:25Z,0.032,Y,sensor_data
,,1,2026-08-19T15:34:56.375636787Z,2026-08-19T16:34:56.375636787Z,2026-08-19T16:05:26Z,0.031,Y,sensor_data
,,1,2026-08-19T15:34:56.375636787Z,2026-08-19T16:34:56.375636787Z,2026-08-19T16:05:27Z,0.032,Y,sensor_data
,,1,2026-08-19T15:34:56.375636787Z,2026-08-19T16:34:56.375636787Z,2026-08-19T16:05:28Z,0.031,Y,sensor_data
,,1,2026-08-19T15:34:56.375636787Z,2026-08-19T16:34:56.375636787Z,2026-08-19T16:05:29Z,0.032,Y,sensor_data
,,1,2026-08-19T15:34:56.375636787Z,2026-08-19T16:34:56.375636787Z,2026-08-19T16:05:30Z,0.032,Y,sensor_data
,,1,2026-08-19T15:34:56.375636787Z,2026-08-19T16:34:56.375636787Z,2026-08-19T16:05:31Z,0.031,Y,sensor_data
,,1,2026-08-19T15:34:56.375636787Z,2026-08-19T16:34:56.375636787Z,2026-08-19T16:05:32Z,0.031,Y,sensor_data
,,1,2026-08-19T15:34:56.375636787Z,2026-08-19T16:34:56.375636787Z,2026-08-19T16:05:33Z,0.032,Y,sensor_data
,,1,2026-08-19T15:34:56.375636787Z,2026-08-19T16:34:56.375636787Z,2026-08-19T16:05:34Z,0.031,Y,sensor_data
,,1,2026-08-19T15:34:56.375636787Z,2026-08-19T16:34:56.375636787Z,2026-08-19T16:05:35Z,0.032,Y,sensor_data
,,1,2026-08-19T15:34:56.375636787Z,2026-08-19T16:34:56.375636787Z,2026-08-19T16:05:36Z,0.033,Y,sensor_data
,,1,2026-08-19T15:34:56.375636787Z,2026-08-19T16:34:56.375636787Z,2026-08-19T16:05:37Z,0.032,Y,sensor_data
,,1,2026-08-19T15:34:56.375636787Z,2026-08-19T16:34:56.375636787Z,2026-08-19T16:05:38Z,0.031,Y,sensor_data
,,1,2026-08-19T15:34:56.375636787Z,2026-08-19T16:34:56.375636787Z,2026-08-19T16:05:39Z,0.032,Y,sensor_data
,,1,2026-08-19T15:34:56.375636787Z,2026-08-19T16:34:56.375636787Z,2026-08-19T16:05:40Z,0.033,Y,sensor_data
,,1,2026-08-19T15:34:56.375636787Z,2026-08-19T16:34:56.375636787Z,2026-08-19T16:05:41Z,0.033,Y,sensor_data
,,1,2026-08-19T15:34:56.375636787Z,2026-08-19T16:34:56.375636787Z,2026-08-19T16:05:42Z,0.032,Y,sensor_data
,,1,2026-08-19T15:34:56.375636787Z,2026-08-19T16:34:56.375636787Z,2026-08-19T16:05:43Z,0.034,Y,sensor_data
,,1,2026-08-19T15:34:56.375636787Z,2026-08-19T16:34:56.375636787Z,2026-08-19T16:05:44Z,0.032,Y,sensor_data
,,1,2026-08-19T15:34:56.375636787Z,2026-08-19T16:34:56.375636787Z,2026-08-19T16:05:45Z,0.031,Y,sensor_data
,,1,2026-08-19T15:34:56.375636787Z,2026-08-19T16:34:56.375636787Z,2026-08-19T16:05:46Z,0.032,Y,sensor_data
,,1,2026-08-19T15:34:56.375636787Z,2026-08-19T16:34:56.375636787Z,2026-08-19T16:05:47Z,0.031,Y,sensor_data
,,1,2026-08-19T15:34:56.375636787Z,2026-08-19T16:34:56.375636787Z,2026-08-19T16:05:48Z,0.032,Y,sensor_data
,,1,2026-08-19T15:34:56.375636787Z,2026-08-19T16:34:56.375636787Z,2026-08-19T16:05:49Z,0.032,Y,sensor_data
,,1,2026-08-19T15:34:56.375636787Z,2026-08-19T16:34:56.375636787Z,2026-08-19T16:05:50Z,0.031,Y,sensor_data
,,1,2026-08-19T15:34:56.375636787Z,2026-08-19T16:34:56.375636787Z,2026-08-19T16:05:51Z,0.031,Y,sensor_data
,,1,2026-08-19T15:34:56.375636787Z,2026-08-19T16:34:56.375636787Z,2026-08-19T16:05:52Z,0.031,Y,sensor_data
,,1,2026-08-19T15:34:56.375636787Z,2026-08-19T16:34:56.375636787Z,2026-08-19T16:05:53Z,0.032,Y,sensor_data
,,1,2026-08-19T15:34:56.375636787Z,2026-08-19T16:34:56.375636787Z,2026-08-19T16:05:54Z,0.032,Y,sensor_data
,,1,2026-08-19T15:34:56.375636787Z,2026-08-19T16:34:56.375636787Z,2026-08-19T16:05:55Z,0.031,Y,sensor_data
,,1,2026-08-19T15:34:56.375636787Z,2026-08-19T16:34:56.375636787Z,2026-08-19T16:05:56Z,0.031,Y,sensor_data
,,1,2026-08-19T15:34:56.375636787Z,2026-08-19T16:34:56.375636787Z,2026-08-19T16:05:57Z,0.031,Y,sensor_data
,,1,2026-08-19T15:34:56.375636787Z,2026-08-19T16:34:56.375636787Z,2026-08-19T16:05:59Z,0.032,Y,sensor_data
,,1,2026-08-19T15:34:56.375636787Z,2026-08-19T16:34:56.375636787Z,2026-08-19T16:06:00Z,0.031,Y,sensor_data
,,1,2026-08-19T15:34:56.375636787Z,2026-08-19T16:34:56.375636787Z,2026-08-19T16:06:01Z,0.031,Y,sensor_data
,,1,2026-08-19T15:34:56.375636787Z,2026-08-19T16:34:56.375636787Z,2026-08-19T16:06:02Z,0.031,Y,sensor_data
,,1,2026-08-19T15:34:56.375636787Z,2026-08-19T16:34:56.375636787Z,2026-08-19T16:06:03Z,0.032,Y,sensor_data
,,1,2026-08-19T15:34:56.375636787Z,2026-08-19T16:34:56.375636787Z,2026-08-19T16:06:04Z,0.031,Y,sensor_data
,,1,2026-08-19T15:34:56.375636787Z,2026-08-19T16:34:56.375636787Z,2026-08-19T16:06:05Z,0.031,Y,sensor_data
,,1,2026-08-19T15:34:56.375636787Z,2026-08-19T16:34:56.375636787Z,2026-08-19T16:06:06Z,0.031,Y,sensor_data
,,1,2026-08-19T15:34:56.375636787Z,2026-08-19T16:34:56.375636787Z,2026-08-19T16:06:07Z,0.031,Y,sensor_data
,,1,2026-08-19T15:34:56.375636787Z,2026-08-19T16:34:56.375636787Z,2026-08-19T16:06:08Z,0.031,Y,sensor_data
,,1,2026-08-19T15:34:56.375636787Z,2026-08-19T16:34:56.375636787Z,2026-08-19T16:06:09Z,0.032,Y,sensor_data
,,1,2026-08-19T15:34:56.375636787Z,2026-08-19T16:34:56.375636787Z,2026-08-19T16:06:10Z,0.031,Y,sensor_data
,,1,2026-08-19T15:34:56.375636787Z,2026-08-19T16:34:56.375636787Z,2026-08-19T16:06:11Z,0.032,Y,sensor_data
,,1,2026-08-19T15:34:56.375636787Z,2026-08-19T16:34:56.375636787Z,2026-08-19T16:06:12Z,0.032,Y,sensor_data
,,1,2026-08-19T15:34:56.375636787Z,2026-08-19T16:34:56.375636787Z,2026-08-19T16:06:13Z,0.033,Y,sensor_data
,,1,2026-08-19T15:34:56.375636787Z,2026-08-19T16:34:56.375636787Z,2026-08-19T16:06:14Z,0.032,Y,sensor_data
,,1,2026-08-19T15:34:56.375636787Z,2026-08-19T16:34:56.375636787Z,2026-08-19T16:06:15Z,0.031,Y,sensor_data
,,1,2026-08-19T15:34:56.375636787Z,2026-08-19T16:34:56.375636787Z,2026-08-19T16:06:16Z,0.031,Y,sensor_data
,,1,2026-08-19T15:34:56.375636787Z,2026-08-19T16:34:56.375636787Z,2026-08-19T16:06:17Z,0.033,Y,sensor_data
,,1,2026-08-19T15:34:56.375636787Z,2026-08-19T16:34:56.375636787Z,2026-08-19T16:06:18Z,0.032,Y,sensor_data
,,1,2026-08-19T15:34:56.375636787Z,2026-08-19T16:34:56.375636787Z,2026-08-19T16:06:19Z,0.032,Y,sensor_data
,,1,2026-08-19T15:34:56.375636787Z,2026-08-19T16:34:56.375636787Z,2026-08-19T16:06:20Z,0.031,Y,sensor_data
,,1,2026-08-19T15:34:56.375636787Z,2026-08-19T16:34:56.375636787Z,2026-08-19T16:06:21Z,0.032,Y,sensor_data
,,1,2026-08-19T15:34:56.375636787Z,2026-08-19T16:34:56.375636787Z,2026-08-19T16:06:22Z,0.031,Y,sensor_data
,,1,2026-08-19T15:34:56.375636787Z,2026-08-19T16:34:56.375636787Z,2026-08-19T16:06:23Z,0.032,Y,sensor_data
,,1,2026-08-19T15:34:56.375636787Z,2026-08-19T16:34:56.375636787Z,2026-08-19T16:06:24Z,0.032,Y,sensor_data
,,1,2026-08-19T15:34:56.375636787Z,2026-08-19T16:34:56.375636787Z,2026-08-19T16:06:25Z,0.031,Y,sensor_data
,,1,2026-08-19T15:34:56.375636787Z,2026-08-19T16:34:56.375636787Z,2026-08-19T16:06:26Z,0.032,Y,sensor_data
,,1,2026-08-19T15:34:56.375636787Z,2026-08-19T16:34:56.375636787Z,2026-08-19T16:06:27Z,0.031,Y,sensor_data
,,1,2026-08-19T15:34:56.375636787Z,2026-08-19T16:34:56.375636787Z,2026-08-19T16:06:28Z,0.031,Y,sensor_data
,,1,2026-08-19T15:34:56.375636787Z,2026-08-19T16:34:56.375636787Z,2026-08-19T16:06:29Z,0.031,Y,sensor_data
,,1,2026-08-19T15:34:56.375636787Z,2026-08-19T16:34:56.375636787Z,2026-08-19T16:06:30Z,0.031,Y,sensor_data
,,1,2026-08-19T15:34:56.375636787Z,2026-08-19T16:34:56.375636787Z,2026-08-19T16:06:31Z,0.032,Y,sensor_data
,,1,2026-08-19T15:34:56.375636787Z,2026-08-19T16:34:56.375636787Z,2026-08-19T16:06:32Z,0.031,Y,sensor_data
,,1,2026-08-19T15:34:56.375636787Z,2026-08-19T16:34:56.375636787Z,2026-08-19T16:06:33Z,0.031,Y,sensor_data
,,1,2026-08-19T15:34:56.375636787Z,2026-08-19T16:34:56.375636787Z,2026-08-19T16:06:34Z,0.031,Y,sensor_data
,,1,2026-08-19T15:34:56.375636787Z,2026-08-19T16:34:56.375636787Z,2026-08-19T16:06:35Z,0.031,Y,sensor_data
,,1,2026-08-19T15:34:56.375636787Z,2026-08-19T16:34:56.375636787Z,2026-08-19T16:06:36Z,0.032,Y,sensor_data
,,1,2026-08-19T15:34:56.375636787Z,2026-08-19T16:34:56.375636787Z,2026-08-19T16:06:37Z,0.031,Y,sensor_data
,,1,2026-08-19T15:34:56.375636787Z,2026-08-19T16:34:56.375636787Z,2026-08-19T16:06:38Z,0.031,Y,sensor_data
,,1,2026-08-19T15:34:56.375636787Z,2026-08-19T16:34:56.375636787Z,2026-08-19T16:06:39Z,0.031,Y,sensor_data
,,1,2026-08-19T15:34:56.375636787Z,2026-08-19T16:34:56.375636787Z,2026-08-19T16:06:40Z,0.032,Y,sensor_data
,,1,2026-08-19T15:34:56.375636787Z,2026-08-19T16:34:56.375636787Z,2026-08-19T16:06:41Z,0.033,Y,sensor_data
,,1,2026-08-19T15:34:56.375636787Z,2026-08-19T16:34:56.375636787Z,2026-08-19T16:06:42Z,0.033,Y,sensor_data
,,1,2026-08-19T15:34:56.375636787Z,2026-08-19T16:34:56.375636787Z,2026-08-19T16:06:43Z,0.031,Y,sensor_data
,,1,2026-08-19T15:34:56.375636787Z,2026-08-19T16:34:56.375636787Z,2026-08-19T16:06:44Z,0.031,Y,sensor_data
,,1,2026-08-19T15:34:56.375636787Z,2026-08-19T16:34:56.375636787Z,2026-08-19T16:06:45Z,0.032,Y,sensor_data
,,1,2026-08-19T15:34:56.375636787Z,2026-08-19T16:34:56.375636787Z,2026-08-19T16:06:46Z,0.032,Y,sensor_data
,,1,2026-08-19T15:34:56.375636787Z,2026-08-19T16:34:56.375636787Z,2026-08-19T16:06:47Z,0.031,Y,sensor_data
,,1,2026-08-19T15:34:56.375636787Z,2026-08-19T16:34:56.375636787Z,2026-08-19T16:06:48Z,0.032,Y,sensor_data
,,1,2026-08-19T15:34:56.375636787Z,2026-08-19T16:34:56.375636787Z,2026-08-19T16:06:49Z,0.031,Y,sensor_data
,,1,2026-08-19T15:34:56.375636787Z,2026-08-19T16:34:56.375636787Z,2026-08-19T16:06:50Z,0.031,Y,sensor_data
,,1,2026-08-19T15:34:56.375636787Z,2026-08-19T16:34:56.375636787Z,2026-08-19T16:06:51Z,0.031,Y,sensor_data
,,1,2026-08-19T15:34:56.375636787Z,2026-08-19T16:34:56.375636787Z,2026-08-19T16:06:52Z,0.031,Y,sensor_data
,,1,2026-08-19T15:34:56.375636787Z,2026-08-19T16:34:56.375636787Z,2026-08-19T16:06:53Z,0.032,Y,sensor_data
,,1,2026-08-19T15:34:56.375636787Z,2026-08-19T16:34:56.375636787Z,2026-08-19T16:06:54Z,0.032,Y,sensor_data
,,1,2026-08-19T15:34:56.375636787Z,2026-08-19T16:34:56.375636787Z,2026-08-19T16:06:55Z,0.031,Y,sensor_data
,,1,2026-08-19T15:34:56.375636787Z,2026-08-19T16:34:56.375636787Z,2026-08-19T16:06:56Z,0.031,Y,sensor_data
,,1,2026-08-19T15:34:56.375636787Z,2026-08-19T16:34:56.375636787Z,2026-08-19T16:06:57Z,0.032,Y,sensor_data
,,1,2026-08-19T15:34:56.375636787Z,2026-08-19T16:34:56.375636787Z,2026-08-19T16:06:58Z,0.032,Y,sensor_data
,,1,2026-08-19T15:34:56.375636787Z,2026-08-19T16:34:56.375636787Z,2026-08-19T16:06:59Z,0.03,Y,sensor_data
,,1,2026-08-19T15:34:56.375636787Z,2026-08-19T16:34:56.375636787Z,2026-08-19T16:07:00Z,0.032,Y,sensor_data
,,1,2026-08-19T15:34:56.375636787Z,2026-08-19T16:34:56.375636787Z,2026-08-19T16:07:01Z,0.031,Y,sensor_data
,,1,2026-08-19T15:34:56.375636787Z,2026-08-19T16:34:56.375636787Z,2026-08-19T16:07:02Z,0.032,Y,sensor_data
,,1,2026-08-19T15:34:56.375636787Z,2026-08-19T16:34:56.375636787Z,2026-08-19T16:07:03Z,0.031,Y,sensor_data
,,1,2026-08-19T15:34:56.375636787Z,2026-08-19T16:34:56.375636787Z,2026-08-19T16:07:04Z,0.032,Y,sensor_data
,,1,2026-08-19T15:34:56.375636787Z,2026-08-19T16:34:56.375636787Z,2026-08-19T16:07:05Z,0.031,Y,sensor_data
,,1,2026-08-19T15:34:56.375636787Z,2026-08-19T16:34:56.375636787Z,2026-08-19T16:07:06Z,0.032,Y,sensor_data
,,1,2026-08-19T15:34:56.375636787Z,2026-08-19T16:34:56.375636787Z,2026-08-19T16:07:07Z,0.032,Y,sensor_data
,,1,2026-08-19T15:34:56.375636787Z,2026-08-19T16:34:56.375636787Z,2026-08-19T16:07:08Z,0.031,Y,sensor_data
,,1,2026-08-19T15:34:56.375636787Z,2026-08-19T16:34:56.375636787Z,2026-08-19T16:07:09Z,0.031,Y,sensor_data
,,1,2026-08-19T15:34:56.375636787Z,2026-08-19T16:34:56.375636787Z,2026-08-19T16:07:10Z,0.031,Y,sensor_data
,,1,2026-08-19T15:34:56.375636787Z,2026-08-19T16:34:56.375636787Z,2026-08-19T16:07:11Z,0.031,Y,sensor_data
,,1,2026-08-19T15:34:56.375636787Z,2026-08-19T16:34:56.375636787Z,2026-08-19T16:07:12Z,0.031,Y,sensor_data
,,1,2026-08-19T15:34:56.375636787Z,2026-08-19T16:34:56.375636787Z,2026-08-19T16:07:13Z,0.031,Y,sensor_data
,,1,2026-08-19T15:34:56.375636787Z,2026-08-19T16:34:56.375636787Z,2026-08-19T16:07:14Z,0.029,Y,sensor_data
,,1,2026-08-19T15:34:56.375636787Z,2026-08-19T16:34:56.375636787Z,2026-08-19T16:07:15Z,0.031,Y,sensor_data
,,1,2026-08-19T15:34:56.375636787Z,2026-08-19T16:34:56.375636787Z,2026-08-19T16:07:16Z,0.032,Y,sensor_data
,,1,2026-08-19T15:34:56.375636787Z,2026-08-19T16:34:56.375636787Z,2026-08-19T16:07:17Z,0.032,Y,sensor_data
,,1,2026-08-19T15:34:56.375636787Z,2026-08-19T16:34:56.375636787Z,2026-08-19T16:07:18Z,0.032,Y,sensor_data
,,1,2026-08-19T15:34:56.375636787Z,2026-08-19T16:34:56.375636787Z,2026-08-19T16:07:19Z,0.031,Y,sensor_data
,,1,2026-08-19T15:34:56.375636787Z,2026-08-19T16:34:56.375636787Z,2026-08-19T16:07:20Z,0.031,Y,sensor_data
,,1,2026-08-19T15:34:56.375636787Z,2026-08-19T16:34:56.375636787Z,2026-08-19T16:07:21Z,0.032,Y,sensor_data
,,1,2026-08-19T15:34:56.375636787Z,2026-08-19T16:34:56.375636787Z,2026-08-19T16:07:22Z,0.032,Y,sensor_data
,,1,2026-08-19T15:34:56.375636787Z,2026-08-19T16:34:56.375636787Z,2026-08-19T16:07:23Z,0.031,Y,sensor_data
,,1,2026-08-19T15:34:56.375636787Z,2026-08-19T16:34:56.375636787Z,2026-08-19T16:07:24Z,0.031,Y,sensor_data
,,1,2026-08-19T15:34:56.375636787Z,2026-08-19T16:34:56.375636787Z,2026-08-19T16:07:25Z,0.031,Y,sensor_data
,,1,2026-08-19T15:34:56.375636787Z,2026-08-19T16:34:56.375636787Z,2026-08-19T16:07:26Z,0.032,Y,sensor_data
,,1,2026-08-19T15:34:56.375636787Z,2026-08-19T16:34:56.375636787Z,2026-08-19T16:07:27Z,0.032,Y,sensor_data
,,1,2026-08-19T15:34:56.375636787Z,2026-08-19T16:34:56.375636787Z,2026-08-19T16:07:28Z,0.031,Y,sensor_data
,,1,2026-08-19T15:34:56.375636787Z,2026-08-19T16:34:56.375636787Z,2026-08-19T16:07:29Z,0.031,Y,sensor_data
,,1,2026-08-19T15:34:56.375636787Z,2026-08-19T16:34:56.375636787Z,2026-08-19T16:07:30Z,0.031,Y,sensor_data
,,1,2026-08-19T15:34:56.375636787Z,2026-08-19T16:34:56.375636787Z,2026-08-19T16:07:31Z,0.031,Y,sensor_data
,,1,2026-08-19T15:34:56.375636787Z,2026-08-19T16:34:56.375636787Z,2026-08-19T16:07:32Z,0.031,Y,sensor_data
,,1,2026-08-19T15:34:56.375636787Z,2026-08-19T16:34:56.375636787Z,2026-08-19T16:07:33Z,0.031,Y,sensor_data
,,1,2026-08-19T15:34:56.375636787Z,2026-08-19T16:34:56.375636787Z,2026-08-19T16:07:34Z,0.031,Y,sensor_data
,,1,2026-08-19T15:34:56.375636787Z,2026-08-19T16:34:56.375636787Z,2026-08-19T16:07:35Z,0.031,Y,sensor_data
,,1,2026-08-19T15:34:56.375636787Z,2026-08-19T16:34:56.375636787Z,2026-08-19T16:07:36Z,0.032,Y,sensor_data
,,1,2026-08-19T15:34:56.375636787Z,2026-08-19T16:34:56.375636787Z,2026-08-19T16:07:37Z,0.031,Y,sensor_data
,,1,2026-08-19T15:34:56.375636787Z,2026-08-19T16:34:56.375636787Z,2026-08-19T16:07:38Z,0.031,Y,sensor_data
,,1,2026-08-19T15:34:56.375636787Z,2026-08-19T16:34:56.375636787Z,2026-08-19T16:07:39Z,0.031,Y,sensor_data
,,1,2026-08-19T15:34:56.375636787Z,2026-08-19T16:34:56.375636787Z,2026-08-19T16:07:40Z,0.031,Y,sensor_data
,,1,2026-08-19T15:34:56.375636787Z,2026-08-19T16:34:56.375636787Z,2026-08-19T16:07:41Z,0.032,Y,sensor_data
,,1,2026-08-19T15:34:56.375636787Z,2026-08-19T16:34:56.375636787Z,2026-08-19T16:07:42Z,0.033,Y,sensor_data
,,1,2026-08-19T15:34:56.375636787Z,2026-08-19T16:34:56.375636787Z,2026-08-19T16:07:43Z,0.031,Y,sensor_data
,,1,2026-08-19T15:34:56.375636787Z,2026-08-19T16:34:56.375636787Z,2026-08-19T16:07:44Z,0.031,Y,sensor_data
,,1,2026-08-19T15:34:56.375636787Z,2026-08-19T16:34:56.375636787Z,2026-08-19T16:07:45Z,0.031,Y,sensor_data
,,1,2026-08-19T15:34:56.375636787Z,2026-08-19T16:34:56.375636787Z,2026-08-19T16:07:46Z,0.032,Y,sensor_data
,,1,2026-08-19T15:34:56.375636787Z,2026-08-19T16:34:56.375636787Z,2026-08-19T16:07:47Z,0.031,Y,sensor_data
,,1,2026-08-19T15:34:56.375636787Z,2026-08-19T16:34:56.375636787Z,2026-08-19T16:07:48Z,0.031,Y,sensor_data
,,1,2026-08-19T15:34:56.375636787Z,2026-08-19T16:34:56.375636787Z,2026-08-19T16:07:49Z,0.031,Y,sensor_data
,,1,2026-08-19T15:34:56.375636787Z,2026-08-19T16:34:56.375636787Z,2026-08-19T16:07:50Z,0.032,Y,sensor_data
,,1,2026-08-19T15:34:56.375636787Z,2026-08-19T16:34:56.375636787Z,2026-08-19T16:07:51Z,0.031,Y,sensor_data
,,1,2026-08-19T15:34:56.375636787Z,2026-08-19T16:34:56.375636787Z,2026-08-19T16:07:52Z,0.032,Y,sensor_data
,,1,2026-08-19T15:34:56.375636787Z,2026-08-19T16:34:56.375636787Z,2026-08-19T16:07:53Z,0.032,Y,sensor_data
,,1,2026-08-19T15:34:56.375636787Z,2026-08-19T16:34:56.375636787Z,2026-08-19T16:07:54Z,0.032,Y,sensor_data
,,1,2026-08-19T15:34:56.375636787Z,2026-08-19T16:34:56.375636787Z,2026-08-19T16:07:55Z,0.031,Y,sensor_data
,,1,2026-08-19T15:34:56.375636787Z,2026-08-19T16:34:56.375636787Z,2026-08-19T16:07:56Z,0.032,Y,sensor_data
,,1,2026-08-19T15:34:56.375636787Z,2026-08-19T16:34:56.375636787Z,2026-08-19T16:07:57Z,0.032,Y,sensor_data
,,1,2026-08-19T15:34:56.375636787Z,2026-08-19T16:34:56.375636787Z,2026-08-19T16:07:58Z,0.031,Y,sensor_data
,,1,2026-08-19T15:34:56.375636787Z,2026-08-19T16:34:56.375636787Z,2026-08-19T16:07:59Z,0.031,Y,sensor_data
,,1,2026-08-19T15:34:56.375636787Z,2026-08-19T16:34:56.375636787Z,2026-08-19T16:08:00Z,0.03,Y,sensor_data
,,1,2026-08-19T15:34:56.375636787Z,2026-08-19T16:34:56.375636787Z,2026-08-19T16:08:01Z,0.031,Y,sensor_data
,,1,2026-08-19T15:34:56.375636787Z,2026-08-19T16:34:56.375636787Z,2026-08-19T16:08:02Z,0.032,Y,sensor_data
,,1,2026-08-19T15:34:56.375636787Z,2026-08-19T16:34:56.375636787Z,2026-08-19T16:08:03Z,0.032,Y,sensor_data
,,1,2026-08-19T15:34:56.375636787Z,2026-08-19T16:34:56.375636787Z,2026-08-19T16:08:04Z,0.031,Y,sensor_data
,,1,2026-08-19T15:34:56.375636787Z,2026-08-19T16:34:56.375636787Z,2026-08-19T16:08:05Z,0.031,Y,sensor_data
,,1,2026-08-19T15:34:56.375636787Z,2026-08-19T16:34:56.375636787Z,2026-08-19T16:08:06Z,0.031,Y,sensor_data
,,1,2026-08-19T15:34:56.375636787Z,2026-08-19T16:34:56.375636787Z,2026-08-19T16:08:07Z,0.031,Y,sensor_data
,,1,2026-08-19T15:34:56.375636787Z,2026-08-19T16:34:56.375636787Z,2026-08-19T16:08:08Z,0.031,Y,sensor_data
,,1,2026-08-19T15:34:56.375636787Z,2026-08-19T16:34:56.375636787Z,2026-08-19T16:08:09Z,0.032,Y,sensor_data
,,1,2026-08-19T15:34:56.375636787Z,2026-08-19T16:34:56.375636787Z,2026-08-19T16:08:10Z,0.031,Y,sensor_data
,,1,2026-08-19T15:34:56.375636787Z,2026-08-19T16:34:56.375636787Z,2026-08-19T16:08:11Z,0.032,Y,sensor_data
,,1,2026-08-19T15:34:56.375636787Z,2026-08-19T16:34:56.375636787Z,2026-08-19T16:08:12Z,0.032,Y,sensor_data
,,1,2026-08-19T15:34:56.375636787Z,2026-08-19T16:34:56.375636787Z,2026-08-19T16:08:13Z,0.032,Y,sensor_data
,,1,2026-08-19T15:34:56.375636787Z,2026-08-19T16:34:56.375636787Z,2026-08-19T16:08:14Z,0.031,Y,sensor_data
,,1,2026-08-19T15:34:56.375636787Z,2026-08-19T16:34:56.375636787Z,2026-08-19T16:08:15Z,0.031,Y,sensor_data
,,1,2026-08-19T15:34:56.375636787Z,2026-08-19T16:34:56.375636787Z,2026-08-19T16:08:16Z,0.032,Y,sensor_data
,,1,2026-08-19T15:34:56.375636787Z,2026-08-19T16:34:56.375636787Z,2026-08-19T16:08:17Z,0.031,Y,sensor_data
,,1,2026-08-19T15:34:56.375636787Z,2026-08-19T16:34:56.375636787Z,2026-08-19T16:08:18Z,0.032,Y,sensor_data
,,1,2026-08-19T15:34:56.375636787Z,2026-08-19T16:34:56.375636787Z,2026-08-19T16:08:19Z,0.031,Y,sensor_data
,,1,2026-08-19T15:34:56.375636787Z,2026-08-19T16:34:56.375636787Z,2026-08-19T16:08:20Z,0.032,Y,sensor_data
,,1,2026-08-19T15:34:56.375636787Z,2026-08-19T16:34:56.375636787Z,2026-08-19T16:08:21Z,0.031,Y,sensor_data
,,1,2026-08-19T15:34:56.375636787Z,2026-08-19T16:34:56.375636787Z,2026-08-19T16:08:22Z,0.031,Y,sensor_data
,,1,2026-08-19T15:34:56.375636787Z,2026-08-19T16:34:56.375636787Z,2026-08-19T16:08:23Z,0.031,Y,sensor_data
,,1,2026-08-19T15:34:56.375636787Z,2026-08-19T16:34:56.375636787Z,2026-08-19T16:08:24Z,0.031,Y,sensor_data
,,1,2026-08-19T15:34:56.375636787Z,2026-08-19T16:34:56.375636787Z,2026-08-19T16:08:25Z,0.032,Y,sensor_data
,,1,2026-08-19T15:34:56.375636787Z,2026-08-19T16:34:56.375636787Z,2026-08-19T16:08:26Z,0.031,Y,sensor_data
,,1,2026-08-19T15:34:56.375636787Z,2026-08-19T16:34:56.375636787Z,2026-08-19T16:08:27Z,0.031,Y,sensor_data
,,1,2026-08-19T15:34:56.375636787Z,2026-08-19T16:34:56.375636787Z,2026-08-19T16:08:28Z,0.031,Y,sensor_data
,,1,2026-08-19T15:34:56.375636787Z,2026-08-19T16:34:56.375636787Z,2026-08-19T16:08:29Z,0.031,Y,sensor_data
,,1,2026-08-19T15:34:56.375636787Z,2026-08-19T16:34:56.375636787Z,2026-08-19T16:08:30Z,0.031,Y,sensor_data
,,1,2026-08-19T15:34:56.375636787Z,2026-08-19T16:34:56.375636787Z,2026-08-19T16:08:31Z,0.031,Y,sensor_data
,,1,2026-08-19T15:34:56.375636787Z,2026-08-19T16:34:56.375636787Z,2026-08-19T16:08:32Z,0.032,Y,sensor_data
,,1,2026-08-19T15:34:56.375636787Z,2026-08-19T16:34:56.375636787Z,2026-08-19T16:08:33Z,0.032,Y,sensor_data
,,1,2026-08-19T15:34:56.375636787Z,2026-08-19T16:34:56.375636787Z,2026-08-19T16:08:34Z,0.032,Y,sensor_data
,,1,2026-08-19T15:34:56.375636787Z,2026-08-19T16:34:56.375636787Z,2026-08-19T16:08:35Z,0.031,Y,sensor_data
,,1,2026-08-19T15:34:56.375636787Z,2026-08-19T16:34:56.375636787Z,2026-08-19T16:08:36Z,0.031,Y,sensor_data
,,1,2026-08-19T15:34:56.375636787Z,2026-08-19T16:34:56.375636787Z,2026-08-19T16:08:37Z,0.032,Y,sensor_data
,,1,2026-08-19T15:34:56.375636787Z,2026-08-19T16:34:56.375636787Z,2026-08-19T16:08:38Z,0.032,Y,sensor_data
,,1,2026-08-19T15:34:56.375636787Z,2026-08-19T16:34:56.375636787Z,2026-08-19T16:08:39Z,0.031,Y,sensor_data
,,1,2026-08-19T15:34:56.375636787Z,2026-08-19T16:34:56.375636787Z,2026-08-19T16:08:40Z,0.031,Y,sensor_data
,,1,2026-08-19T15:34:56.375636787Z,2026-08-19T16:34:56.375636787Z,2026-08-19T16:08:41Z,0.032,Y,sensor_data
,,1,2026-08-19T15:34:56.375636787Z,2026-08-19T16:34:56.375636787Z,2026-08-19T16:08:42Z,0.031,Y,sensor_data
,,1,2026-08-19T15:34:56.375636787Z,2026-08-19T16:34:56.375636787Z,2026-08-19T16:08:43Z,0.031,Y,sensor_data
,,1,2026-08-19T15:34:56.375636787Z,2026-08-19T16:34:56.375636787Z,2026-08-19T16:08:44Z,0.032,Y,sensor_data
,,1,2026-08-19T15:34:56.375636787Z,2026-08-19T16:34:56.375636787Z,2026-08-19T16:08:45Z,0.031,Y,sensor_data
,,1,2026-08-19T15:34:56.375636787Z,2026-08-19T16:34:56.375636787Z,2026-08-19T16:08:46Z,0.032,Y,sensor_data
,,1,2026-08-19T15:34:56.375636787Z,2026-08-19T16:34:56.375636787Z,2026-08-19T16:08:47Z,0.031,Y,sensor_data
,,1,2026-08-19T15:34:56.375636787Z,2026-08-19T16:34:56.375636787Z,2026-08-19T16:08:48Z,0.032,Y,sensor_data
,,1,2026-08-19T15:34:56.375636787Z,2026-08-19T16:34:56.375636787Z,2026-08-19T16:08:49Z,0.032,Y,sensor_data
,,1,2026-08-19T15:34:56.375636787Z,2026-08-19T16:34:56.375636787Z,2026-08-19T16:08:50Z,0.031,Y,sensor_data
,,1,2026-08-19T15:34:56.375636787Z,2026-08-19T16:34:56.375636787Z,2026-08-19T16:08:51Z,0.03,Y,sensor_data
,,1,2026-08-19T15:34:56.375636787Z,2026-08-19T16:34:56.375636787Z,2026-08-19T16:08:52Z,0.032,Y,sensor_data
,,1,2026-08-19T15:34:56.375636787Z,2026-08-19T16:34:56.375636787Z,2026-08-19T16:08:53Z,0.031,Y,sensor_data
,,1,2026-08-19T15:34:56.375636787Z,2026-08-19T16:34:56.375636787Z,2026-08-19T16:08:54Z,0.031,Y,sensor_data
,,1,2026-08-19T15:34:56.375636787Z,2026-08-19T16:34:56.375636787Z,2026-08-19T16:08:55Z,0.031,Y,sensor_data
,,1,2026-08-19T15:34:56.375636787Z,2026-08-19T16:34:56.375636787Z,2026-08-19T16:08:56Z,0.031,Y,sensor_data
,,1,2026-08-19T15:34:56.375636787Z,2026-08-19T16:34:56.375636787Z,2026-08-19T16:08:57Z,0.031,Y,sensor_data
,,1,2026-08-19T15:34:56.375636787Z,2026-08-19T16:34:56.375636787Z,2026-08-19T16:08:58Z,0.03,Y,sensor_data
,,1,2026-08-19T15:34:56.375636787Z,2026-08-19T16:34:56.375636787Z,2026-08-19T16:08:59Z,0.031,Y,sensor_data
,,1,2026-08-19T15:34:56.375636787Z,2026-08-19T16:34:56.375636787Z,2026-08-19T16:09:00Z,0.032,Y,sensor_data
,,1,2026-08-19T15:34:56.375636787Z,2026-08-19T16:34:56.375636787Z,2026-08-19T16:09:01Z,0.031,Y,sensor_data
,,1,2026-08-19T15:34:56.375636787Z,2026-08-19T16:34:56.375636787Z,2026-08-19T16:09:02Z,0.031,Y,sensor_data
,,1,2026-08-19T15:34:56.375636787Z,2026-08-19T16:34:56.375636787Z,2026-08-19T16:09:03Z,0.032,Y,sensor_data
,,1,2026-08-19T15:34:56.375636787Z,2026-08-19T16:34:56.375636787Z,2026-08-19T16:09:04Z,0.031,Y,sensor_data
,,1,2026-08-19T15:34:56.375636787Z,2026-08-19T16:34:56.375636787Z,2026-08-19T16:09:05Z,0.031,Y,sensor_data
,,1,2026-08-19T15:34:56.375636787Z,2026-08-19T16:34:56.375636787Z,2026-08-19T16:09:06Z,0.034,Y,sensor_data
,,1,2026-08-19T15:34:56.375636787Z,2026-08-19T16:34:56.375636787Z,2026-08-19T16:09:07Z,0.031,Y,sensor_data
,,1,2026-08-19T15:34:56.375636787Z,2026-08-19T16:34:56.375636787Z,2026-08-19T16:09:08Z,0.032,Y,sensor_data
,,1,2026-08-19T15:34:56.375636787Z,2026-08-19T16:34:56.375636787Z,2026-08-19T16:09:09Z,0.031,Y,sensor_data
,,1,2026-08-19T15:34:56.375636787Z,2026-08-19T16:34:56.375636787Z,2026-08-19T16:09:10Z,0.032,Y,sensor_data
,,1,2026-08-19T15:34:56.375636787Z,2026-08-19T16:34:56.375636787Z,2026-08-19T16:09:11Z,0.032,Y,sensor_data
,,1,2026-08-19T15:34:56.375636787Z,2026-08-19T16:34:56.375636787Z,2026-08-19T16:09:12Z,0.032,Y,sensor_data
,,1,2026-08-19T15:34:56.375636787Z,2026-08-19T16:34:56.375636787Z,2026-08-19T16:09:13Z,0.031,Y,sensor_data
,,1,2026-08-19T15:34:56.375636787Z,2026-08-19T16:34:56.375636787Z,2026-08-19T16:09:14Z,0.031,Y,sensor_data
,,1,2026-08-19T15:34:56.375636787Z,2026-08-19T16:34:56.375636787Z,2026-08-19T16:09:15Z,0.031,Y,sensor_data
,,1,2026-08-19T15:34:56.375636787Z,2026-08-19T16:34:56.375636787Z,2026-08-19T16:09:16Z,0.031,Y,sensor_data
,,1,2026-08-19T15:34:56.375636787Z,2026-08-19T16:34:56.375636787Z,2026-08-19T16:09:17Z,0.031,Y,sensor_data
,,1,2026-08-19T15:34:56.375636787Z,2026-08-19T16:34:56.375636787Z,2026-08-19T16:09:18Z,0.032,Y,sensor_data
,,1,2026-08-19T15:34:56.375636787Z,2026-08-19T16:34:56.375636787Z,2026-08-19T16:09:19Z,0.031,Y,sensor_data
,,1,2026-08-19T15:34:56.375636787Z,2026-08-19T16:34:56.375636787Z,2026-08-19T16:09:20Z,0.031,Y,sensor_data
,,1,2026-08-19T15:34:56.375636787Z,2026-08-19T16:34:56.375636787Z,2026-08-19T16:09:21Z,0.033,Y,sensor_data
,,1,2026-08-19T15:34:56.375636787Z,2026-08-19T16:34:56.375636787Z,2026-08-19T16:09:22Z,0.032,Y,sensor_data
,,1,2026-08-19T15:34:56.375636787Z,2026-08-19T16:34:56.375636787Z,2026-08-19T16:09:23Z,0.031,Y,sensor_data
,,1,2026-08-19T15:34:56.375636787Z,2026-08-19T16:34:56.375636787Z,2026-08-19T16:09:24Z,0.031,Y,sensor_data
,,1,2026-08-19T15:34:56.375636787Z,2026-08-19T16:34:56.375636787Z,2026-08-19T16:09:25Z,0.032,Y,sensor_data
,,1,2026-08-19T15:34:56.375636787Z,2026-08-19T16:34:56.375636787Z,2026-08-19T16:09:26Z,0.031,Y,sensor_data
,,1,2026-08-19T15:34:56.375636787Z,2026-08-19T16:34:56.375636787Z,2026-08-19T16:09:27Z,0.031,Y,sensor_data
,,1,2026-08-19T15:34:56.375636787Z,2026-08-19T16:34:56.375636787Z,2026-08-19T16:09:28Z,0.032,Y,sensor_data
,,1,2026-08-19T15:34:56.375636787Z,2026-08-19T16:34:56.375636787Z,2026-08-19T16:09:29Z,0.031,Y,sensor_data
,,1,2026-08-19T15:34:56.375636787Z,2026-08-19T16:34:56.375636787Z,2026-08-19T16:09:30Z,0.031,Y,sensor_data
,,1,2026-08-19T15:34:56.375636787Z,2026-08-19T16:34:56.375636787Z,2026-08-19T16:09:31Z,0.032,Y,sensor_data
,,1,2026-08-19T15:34:56.375636787Z,2026-08-19T16:34:56.375636787Z,2026-08-19T16:09:32Z,0.032,Y,sensor_data
,,1,2026-08-19T15:34:56.375636787Z,2026-08-19T16:34:56.375636787Z,2026-08-19T16:09:33Z,0.034,Y,sensor_data
,,1,2026-08-19T15:34:56.375636787Z,2026-08-19T16:34:56.375636787Z,2026-08-19T16:09:34Z,0.033,Y,sensor_data
,,1,2026-08-19T15:34:56.375636787Z,2026-08-19T16:34:56.375636787Z,2026-08-19T16:09:35Z,0.032,Y,sensor_data
,,1,2026-08-19T15:34:56.375636787Z,2026-08-19T16:34:56.375636787Z,2026-08-19T16:09:36Z,0.031,Y,sensor_data
,,1,2026-08-19T15:34:56.375636787Z,2026-08-19T16:34:56.375636787Z,2026-08-19T16:09:37Z,0.032,Y,sensor_data
,,1,2026-08-19T15:34:56.375636787Z,2026-08-19T16:34:56.375636787Z,2026-08-19T16:09:38Z,0.032,Y,sensor_data
,,1,2026-08-19T15:34:56.375636787Z,2026-08-19T16:34:56.375636787Z,2026-08-19T16:09:39Z,0.032,Y,sensor_data
,,1,2026-08-19T15:34:56.375636787Z,2026-08-19T16:34:56.375636787Z,2026-08-19T16:09:40Z,0.031,Y,sensor_data
,,1,2026-08-19T15:34:56.375636787Z,2026-08-19T16:34:56.375636787Z,2026-08-19T16:09:41Z,0.032,Y,sensor_data
,,1,2026-08-19T15:34:56.375636787Z,2026-08-19T16:34:56.375636787Z,2026-08-19T16:09:42Z,0.033,Y,sensor_data
,,1,2026-08-19T15:34:56.375636787Z,2026-08-19T16:34:56.375636787Z,2026-08-19T16:09:43Z,0.031,Y,sensor_data
,,1,2026-08-19T15:34:56.375636787Z,2026-08-19T16:34:56.375636787Z,2026-08-19T16:09:44Z,0.032,Y,sensor_data
,,1,2026-08-19T15:34:56.375636787Z,2026-08-19T16:34:56.375636787Z,2026-08-19T16:09:45Z,0.034,Y,sensor_data
,,1,2026-08-19T15:34:56.375636787Z,2026-08-19T16:34:56.375636787Z,2026-08-19T16:09:46Z,0.03,Y,sensor_data
,,1,2026-08-19T15:34:56.375636787Z,2026-08-19T16:34:56.375636787Z,2026-08-19T16:09:47Z,0.031,Y,sensor_data
,,1,2026-08-19T15:34:56.375636787Z,2026-08-19T16:34:56.375636787Z,2026-08-19T16:09:48Z,0.031,Y,sensor_data
,,1,2026-08-19T15:34:56.375636787Z,2026-08-19T16:34:56.375636787Z,2026-08-19T16:09:49Z,0.032,Y,sensor_data
,,1,2026-08-19T15:34:56.375636787Z,2026-08-19T16:34:56.375636787Z,2026-08-19T16:09:50Z,0.031,Y,sensor_data
,,1,2026-08-19T15:34:56.375636787Z,2026-08-19T16:34:56.375636787Z,2026-08-19T16:09:51Z,0.031,Y,sensor_data
,,1,2026-08-19T15:34:56.375636787Z,2026-08-19T16:34:56.375636787Z,2026-08-19T16:09:52Z,0.028,Y,sensor_data
,,1,2026-08-19T15:34:56.375636787Z,2026-08-19T16:34:56.375636787Z,2026-08-19T16:09:53Z,0.031,Y,sensor_data
,,1,2026-08-19T15:34:56.375636787Z,2026-08-19T16:34:56.375636787Z,2026-08-19T16:09:54Z,0.033,Y,sensor_data
,,1,2026-08-19T15:34:56.375636787Z,2026-08-19T16:34:56.375636787Z,2026-08-19T16:09:55Z,0.032,Y,sensor_data
,,1,2026-08-19T15:34:56.375636787Z,2026-08-19T16:34:56.375636787Z,2026-08-19T16:09:56Z,0.031,Y,sensor_data
,,1,2026-08-19T15:34:56.375636787Z,2026-08-19T16:34:56.375636787Z,2026-08-19T16:09:57Z,0.035,Y,sensor_data
,,1,2026-08-19T15:34:56.375636787Z,2026-08-19T16:34:56.375636787Z,2026-08-19T16:09:58Z,0.036,Y,sensor_data
,,1,2026-08-19T15:34:56.375636787Z,2026-08-19T16:34:56.375636787Z,2026-08-19T16:09:59Z,0.031,Y,sensor_data
,,1,2026-08-19T15:34:56.375636787Z,2026-08-19T16:34:56.375636787Z,2026-08-19T16:10:00Z,0.031,Y,sensor_data
,,1,2026-08-19T15:34:56.375636787Z,2026-08-19T16:34:56.375636787Z,2026-08-19T16:10:01Z,0.031,Y,sensor_data
,,1,2026-08-19T15:34:56.375636787Z,2026-08-19T16:34:56.375636787Z,2026-08-19T16:10:02Z,0.031,Y,sensor_data
,,1,2026-08-19T15:34:56.375636787Z,2026-08-19T16:34:56.375636787Z,2026-08-19T16:10:03Z,0.031,Y,sensor_data
,,1,2026-08-19T15:34:56.375636787Z,2026-08-19T16:34:56.375636787Z,2026-08-19T16:10:04Z,0.028,Y,sensor_data
,,1,2026-08-19T15:34:56.375636787Z,2026-08-19T16:34:56.375636787Z,2026-08-19T16:10:05Z,0.031,Y,sensor_data
,,1,2026-08-19T15:34:56.375636787Z,2026-08-19T16:34:56.375636787Z,2026-08-19T16:10:06Z,0.032,Y,sensor_data
,,1,2026-08-19T15:34:56.375636787Z,2026-08-19T16:34:56.375636787Z,2026-08-19T16:10:07Z,0.031,Y,sensor_data
,,1,2026-08-19T15:34:56.375636787Z,2026-08-19T16:34:56.375636787Z,2026-08-19T16:10:08Z,0.031,Y,sensor_data
,,1,2026-08-19T15:34:56.375636787Z,2026-08-19T16:34:56.375636787Z,2026-08-19T16:10:09Z,0.032,Y,sensor_data
,,1,2026-08-19T15:34:56.375636787Z,2026-08-19T16:34:56.375636787Z,2026-08-19T16:10:10Z,0.031,Y,sensor_data
,,1,2026-08-19T15:34:56.375636787Z,2026-08-19T16:34:56.375636787Z,2026-08-19T16:10:11Z,0.031,Y,sensor_data
,,1,2026-08-19T15:34:56.375636787Z,2026-08-19T16:34:56.375636787Z,2026-08-19T16:10:12Z,0.031,Y,sensor_data
,,1,2026-08-19T15:34:56.375636787Z,2026-08-19T16:34:56.375636787Z,2026-08-19T16:10:13Z,0.037,Y,sensor_data
,,1,2026-08-19T15:34:56.375636787Z,2026-08-19T16:34:56.375636787Z,2026-08-19T16:10:14Z,0.031,Y,sensor_data
,,1,2026-08-19T15:34:56.375636787Z,2026-08-19T16:34:56.375636787Z,2026-08-19T16:10:15Z,0.031,Y,sensor_data
,,1,2026-08-19T15:34:56.375636787Z,2026-08-19T16:34:56.375636787Z,2026-08-19T16:10:16Z,0.032,Y,sensor_data
,,1,2026-08-19T15:34:56.375636787Z,2026-08-19T16:34:56.375636787Z,2026-08-19T16:10:17Z,0.031,Y,sensor_data
,,1,2026-08-19T15:34:56.375636787Z,2026-08-19T16:34:56.375636787Z,2026-08-19T16:10:18Z,0.03,Y,sensor_data
,,1,2026-08-19T15:34:56.375636787Z,2026-08-19T16:34:56.375636787Z,2026-08-19T16:10:19Z,0.032,Y,sensor_data
,,1,2026-08-19T15:34:56.375636787Z,2026-08-19T16:34:56.375636787Z,2026-08-19T16:10:20Z,0.033,Y,sensor_data
,,1,2026-08-19T15:34:56.375636787Z,2026-08-19T16:34:56.375636787Z,2026-08-19T16:10:21Z,0.03,Y,sensor_data
,,1,2026-08-19T15:34:56.375636787Z,2026-08-19T16:34:56.375636787Z,2026-08-19T16:10:22Z,0.03,Y,sensor_data
,,1,2026-08-19T15:34:56.375636787Z,2026-08-19T16:34:56.375636787Z,2026-08-19T16:10:23Z,0.031,Y,sensor_data
,,1,2026-08-19T15:34:56.375636787Z,2026-08-19T16:34:56.375636787Z,2026-08-19T16:10:24Z,0.032,Y,sensor_data
,,1,2026-08-19T15:34:56.375636787Z,2026-08-19T16:34:56.375636787Z,2026-08-19T16:10:25Z,0.031,Y,sensor_data
,,1,2026-08-19T15:34:56.375636787Z,2026-08-19T16:34:56.375636787Z,2026-08-19T16:10:26Z,0.029,Y,sensor_data
,,1,2026-08-19T15:34:56.375636787Z,2026-08-19T16:34:56.375636787Z,2026-08-19T16:10:27Z,0.032,Y,sensor_data
,,1,2026-08-19T15:34:56.375636787Z,2026-08-19T16:34:56.375636787Z,2026-08-19T16:10:28Z,0.033,Y,sensor_data
,,1,2026-08-19T15:34:56.375636787Z,2026-08-19T16:34:56.375636787Z,2026-08-19T16:10:29Z,0.031,Y,sensor_data
,,1,2026-08-19T15:34:56.375636787Z,2026-08-19T16:34:56.375636787Z,2026-08-19T16:10:30Z,0.03,Y,sensor_data
,,1,2026-08-19T15:34:56.375636787Z,2026-08-19T16:34:56.375636787Z,2026-08-19T16:10:31Z,0.031,Y,sensor_data
,,1,2026-08-19T15:34:56.375636787Z,2026-08-19T16:34:56.375636787Z,2026-08-19T16:10:32Z,0.032,Y,sensor_data
,,1,2026-08-19T15:34:56.375636787Z,2026-08-19T16:34:56.375636787Z,2026-08-19T16:10:33Z,0.033,Y,sensor_data
,,1,2026-08-19T15:34:56.375636787Z,2026-08-19T16:34:56.375636787Z,2026-08-19T16:10:34Z,0.031,Y,sensor_data
,,1,2026-08-19T15:34:56.375636787Z,2026-08-19T16:34:56.375636787Z,2026-08-19T16:10:35Z,0.031,Y,sensor_data
,,1,2026-08-19T15:34:56.375636787Z,2026-08-19T16:34:56.375636787Z,2026-08-19T16:10:36Z,0.032,Y,sensor_data
,,1,2026-08-19T15:34:56.375636787Z,2026-08-19T16:34:56.375636787Z,2026-08-19T16:10:37Z,0.032,Y,sensor_data
,,1,2026-08-19T15:34:56.375636787Z,2026-08-19T16:34:56.375636787Z,2026-08-19T16:10:38Z,0.032,Y,sensor_data
,,1,2026-08-19T15:34:56.375636787Z,2026-08-19T16:34:56.375636787Z,2026-08-19T16:10:39Z,0.032,Y,sensor_data
,,1,2026-08-19T15:34:56.375636787Z,2026-08-19T16:34:56.375636787Z,2026-08-19T16:10:40Z,0.032,Y,sensor_data
,,1,2026-08-19T15:34:56.375636787Z,2026-08-19T16:34:56.375636787Z,2026-08-19T16:10:41Z,0.031,Y,sensor_data
,,1,2026-08-19T15:34:56.375636787Z,2026-08-19T16:34:56.375636787Z,2026-08-19T16:10:42Z,0.031,Y,sensor_data
,,1,2026-08-19T15:34:56.375636787Z,2026-08-19T16:34:56.375636787Z,2026-08-19T16:10:43Z,0.031,Y,sensor_data
,,1,2026-08-19T15:34:56.375636787Z,2026-08-19T16:34:56.375636787Z,2026-08-19T16:10:44Z,0.031,Y,sensor_data
,,1,2026-08-19T15:34:56.375636787Z,2026-08-19T16:34:56.375636787Z,2026-08-19T16:10:45Z,0.032,Y,sensor_data
,,1,2026-08-19T15:34:56.375636787Z,2026-08-19T16:34:56.375636787Z,2026-08-19T16:10:46Z,0.031,Y,sensor_data
,,1,2026-08-19T15:34:56.375636787Z,2026-08-19T16:34:56.375636787Z,2026-08-19T16:10:47Z,0.032,Y,sensor_data
,,1,2026-08-19T15:34:56.375636787Z,2026-08-19T16:34:56.375636787Z,2026-08-19T16:10:48Z,0.032,Y,sensor_data
,,1,2026-08-19T15:34:56.375636787Z,2026-08-19T16:34:56.375636787Z,2026-08-19T16:10:49Z,0.032,Y,sensor_data
,,1,2026-08-19T15:34:56.375636787Z,2026-08-19T16:34:56.375636787Z,2026-08-19T16:10:50Z,0.031,Y,sensor_data
,,1,2026-08-19T15:34:56.375636787Z,2026-08-19T16:34:56.375636787Z,2026-08-19T16:10:51Z,0.032,Y,sensor_data
,,1,2026-08-19T15:34:56.375636787Z,2026-08-19T16:34:56.375636787Z,2026-08-19T16:10:52Z,0.032,Y,sensor_data
,,1,2026-08-19T15:34:56.375636787Z,2026-08-19T16:34:56.375636787Z,2026-08-19T16:10:54Z,0.031,Y,sensor_data
,,1,2026-08-19T15:34:56.375636787Z,2026-08-19T16:34:56.375636787Z,2026-08-19T16:10:55Z,0.033,Y,sensor_data
,,1,2026-08-19T15:34:56.375636787Z,2026-08-19T16:34:56.375636787Z,2026-08-19T16:10:56Z,0.032,Y,sensor_data
,,1,2026-08-19T15:34:56.375636787Z,2026-08-19T16:34:56.375636787Z,2026-08-19T16:10:57Z,0.031,Y,sensor_data
,,1,2026-08-19T15:34:56.375636787Z,2026-08-19T16:34:56.375636787Z,2026-08-19T16:10:58Z,0.033,Y,sensor_data
,,1,2026-08-19T15:34:56.375636787Z,2026-08-19T16:34:56.375636787Z,2026-08-19T16:10:59Z,0.031,Y,sensor_data
,,1,2026-08-19T15:34:56.375636787Z,2026-08-19T16:34:56.375636787Z,2026-08-19T16:11:00Z,0.032,Y,sensor_data
,,1,2026-08-19T15:34:56.375636787Z,2026-08-19T16:34:56.375636787Z,2026-08-19T16:11:01Z,0.031,Y,sensor_data
,,1,2026-08-19T15:34:56.375636787Z,2026-08-19T16:34:56.375636787Z,2026-08-19T16:11:02Z,0.031,Y,sensor_data
,,1,2026-08-19T15:34:56.375636787Z,2026-08-19T16:34:56.375636787Z,2026-08-19T16:11:03Z,0.032,Y,sensor_data
,,1,2026-08-19T15:34:56.375636787Z,2026-08-19T16:34:56.375636787Z,2026-08-19T16:11:04Z,0.032,Y,sensor_data
,,1,2026-08-19T15:34:56.375636787Z,2026-08-19T16:34:56.375636787Z,2026-08-19T16:11:05Z,0.031,Y,sensor_data
,,1,2026-08-19T15:34:56.375636787Z,2026-08-19T16:34:56.375636787Z,2026-08-19T16:11:06Z,0.032,Y,sensor_data
,,1,2026-08-19T15:34:56.375636787Z,2026-08-19T16:34:56.375636787Z,2026-08-19T16:11:07Z,0.032,Y,sensor_data
,,1,2026-08-19T15:34:56.375636787Z,2026-08-19T16:34:56.375636787Z,2026-08-19T16:11:08Z,0.032,Y,sensor_data
,,1,2026-08-19T15:34:56.375636787Z,2026-08-19T16:34:56.375636787Z,2026-08-19T16:11:09Z,0.032,Y,sensor_data
,,1,2026-08-19T15:34:56.375636787Z,2026-08-19T16:34:56.375636787Z,2026-08-19T16:11:10Z,0.032,Y,sensor_data
,,1,2026-08-19T15:34:56.375636787Z,2026-08-19T16:34:56.375636787Z,2026-08-19T16:11:11Z,0.033,Y,sensor_data
,,1,2026-08-19T15:34:56.375636787Z,2026-08-19T16:34:56.375636787Z,2026-08-19T16:11:12Z,0.033,Y,sensor_data
,,1,2026-08-19T15:34:56.375636787Z,2026-08-19T16:34:56.375636787Z,2026-08-19T16:11:13Z,0.031,Y,sensor_data
,,1,2026-08-19T15:34:56.375636787Z,2026-08-19T16:34:56.375636787Z,2026-08-19T16:11:14Z,0.032,Y,sensor_data
,,1,2026-08-19T15:34:56.375636787Z,2026-08-19T16:34:56.375636787Z,2026-08-19T16:11:15Z,0.036,Y,sensor_data
,,1,2026-08-19T15:34:56.375636787Z,2026-08-19T16:34:56.375636787Z,2026-08-19T16:11:16Z,0.031,Y,sensor_data
,,1,2026-08-19T15:34:56.375636787Z,2026-08-19T16:34:56.375636787Z,2026-08-19T16:11:17Z,0.032,Y,sensor_data
,,1,2026-08-19T15:34:56.375636787Z,2026-08-19T16:34:56.375636787Z,2026-08-19T16:11:18Z,0.032,Y,sensor_data
,,1,2026-08-19T15:34:56.375636787Z,2026-08-19T16:34:56.375636787Z,2026-08-19T16:11:19Z,0.032,Y,sensor_data
,,1,2026-08-19T15:34:56.375636787Z,2026-08-19T16:34:56.375636787Z,2026-08-19T16:11:20Z,0.033,Y,sensor_data
,,1,2026-08-19T15:34:56.375636787Z,2026-08-19T16:34:56.375636787Z,2026-08-19T16:11:21Z,0.032,Y,sensor_data
,,1,2026-08-19T15:34:56.375636787Z,2026-08-19T16:34:56.375636787Z,2026-08-19T16:11:22Z,0.028,Y,sensor_data
,,1,2026-08-19T15:34:56.375636787Z,2026-08-19T16:34:56.375636787Z,2026-08-19T16:11:23Z,0.032,Y,sensor_data
,,1,2026-08-19T15:34:56.375636787Z,2026-08-19T16:34:56.375636787Z,2026-08-19T16:11:24Z,0.032,Y,sensor_data
,,1,2026-08-19T15:34:56.375636787Z,2026-08-19T16:34:56.375636787Z,2026-08-19T16:11:25Z,0.034,Y,sensor_data
,,1,2026-08-19T15:34:56.375636787Z,2026-08-19T16:34:56.375636787Z,2026-08-19T16:11:26Z,0.032,Y,sensor_data
,,1,2026-08-19T15:34:56.375636787Z,2026-08-19T16:34:56.375636787Z,2026-08-19T16:11:27Z,0.033,Y,sensor_data
,,1,2026-08-19T15:34:56.375636787Z,2026-08-19T16:34:56.375636787Z,2026-08-19T16:11:28Z,0.03,Y,sensor_data
,,1,2026-08-19T15:34:56.375636787Z,2026-08-19T16:34:56.375636787Z,2026-08-19T16:11:29Z,0.032,Y,sensor_data
,,1,2026-08-19T15:34:56.375636787Z,2026-08-19T16:34:56.375636787Z,2026-08-19T16:11:30Z,0.032,Y,sensor_data
,,1,2026-08-19T15:34:56.375636787Z,2026-08-19T16:34:56.375636787Z,2026-08-19T16:11:31Z,0.032,Y,sensor_data
,,1,2026-08-19T15:34:56.375636787Z,2026-08-19T16:34:56.375636787Z,2026-08-19T16:11:32Z,0.032,Y,sensor_data
,,1,2026-08-19T15:34:56.375636787Z,2026-08-19T16:34:56.375636787Z,2026-08-19T16:11:33Z,0.031,Y,sensor_data
,,1,2026-08-19T15:34:56.375636787Z,2026-08-19T16:34:56.375636787Z,2026-08-19T16:11:34Z,0.032,Y,sensor_data
,,1,2026-08-19T15:34:56.375636787Z,2026-08-19T16:34:56.375636787Z,2026-08-19T16:11:35Z,0.031,Y,sensor_data
,,1,2026-08-19T15:34:56.375636787Z,2026-08-19T16:34:56.375636787Z,2026-08-19T16:11:36Z,0.031,Y,sensor_data
,,1,2026-08-19T15:34:56.375636787Z,2026-08-19T16:34:56.375636787Z,2026-08-19T16:11:37Z,0.032,Y,sensor_data
,,1,2026-08-19T15:34:56.375636787Z,2026-08-19T16:34:56.375636787Z,2026-08-19T16:11:38Z,0.032,Y,sensor_data
,,1,2026-08-19T15:34:56.375636787Z,2026-08-19T16:34:56.375636787Z,2026-08-19T16:11:39Z,0.031,Y,sensor_data
,,1,2026-08-19T15:34:56.375636787Z,2026-08-19T16:34:56.375636787Z,2026-08-19T16:11:40Z,0.032,Y,sensor_data
,,1,2026-08-19T15:34:56.375636787Z,2026-08-19T16:34:56.375636787Z,2026-08-19T16:11:41Z,0.031,Y,sensor_data
,,1,2026-08-19T15:34:56.375636787Z,2026-08-19T16:34:56.375636787Z,2026-08-19T16:11:42Z,0.029,Y,sensor_data
,,1,2026-08-19T15:34:56.375636787Z,2026-08-19T16:34:56.375636787Z,2026-08-19T16:11:43Z,0.032,Y,sensor_data
,,1,2026-08-19T15:34:56.375636787Z,2026-08-19T16:34:56.375636787Z,2026-08-19T16:11:44Z,0.032,Y,sensor_data
,,1,2026-08-19T15:34:56.375636787Z,2026-08-19T16:34:56.375636787Z,2026-08-19T16:11:45Z,0.032,Y,sensor_data
,,1,2026-08-19T15:34:56.375636787Z,2026-08-19T16:34:56.375636787Z,2026-08-19T16:11:46Z,0.032,Y,sensor_data
,,1,2026-08-19T15:34:56.375636787Z,2026-08-19T16:34:56.375636787Z,2026-08-19T16:11:47Z,0.032,Y,sensor_data
,,1,2026-08-19T15:34:56.375636787Z,2026-08-19T16:34:56.375636787Z,2026-08-19T16:11:48Z,0.033,Y,sensor_data
,,1,2026-08-19T15:34:56.375636787Z,2026-08-19T16:34:56.375636787Z,2026-08-19T16:11:49Z,0.032,Y,sensor_data
,,1,2026-08-19T15:34:56.375636787Z,2026-08-19T16:34:56.375636787Z,2026-08-19T16:11:50Z,0.032,Y,sensor_data
,,1,2026-08-19T15:34:56.375636787Z,2026-08-19T16:34:56.375636787Z,2026-08-19T16:11:51Z,0.031,Y,sensor_data
,,1,2026-08-19T15:34:56.375636787Z,2026-08-19T16:34:56.375636787Z,2026-08-19T16:11:52Z,0.031,Y,sensor_data
,,1,2026-08-19T15:34:56.375636787Z,2026-08-19T16:34:56.375636787Z,2026-08-19T16:11:53Z,0.031,Y,sensor_data
,,1,2026-08-19T15:34:56.375636787Z,2026-08-19T16:34:56.375636787Z,2026-08-19T16:11:54Z,0.033,Y,sensor_data
,,1,2026-08-19T15:34:56.375636787Z,2026-08-19T16:34:56.375636787Z,2026-08-19T16:11:55Z,0.028,Y,sensor_data
,,1,2026-08-19T15:34:56.375636787Z,2026-08-19T16:34:56.375636787Z,2026-08-19T16:11:56Z,0.032,Y,sensor_data
,,1,2026-08-19T15:34:56.375636787Z,2026-08-19T16:34:56.375636787Z,2026-08-19T16:11:57Z,0.033,Y,sensor_data
,,1,2026-08-19T15:34:56.375636787Z,2026-08-19T16:34:56.375636787Z,2026-08-19T16:11:58Z,0.032,Y,sensor_data
,,1,2026-08-19T15:34:56.375636787Z,2026-08-19T16:34:56.375636787Z,2026-08-19T16:11:59Z,0.031,Y,sensor_data
,,1,2026-08-19T15:34:56.375636787Z,2026-08-19T16:34:56.375636787Z,2026-08-19T16:12:00Z,0.031,Y,sensor_data
,,1,2026-08-19T15:34:56.375636787Z,2026-08-19T16:34:56.375636787Z,2026-08-19T16:12:01Z,0.031,Y,sensor_data
,,1,2026-08-19T15:34:56.375636787Z,2026-08-19T16:34:56.375636787Z,2026-08-19T16:12:02Z,0.032,Y,sensor_data
,,1,2026-08-19T15:34:56.375636787Z,2026-08-19T16:34:56.375636787Z,2026-08-19T16:12:03Z,0.033,Y,sensor_data
,,1,2026-08-19T15:34:56.375636787Z,2026-08-19T16:34:56.375636787Z,2026-08-19T16:12:04Z,0.033,Y,sensor_data
,,1,2026-08-19T15:34:56.375636787Z,2026-08-19T16:34:56.375636787Z,2026-08-19T16:12:05Z,0.031,Y,sensor_data
,,1,2026-08-19T15:34:56.375636787Z,2026-08-19T16:34:56.375636787Z,2026-08-19T16:12:06Z,0.032,Y,sensor_data
,,1,2026-08-19T15:34:56.375636787Z,2026-08-19T16:34:56.375636787Z,2026-08-19T16:12:07Z,0.031,Y,sensor_data
,,1,2026-08-19T15:34:56.375636787Z,2026-08-19T16:34:56.375636787Z,2026-08-19T16:12:08Z,0.032,Y,sensor_data
,,1,2026-08-19T15:34:56.375636787Z,2026-08-19T16:34:56.375636787Z,2026-08-19T16:12:09Z,0.032,Y,sensor_data
,,1,2026-08-19T15:34:56.375636787Z,2026-08-19T16:34:56.375636787Z,2026-08-19T16:12:10Z,0.032,Y,sensor_data
,,1,2026-08-19T15:34:56.375636787Z,2026-08-19T16:34:56.375636787Z,2026-08-19T16:12:11Z,0.031,Y,sensor_data
,,1,2026-08-19T15:34:56.375636787Z,2026-08-19T16:34:56.375636787Z,2026-08-19T16:12:12Z,0.031,Y,sensor_data
,,1,2026-08-19T15:34:56.375636787Z,2026-08-19T16:34:56.375636787Z,2026-08-19T16:12:13Z,0.032,Y,sensor_data
,,1,2026-08-19T15:34:56.375636787Z,2026-08-19T16:34:56.375636787Z,2026-08-19T16:12:14Z,0.032,Y,sensor_data
,,1,2026-08-19T15:34:56.375636787Z,2026-08-19T16:34:56.375636787Z,2026-08-19T16:12:15Z,0.032,Y,sensor_data
,,1,2026-08-19T15:34:56.375636787Z,2026-08-19T16:34:56.375636787Z,2026-08-19T16:12:16Z,0.031,Y,sensor_data
,,1,2026-08-19T15:34:56.375636787Z,2026-08-19T16:34:56.375636787Z,2026-08-19T16:12:17Z,0.031,Y,sensor_data
,,1,2026-08-19T15:34:56.375636787Z,2026-08-19T16:34:56.375636787Z,2026-08-19T16:12:18Z,0.031,Y,sensor_data
,,1,2026-08-19T15:34:56.375636787Z,2026-08-19T16:34:56.375636787Z,2026-08-19T16:12:19Z,0.032,Y,sensor_data
,,1,2026-08-19T15:34:56.375636787Z,2026-08-19T16:34:56.375636787Z,2026-08-19T16:12:20Z,0.031,Y,sensor_data
,,1,2026-08-19T15:34:56.375636787Z,2026-08-19T16:34:56.375636787Z,2026-08-19T16:12:21Z,0.032,Y,sensor_data
,,1,2026-08-19T15:34:56.375636787Z,2026-08-19T16:34:56.375636787Z,2026-08-19T16:12:22Z,0.032,Y,sensor_data
,,1,2026-08-19T15:34:56.375636787Z,2026-08-19T16:34:56.375636787Z,2026-08-19T16:12:23Z,0.032,Y,sensor_data
,,1,2026-08-19T15:34:56.375636787Z,2026-08-19T16:34:56.375636787Z,2026-08-19T16:12:24Z,0.032,Y,sensor_data
,,1,2026-08-19T15:34:56.375636787Z,2026-08-19T16:34:56.375636787Z,2026-08-19T16:12:25Z,0.031,Y,sensor_data
,,1,2026-08-19T15:34:56.375636787Z,2026-08-19T16:34:56.375636787Z,2026-08-19T16:12:26Z,0.032,Y,sensor_data
,,1,2026-08-19T15:34:56.375636787Z,2026-08-19T16:34:56.375636787Z,2026-08-19T16:12:27Z,0.033,Y,sensor_data
,,1,2026-08-19T15:34:56.375636787Z,2026-08-19T16:34:56.375636787Z,2026-08-19T16:12:28Z,0.031,Y,sensor_data
,,1,2026-08-19T15:34:56.375636787Z,2026-08-19T16:34:56.375636787Z,2026-08-19T16:12:29Z,0.032,Y,sensor_data
,,1,2026-08-19T15:34:56.375636787Z,2026-08-19T16:34:56.375636787Z,2026-08-19T16:12:30Z,0.032,Y,sensor_data
,,1,2026-08-19T15:34:56.375636787Z,2026-08-19T16:34:56.375636787Z,2026-08-19T16:12:31Z,0.032,Y,sensor_data
,,1,2026-08-19T15:34:56.375636787Z,2026-08-19T16:34:56.375636787Z,2026-08-19T16:12:32Z,0.032,Y,sensor_data
,,1,2026-08-19T15:34:56.375636787Z,2026-08-19T16:34:56.375636787Z,2026-08-19T16:12:33Z,0.031,Y,sensor_data
,,1,2026-08-19T15:34:56.375636787Z,2026-08-19T16:34:56.375636787Z,2026-08-19T16:12:34Z,0.032,Y,sensor_data
,,1,2026-08-19T15:34:56.375636787Z,2026-08-19T16:34:56.375636787Z,2026-08-19T16:12:35Z,0.032,Y,sensor_data
,,1,2026-08-19T15:34:56.375636787Z,2026-08-19T16:34:56.375636787Z,2026-08-19T16:12:36Z,0.032,Y,sensor_data
,,1,2026-08-19T15:34:56.375636787Z,2026-08-19T16:34:56.375636787Z,2026-08-19T16:12:37Z,0.032,Y,sensor_data
,,1,2026-08-19T15:34:56.375636787Z,2026-08-19T16:34:56.375636787Z,2026-08-19T16:12:38Z,0.032,Y,sensor_data
,,1,2026-08-19T15:34:56.375636787Z,2026-08-19T16:34:56.375636787Z,2026-08-19T16:12:39Z,0.032,Y,sensor_data
,,1,2026-08-19T15:34:56.375636787Z,2026-08-19T16:34:56.375636787Z,2026-08-19T16:12:40Z,0.032,Y,sensor_data
,,1,2026-08-19T15:34:56.375636787Z,2026-08-19T16:34:56.375636787Z,2026-08-19T16:12:41Z,0.032,Y,sensor_data
,,1,2026-08-19T15:34:56.375636787Z,2026-08-19T16:34:56.375636787Z,2026-08-19T16:12:42Z,0.032,Y,sensor_data
,,1,2026-08-19T15:34:56.375636787Z,2026-08-19T16:34:56.375636787Z,2026-08-19T16:12:43Z,0.032,Y,sensor_data
,,1,2026-08-19T15:34:56.375636787Z,2026-08-19T16:34:56.375636787Z,2026-08-19T16:12:44Z,0.032,Y,sensor_data
,,1,2026-08-19T15:34:56.375636787Z,2026-08-19T16:34:56.375636787Z,2026-08-19T16:12:45Z,-0.382,Y,sensor_data
,,1,2026-08-19T15:34:56.375636787Z,2026-08-19T16:34:56.375636787Z,2026-08-19T16:12:46Z,0.204,Y,sensor_data
,,1,2026-08-19T15:34:56.375636787Z,2026-08-19T16:34:56.375636787Z,2026-08-19T16:12:47Z,0.003,Y,sensor_data
,,1,2026-08-19T15:34:56.375636787Z,2026-08-19T16:34:56.375636787Z,2026-08-19T16:12:48Z,0.004,Y,sensor_data
,,1,2026-08-19T15:34:56.375636787Z,2026-08-19T16:34:56.375636787Z,2026-08-19T16:12:49Z,0.06,Y,sensor_data
,,1,2026-08-19T15:34:56.375636787Z,2026-08-19T16:34:56.375636787Z,2026-08-19T16:12:50Z,0.094,Y,sensor_data
,,1,2026-08-19T15:34:56.375636787Z,2026-08-19T16:34:56.375636787Z,2026-08-19T16:12:51Z,-0.006,Y,sensor_data
,,1,2026-08-19T15:34:56.375636787Z,2026-08-19T16:34:56.375636787Z,2026-08-19T16:12:52Z,-0.002,Y,sensor_data
,,1,2026-08-19T15:34:56.375636787Z,2026-08-19T16:34:56.375636787Z,2026-08-19T16:12:53Z,-0.009,Y,sensor_data
,,1,2026-08-19T15:34:56.375636787Z,2026-08-19T16:34:56.375636787Z,2026-08-19T16:12:54Z,0.007,Y,sensor_data
,,1,2026-08-19T15:34:56.375636787Z,2026-08-19T16:34:56.375636787Z,2026-08-19T16:12:55Z,-0.008,Y,sensor_data
,,1,2026-08-19T15:34:56.375636787Z,2026-08-19T16:34:56.375636787Z,2026-08-19T16:12:56Z,-0.007,Y,sensor_data
,,1,2026-08-19T15:34:56.375636787Z,2026-08-19T16:34:56.375636787Z,2026-08-19T16:12:57Z,-0.01,Y,sensor_data
,,1,2026-08-19T15:34:56.375636787Z,2026-08-19T16:34:56.375636787Z,2026-08-19T16:13:06Z,-0.01,Y,sensor_data
,,1,2026-08-19T15:34:56.375636787Z,2026-08-19T16:34:56.375636787Z,2026-08-19T16:13:07Z,-0.004,Y,sensor_data
,,1,2026-08-19T15:34:56.375636787Z,2026-08-19T16:34:56.375636787Z,2026-08-19T16:13:08Z,-0.008,Y,sensor_data
,,1,2026-08-19T15:34:56.375636787Z,2026-08-19T16:34:56.375636787Z,2026-08-19T16:13:09Z,-0.01,Y,sensor_data
,,1,2026-08-19T15:34:56.375636787Z,2026-08-19T16:34:56.375636787Z,2026-08-19T16:13:10Z,-0.011,Y,sensor_data
,,1,2026-08-19T15:34:56.375636787Z,2026-08-19T16:34:56.375636787Z,2026-08-19T16:13:11Z,-0.009,Y,sensor_data
,,1,2026-08-19T15:34:56.375636787Z,2026-08-19T16:34:56.375636787Z,2026-08-19T16:13:12Z,-0.008,Y,sensor_data
,,1,2026-08-19T15:34:56.375636787Z,2026-08-19T16:34:56.375636787Z,2026-08-19T16:13:13Z,-0.007,Y,sensor_data
,,1,2026-08-19T15:34:56.375636787Z,2026-08-19T16:34:56.375636787Z,2026-08-19T16:13:14Z,-0.01,Y,sensor_data
,,1,2026-08-19T15:34:56.375636787Z,2026-08-19T16:34:56.375636787Z,2026-08-19T16:13:15Z,-0.009,Y,sensor_data
,,1,2026-08-19T15:34:56.375636787Z,2026-08-19T16:34:56.375636787Z,2026-08-19T16:13:16Z,-0.009,Y,sensor_data
,,1,2026-08-19T15:34:56.375636787Z,2026-08-19T16:34:56.375636787Z,2026-08-19T16:13:17Z,-0.009,Y,sensor_data
,,1,2026-08-19T15:34:56.375636787Z,2026-08-19T16:34:56.375636787Z,2026-08-19T16:13:18Z,-0.008,Y,sensor_data
,,1,2026-08-19T15:34:56.375636787Z,2026-08-19T16:34:56.375636787Z,2026-08-19T16:13:19Z,-0.01,Y,sensor_data
,,1,2026-08-19T15:34:56.375636787Z,2026-08-19T16:34:56.375636787Z,2026-08-19T16:13:20Z,-0.011,Y,sensor_data
,,1,2026-08-19T15:34:56.375636787Z,2026-08-19T16:34:56.375636787Z,2026-08-19T16:13:21Z,-0.009,Y,sensor_data
,,1,2026-08-19T15:34:56.375636787Z,2026-08-19T16:34:56.375636787Z,2026-08-19T16:13:22Z,-0.009,Y,sensor_data
,,1,2026-08-19T15:34:56.375636787Z,2026-08-19T16:34:56.375636787Z,2026-08-19T16:13:23Z,-0.009,Y,sensor_data
,,1,2026-08-19T15:34:56.375636787Z,2026-08-19T16:34:56.375636787Z,2026-08-19T16:13:24Z,-0.011,Y,sensor_data
,,1,2026-08-19T15:34:56.375636787Z,2026-08-19T16:34:56.375636787Z,2026-08-19T16:13:25Z,-0.009,Y,sensor_data
,,1,2026-08-19T15:34:56.375636787Z,2026-08-19T16:34:56.375636787Z,2026-08-19T16:13:26Z,-0.011,Y,sensor_data
,,1,2026-08-19T15:34:56.375636787Z,2026-08-19T16:34:56.375636787Z,2026-08-19T16:13:27Z,-0.01,Y,sensor_data
,,1,2026-08-19T15:34:56.375636787Z,2026-08-19T16:34:56.375636787Z,2026-08-19T16:13:28Z,-0.009,Y,sensor_data
,,1,2026-08-19T15:34:56.375636787Z,2026-08-19T16:34:56.375636787Z,2026-08-19T16:13:29Z,-0.009,Y,sensor_data
,,1,2026-08-19T15:34:56.375636787Z,2026-08-19T16:34:56.375636787Z,2026-08-19T16:13:30Z,-0.009,Y,sensor_data
,,1,2026-08-19T15:34:56.375636787Z,2026-08-19T16:34:56.375636787Z,2026-08-19T16:13:31Z,-0.011,Y,sensor_data
,,1,2026-08-19T15:34:56.375636787Z,2026-08-19T16:34:56.375636787Z,2026-08-19T16:13:32Z,-0.009,Y,sensor_data
,,1,2026-08-19T15:34:56.375636787Z,2026-08-19T16:34:56.375636787Z,2026-08-19T16:13:33Z,-0.01,Y,sensor_data
,,1,2026-08-19T15:34:56.375636787Z,2026-08-19T16:34:56.375636787Z,2026-08-19T16:13:34Z,-0.009,Y,sensor_data
,,1,2026-08-19T15:34:56.375636787Z,2026-08-19T16:34:56.375636787Z,2026-08-19T16:13:35Z,-0.009,Y,sensor_data
,,1,2026-08-19T15:34:56.375636787Z,2026-08-19T16:34:56.375636787Z,2026-08-19T16:13:36Z,-0.008,Y,sensor_data
,,1,2026-08-19T15:34:56.375636787Z,2026-08-19T16:34:56.375636787Z,2026-08-19T16:13:37Z,-0.009,Y,sensor_data
,,1,2026-08-19T15:34:56.375636787Z,2026-08-19T16:34:56.375636787Z,2026-08-19T16:13:38Z,-0.009,Y,sensor_data
,,1,2026-08-19T15:34:56.375636787Z,2026-08-19T16:34:56.375636787Z,2026-08-19T16:13:39Z,-0.009,Y,sensor_data
,,1,2026-08-19T15:34:56.375636787Z,2026-08-19T16:34:56.375636787Z,2026-08-19T16:13:40Z,-0.009,Y,sensor_data
,,1,2026-08-19T15:34:56.375636787Z,2026-08-19T16:34:56.375636787Z,2026-08-19T16:13:41Z,-0.01,Y,sensor_data
,,1,2026-08-19T15:34:56.375636787Z,2026-08-19T16:34:56.375636787Z,2026-08-19T16:13:42Z,-0.01,Y,sensor_data
,,1,2026-08-19T15:34:56.375636787Z,2026-08-19T16:34:56.375636787Z,2026-08-19T16:13:43Z,-0.01,Y,sensor_data
,,1,2026-08-19T15:34:56.375636787Z,2026-08-19T16:34:56.375636787Z,2026-08-19T16:13:44Z,-0.023,Y,sensor_data
,,1,2026-08-19T15:34:56.375636787Z,2026-08-19T16:34:56.375636787Z,2026-08-19T16:13:45Z,-0.028,Y,sensor_data
,,1,2026-08-19T15:34:56.375636787Z,2026-08-19T16:34:56.375636787Z,2026-08-19T16:13:46Z,0.38,Y,sensor_data
,,1,2026-08-19T15:34:56.375636787Z,2026-08-19T16:34:56.375636787Z,2026-08-19T16:13:47Z,0.19,Y,sensor_data
,,1,2026-08-19T15:34:56.375636787Z,2026-08-19T16:34:56.375636787Z,2026-08-19T16:13:48Z,0.096,Y,sensor_data
,,1,2026-08-19T15:34:56.375636787Z,2026-08-19T16:34:56.375636787Z,2026-08-19T16:13:49Z,0.093,Y,sensor_data
,,1,2026-08-19T15:34:56.375636787Z,2026-08-19T16:34:56.375636787Z,2026-08-19T16:13:50Z,0.095,Y,sensor_data
,,1,2026-08-19T15:34:56.375636787Z,2026-08-19T16:34:56.375636787Z,2026-08-19T16:13:51Z,0.092,Y,sensor_data
,,1,2026-08-19T15:34:56.375636787Z,2026-08-19T16:34:56.375636787Z,2026-08-19T16:13:52Z,0.09,Y,sensor_data
,,1,2026-08-19T15:34:56.375636787Z,2026-08-19T16:34:56.375636787Z,2026-08-19T16:13:53Z,0.091,Y,sensor_data
,,1,2026-08-19T15:34:56.375636787Z,2026-08-19T16:34:56.375636787Z,2026-08-19T16:13:54Z,0.093,Y,sensor_data
,,1,2026-08-19T15:34:56.375636787Z,2026-08-19T16:34:56.375636787Z,2026-08-19T16:13:55Z,0.092,Y,sensor_data
,,1,2026-08-19T15:34:56.375636787Z,2026-08-19T16:34:56.375636787Z,2026-08-19T16:13:56Z,0.091,Y,sensor_data
,,1,2026-08-19T15:34:56.375636787Z,2026-08-19T16:34:56.375636787Z,2026-08-19T16:13:57Z,0.092,Y,sensor_data
,,1,2026-08-19T15:34:56.375636787Z,2026-08-19T16:34:56.375636787Z,2026-08-19T16:13:58Z,0.091,Y,sensor_data
,,1,2026-08-19T15:34:56.375636787Z,2026-08-19T16:34:56.375636787Z,2026-08-19T16:13:59Z,0.091,Y,sensor_data
,,1,2026-08-19T15:34:56.375636787Z,2026-08-19T16:34:56.375636787Z,2026-08-19T16:14:00Z,0.091,Y,sensor_data
,,1,2026-08-19T15:34:56.375636787Z,2026-08-19T16:34:56.375636787Z,2026-08-19T16:14:01Z,0.09,Y,sensor_data
,,1,2026-08-19T15:34:56.375636787Z,2026-08-19T16:34:56.375636787Z,2026-08-19T16:14:02Z,0.091,Y,sensor_data
,,1,2026-08-19T15:34:56.375636787Z,2026-08-19T16:34:56.375636787Z,2026-08-19T16:14:03Z,0.09,Y,sensor_data
,,1,2026-08-19T15:34:56.375636787Z,2026-08-19T16:34:56.375636787Z,2026-08-19T16:14:04Z,0.091,Y,sensor_data
,,1,2026-08-19T15:34:56.375636787Z,2026-08-19T16:34:56.375636787Z,2026-08-19T16:14:05Z,0.094,Y,sensor_data
,,1,2026-08-19T15:34:56.375636787Z,2026-08-19T16:34:56.375636787Z,2026-08-19T16:14:06Z,0.09,Y,sensor_data
,,1,2026-08-19T15:34:56.375636787Z,2026-08-19T16:34:56.375636787Z,2026-08-19T16:14:07Z,0.09,Y,sensor_data
,,1,2026-08-19T15:34:56.375636787Z,2026-08-19T16:34:56.375636787Z,2026-08-19T16:14:08Z,0.09,Y,sensor_data
,,1,2026-08-19T15:34:56.375636787Z,2026-08-19T16:34:56.375636787Z,2026-08-19T16:14:09Z,0.091,Y,sensor_data
,,1,2026-08-19T15:34:56.375636787Z,2026-08-19T16:34:56.375636787Z,2026-08-19T16:14:10Z,0.091,Y,sensor_data
,,1,2026-08-19T15:34:56.375636787Z,2026-08-19T16:34:56.375636787Z,2026-08-19T16:14:11Z,0.091,Y,sensor_data
,,1,2026-08-19T15:34:56.375636787Z,2026-08-19T16:34:56.375636787Z,2026-08-19T16:14:12Z,0.09,Y,sensor_data
,,1,2026-08-19T15:34:56.375636787Z,2026-08-19T16:34:56.375636787Z,2026-08-19T16:14:13Z,0.093,Y,sensor_data
,,1,2026-08-19T15:34:56.375636787Z,2026-08-19T16:34:56.375636787Z,2026-08-19T16:14:14Z,0.09,Y,sensor_data
,,1,2026-08-19T15:34:56.375636787Z,2026-08-19T16:34:56.375636787Z,2026-08-19T16:14:15Z,0.09,Y,sensor_data
,,1,2026-08-19T15:34:56.375636787Z,2026-08-19T16:34:56.375636787Z,2026-08-19T16:14:16Z,0.092,Y,sensor_data
,,1,2026-08-19T15:34:56.375636787Z,2026-08-19T16:34:56.375636787Z,2026-08-19T16:14:17Z,0.092,Y,sensor_data
,,1,2026-08-19T15:34:56.375636787Z,2026-08-19T16:34:56.375636787Z,2026-08-19T16:14:18Z,0.087,Y,sensor_data
,,1,2026-08-19T15:34:56.375636787Z,2026-08-19T16:34:56.375636787Z,2026-08-19T16:14:19Z,0.089,Y,sensor_data
,,1,2026-08-19T15:34:56.375636787Z,2026-08-19T16:34:56.375636787Z,2026-08-19T16:14:20Z,0.089,Y,sensor_data
,,1,2026-08-19T15:34:56.375636787Z,2026-08-19T16:34:56.375636787Z,2026-08-19T16:14:21Z,0.091,Y,sensor_data
,,1,2026-08-19T15:34:56.375636787Z,2026-08-19T16:34:56.375636787Z,2026-08-19T16:14:22Z,0.09,Y,sensor_data
,,1,2026-08-19T15:34:56.375636787Z,2026-08-19T16:34:56.375636787Z,2026-08-19T16:14:23Z,0.089,Y,sensor_data
,,1,2026-08-19T15:34:56.375636787Z,2026-08-19T16:34:56.375636787Z,2026-08-19T16:14:24Z,0.089,Y,sensor_data
,,1,2026-08-19T15:34:56.375636787Z,2026-08-19T16:34:56.375636787Z,2026-08-19T16:14:25Z,0.089,Y,sensor_data
,,1,2026-08-19T15:34:56.375636787Z,2026-08-19T16:34:56.375636787Z,2026-08-19T16:14:26Z,0.09,Y,sensor_data
,,1,2026-08-19T15:34:56.375636787Z,2026-08-19T16:34:56.375636787Z,2026-08-19T16:14:27Z,0.089,Y,sensor_data
,,1,2026-08-19T15:34:56.375636787Z,2026-08-19T16:34:56.375636787Z,2026-08-19T16:14:28Z,0.089,Y,sensor_data
,,1,2026-08-19T15:34:56.375636787Z,2026-08-19T16:34:56.375636787Z,2026-08-19T16:14:29Z,0.088,Y,sensor_data
,,1,2026-08-19T15:34:56.375636787Z,2026-08-19T16:34:56.375636787Z,2026-08-19T16:14:30Z,0.089,Y,sensor_data
,,1,2026-08-19T15:34:56.375636787Z,2026-08-19T16:34:56.375636787Z,2026-08-19T16:14:31Z,0.09,Y,sensor_data
,,1,2026-08-19T15:34:56.375636787Z,2026-08-19T16:34:56.375636787Z,2026-08-19T16:14:32Z,0.089,Y,sensor_data
,,1,2026-08-19T15:34:56.375636787Z,2026-08-19T16:34:56.375636787Z,2026-08-19T16:14:33Z,0.09,Y,sensor_data
,,1,2026-08-19T15:34:56.375636787Z,2026-08-19T16:34:56.375636787Z,2026-08-19T16:14:34Z,0.089,Y,sensor_data
,,1,2026-08-19T15:34:56.375636787Z,2026-08-19T16:34:56.375636787Z,2026-08-19T16:14:35Z,0.09,Y,sensor_data
,,1,2026-08-19T15:34:56.375636787Z,2026-08-19T16:34:56.375636787Z,2026-08-19T16:14:36Z,0.089,Y,sensor_data
,,1,2026-08-19T15:34:56.375636787Z,2026-08-19T16:34:56.375636787Z,2026-08-19T16:14:37Z,0.09,Y,sensor_data
,,1,2026-08-19T15:34:56.375636787Z,2026-08-19T16:34:56.375636787Z,2026-08-19T16:14:38Z,0.089,Y,sensor_data
,,1,2026-08-19T15:34:56.375636787Z,2026-08-19T16:34:56.375636787Z,2026-08-19T16:14:39Z,0.089,Y,sensor_data
,,1,2026-08-19T15:34:56.375636787Z,2026-08-19T16:34:56.375636787Z,2026-08-19T16:14:40Z,0.089,Y,sensor_data
,,1,2026-08-19T15:34:56.375636787Z,2026-08-19T16:34:56.375636787Z,2026-08-19T16:14:41Z,0.09,Y,sensor_data
,,1,2026-08-19T15:34:56.375636787Z,2026-08-19T16:34:56.375636787Z,2026-08-19T16:14:42Z,0.09,Y,sensor_data
,,1,2026-08-19T15:34:56.375636787Z,2026-08-19T16:34:56.375636787Z,2026-08-19T16:14:43Z,0.09,Y,sensor_data
,,1,2026-08-19T15:34:56.375636787Z,2026-08-19T16:34:56.375636787Z,2026-08-19T16:14:44Z,0.09,Y,sensor_data
,,1,2026-08-19T15:34:56.375636787Z,2026-08-19T16:34:56.375636787Z,2026-08-19T16:14:45Z,0.09,Y,sensor_data
,,1,2026-08-19T15:34:56.375636787Z,2026-08-19T16:34:56.375636787Z,2026-08-19T16:14:46Z,0.089,Y,sensor_data
,,1,2026-08-19T15:34:56.375636787Z,2026-08-19T16:34:56.375636787Z,2026-08-19T16:14:47Z,0.088,Y,sensor_data
,,1,2026-08-19T15:34:56.375636787Z,2026-08-19T16:34:56.375636787Z,2026-08-19T16:14:48Z,0.09,Y,sensor_data
,,1,2026-08-19T15:34:56.375636787Z,2026-08-19T16:34:56.375636787Z,2026-08-19T16:14:49Z,0.089,Y,sensor_data
,,1,2026-08-19T15:34:56.375636787Z,2026-08-19T16:34:56.375636787Z,2026-08-19T16:14:50Z,0.091,Y,sensor_data
,,1,2026-08-19T15:34:56.375636787Z,2026-08-19T16:34:56.375636787Z,2026-08-19T16:14:51Z,0.089,Y,sensor_data
,,1,2026-08-19T15:34:56.375636787Z,2026-08-19T16:34:56.375636787Z,2026-08-19T16:14:52Z,0.089,Y,sensor_data
,,1,2026-08-19T15:34:56.375636787Z,2026-08-19T16:34:56.375636787Z,2026-08-19T16:14:53Z,0.09,Y,sensor_data
,,1,2026-08-19T15:34:56.375636787Z,2026-08-19T16:34:56.375636787Z,2026-08-19T16:14:54Z,0.089,Y,sensor_data
,,1,2026-08-19T15:34:56.375636787Z,2026-08-19T16:34:56.375636787Z,2026-08-19T16:14:55Z,0.089,Y,sensor_data
,,1,2026-08-19T15:34:56.375636787Z,2026-08-19T16:34:56.375636787Z,2026-08-19T16:14:56Z,0.09,Y,sensor_data
,,1,2026-08-19T15:34:56.375636787Z,2026-08-19T16:34:56.375636787Z,2026-08-19T16:14:57Z,0.089,Y,sensor_data
,,1,2026-08-19T15:34:56.375636787Z,2026-08-19T16:34:56.375636787Z,2026-08-19T16:14:58Z,0.09,Y,sensor_data
,,1,2026-08-19T15:34:56.375636787Z,2026-08-19T16:34:56.375636787Z,2026-08-19T16:14:59Z,0.09,Y,sensor_data
,,1,2026-08-19T15:34:56.375636787Z,2026-08-19T16:34:56.375636787Z,2026-08-19T16:15:00Z,0.09,Y,sensor_data
,,1,2026-08-19T15:34:56.375636787Z,2026-08-19T16:34:56.375636787Z,2026-08-19T16:15:01Z,0.089,Y,sensor_data
,,1,2026-08-19T15:34:56.375636787Z,2026-08-19T16:34:56.375636787Z,2026-08-19T16:15:02Z,0.087,Y,sensor_data
,,1,2026-08-19T15:34:56.375636787Z,2026-08-19T16:34:56.375636787Z,2026-08-19T16:15:10Z,0.088,Y,sensor_data
,,1,2026-08-19T15:34:56.375636787Z,2026-08-19T16:34:56.375636787Z,2026-08-19T16:15:11Z,0.09,Y,sensor_data
,,1,2026-08-19T15:34:56.375636787Z,2026-08-19T16:34:56.375636787Z,2026-08-19T16:15:12Z,0.092,Y,sensor_data
,,1,2026-08-19T15:34:56.375636787Z,2026-08-19T16:34:56.375636787Z,2026-08-19T16:15:13Z,0.089,Y,sensor_data
,,1,2026-08-19T15:34:56.375636787Z,2026-08-19T16:34:56.375636787Z,2026-08-19T16:15:14Z,0.089,Y,sensor_data
,,1,2026-08-19T15:34:56.375636787Z,2026-08-19T16:34:56.375636787Z,2026-08-19T16:15:15Z,0.09,Y,sensor_data
,,1,2026-08-19T15:34:56.375636787Z,2026-08-19T16:34:56.375636787Z,2026-08-19T16:15:16Z,0.088,Y,sensor_data
,,1,2026-08-19T15:34:56.375636787Z,2026-08-19T16:34:56.375636787Z,2026-08-19T16:15:17Z,0.092,Y,sensor_data
,,1,2026-08-19T15:34:56.375636787Z,2026-08-19T16:34:56.375636787Z,2026-08-19T16:15:18Z,0.09,Y,sensor_data
,,1,2026-08-19T15:34:56.375636787Z,2026-08-19T16:34:56.375636787Z,2026-08-19T16:15:19Z,0.089,Y,sensor_data
,,1,2026-08-19T15:34:56.375636787Z,2026-08-19T16:34:56.375636787Z,2026-08-19T16:15:20Z,0.089,Y,sensor_data
,,1,2026-08-19T15:34:56.375636787Z,2026-08-19T16:34:56.375636787Z,2026-08-19T16:15:21Z,0.09,Y,sensor_data
,,1,2026-08-19T15:34:56.375636787Z,2026-08-19T16:34:56.375636787Z,2026-08-19T16:15:22Z,0.09,Y,sensor_data
,,1,2026-08-19T15:34:56.375636787Z,2026-08-19T16:34:56.375636787Z,2026-08-19T16:15:23Z,0.09,Y,sensor_data
,,1,2026-08-19T15:34:56.375636787Z,2026-08-19T16:34:56.375636787Z,2026-08-19T16:15:24Z,0.091,Y,sensor_data
,,1,2026-08-19T15:34:56.375636787Z,2026-08-19T16:34:56.375636787Z,2026-08-19T16:15:25Z,0.091,Y,sensor_data
,,1,2026-08-19T15:34:56.375636787Z,2026-08-19T16:34:56.375636787Z,2026-08-19T16:15:26Z,0.089,Y,sensor_data
,,1,2026-08-19T15:34:56.375636787Z,2026-08-19T16:34:56.375636787Z,2026-08-19T16:15:27Z,0.09,Y,sensor_data
,,1,2026-08-19T15:34:56.375636787Z,2026-08-19T16:34:56.375636787Z,2026-08-19T16:15:28Z,0.09,Y,sensor_data
,,1,2026-08-19T15:34:56.375636787Z,2026-08-19T16:34:56.375636787Z,2026-08-19T16:15:29Z,0.09,Y,sensor_data
,,1,2026-08-19T15:34:56.375636787Z,2026-08-19T16:34:56.375636787Z,2026-08-19T16:15:30Z,0.09,Y,sensor_data
,,1,2026-08-19T15:34:56.375636787Z,2026-08-19T16:34:56.375636787Z,2026-08-19T16:15:31Z,0.09,Y,sensor_data
,,1,2026-08-19T15:34:56.375636787Z,2026-08-19T16:34:56.375636787Z,2026-08-19T16:15:32Z,0.09,Y,sensor_data
,,1,2026-08-19T15:34:56.375636787Z,2026-08-19T16:34:56.375636787Z,2026-08-19T16:15:33Z,0.09,Y,sensor_data
,,1,2026-08-19T15:34:56.375636787Z,2026-08-19T16:34:56.375636787Z,2026-08-19T16:15:34Z,0.089,Y,sensor_data
,,1,2026-08-19T15:34:56.375636787Z,2026-08-19T16:34:56.375636787Z,2026-08-19T16:15:35Z,0.09,Y,sensor_data
,,1,2026-08-19T15:34:56.375636787Z,2026-08-19T16:34:56.375636787Z,2026-08-19T16:15:36Z,0.089,Y,sensor_data
,,1,2026-08-19T15:34:56.375636787Z,2026-08-19T16:34:56.375636787Z,2026-08-19T16:15:37Z,0.089,Y,sensor_data
,,1,2026-08-19T15:34:56.375636787Z,2026-08-19T16:34:56.375636787Z,2026-08-19T16:15:38Z,0.09,Y,sensor_data
,,1,2026-08-19T15:34:56.375636787Z,2026-08-19T16:34:56.375636787Z,2026-08-19T16:15:39Z,0.089,Y,sensor_data
,,1,2026-08-19T15:34:56.375636787Z,2026-08-19T16:34:56.375636787Z,2026-08-19T16:15:40Z,0.089,Y,sensor_data
,,1,2026-08-19T15:34:56.375636787Z,2026-08-19T16:34:56.375636787Z,2026-08-19T16:15:41Z,0.09,Y,sensor_data
,,1,2026-08-19T15:34:56.375636787Z,2026-08-19T16:34:56.375636787Z,2026-08-19T16:15:42Z,0.09,Y,sensor_data
,,1,2026-08-19T15:34:56.375636787Z,2026-08-19T16:34:56.375636787Z,2026-08-19T16:15:43Z,0.09,Y,sensor_data
,,1,2026-08-19T15:34:56.375636787Z,2026-08-19T16:34:56.375636787Z,2026-08-19T16:15:44Z,0.09,Y,sensor_data
,,1,2026-08-19T15:34:56.375636787Z,2026-08-19T16:34:56.375636787Z,2026-08-19T16:15:45Z,0.089,Y,sensor_data
,,1,2026-08-19T15:34:56.375636787Z,2026-08-19T16:34:56.375636787Z,2026-08-19T16:15:46Z,0.09,Y,sensor_data
,,1,2026-08-19T15:34:56.375636787Z,2026-08-19T16:34:56.375636787Z,2026-08-19T16:15:47Z,0.089,Y,sensor_data
,,1,2026-08-19T15:34:56.375636787Z,2026-08-19T16:34:56.375636787Z,2026-08-19T16:15:48Z,0.089,Y,sensor_data
,,1,2026-08-19T15:34:56.375636787Z,2026-08-19T16:34:56.375636787Z,2026-08-19T16:15:49Z,0.089,Y,sensor_data
,,1,2026-08-19T15:34:56.375636787Z,2026-08-19T16:34:56.375636787Z,2026-08-19T16:15:50Z,0.09,Y,sensor_data
,,1,2026-08-19T15:34:56.375636787Z,2026-08-19T16:34:56.375636787Z,2026-08-19T16:15:51Z,0.09,Y,sensor_data
,,1,2026-08-19T15:34:56.375636787Z,2026-08-19T16:34:56.375636787Z,2026-08-19T16:15:52Z,0.09,Y,sensor_data
,,1,2026-08-19T15:34:56.375636787Z,2026-08-19T16:34:56.375636787Z,2026-08-19T16:15:53Z,0.089,Y,sensor_data
,,1,2026-08-19T15:34:56.375636787Z,2026-08-19T16:34:56.375636787Z,2026-08-19T16:15:54Z,0.089,Y,sensor_data
,,1,2026-08-19T15:34:56.375636787Z,2026-08-19T16:34:56.375636787Z,2026-08-19T16:15:55Z,0.09,Y,sensor_data
,,1,2026-08-19T15:34:56.375636787Z,2026-08-19T16:34:56.375636787Z,2026-08-19T16:15:56Z,0.089,Y,sensor_data
,,1,2026-08-19T15:34:56.375636787Z,2026-08-19T16:34:56.375636787Z,2026-08-19T16:15:57Z,0.09,Y,sensor_data
,,1,2026-08-19T15:34:56.375636787Z,2026-08-19T16:34:56.375636787Z,2026-08-19T16:15:58Z,0.09,Y,sensor_data
,,1,2026-08-19T15:34:56.375636787Z,2026-08-19T16:34:56.375636787Z,2026-08-19T16:15:59Z,0.09,Y,sensor_data
,,1,2026-08-19T15:34:56.375636787Z,2026-08-19T16:34:56.375636787Z,2026-08-19T16:16:00Z,0.09,Y,sensor_data
,,1,2026-08-19T15:34:56.375636787Z,2026-08-19T16:34:56.375636787Z,2026-08-19T16:16:01Z,0.09,Y,sensor_data
,,1,2026-08-19T15:34:56.375636787Z,2026-08-19T16:34:56.375636787Z,2026-08-19T16:16:02Z,0.092,Y,sensor_data
,,1,2026-08-19T15:34:56.375636787Z,2026-08-19T16:34:56.375636787Z,2026-08-19T16:16:03Z,0.089,Y,sensor_data
,,1,2026-08-19T15:34:56.375636787Z,2026-08-19T16:34:56.375636787Z,2026-08-19T16:16:04Z,0.089,Y,sensor_data
,,1,2026-08-19T15:34:56.375636787Z,2026-08-19T16:34:56.375636787Z,2026-08-19T16:16:05Z,0.089,Y,sensor_data
,,1,2026-08-19T15:34:56.375636787Z,2026-08-19T16:34:56.375636787Z,2026-08-19T16:16:06Z,0.089,Y,sensor_data
,,1,2026-08-19T15:34:56.375636787Z,2026-08-19T16:34:56.375636787Z,2026-08-19T16:16:07Z,0.088,Y,sensor_data
,,1,2026-08-19T15:34:56.375636787Z,2026-08-19T16:34:56.375636787Z,2026-08-19T16:16:08Z,0.088,Y,sensor_data
,,1,2026-08-19T15:34:56.375636787Z,2026-08-19T16:34:56.375636787Z,2026-08-19T16:16:10Z,0.088,Y,sensor_data
,,1,2026-08-19T15:34:56.375636787Z,2026-08-19T16:34:56.375636787Z,2026-08-19T16:16:11Z,0.09,Y,sensor_data
,,1,2026-08-19T15:34:56.375636787Z,2026-08-19T16:34:56.375636787Z,2026-08-19T16:16:12Z,0.09,Y,sensor_data
,,1,2026-08-19T15:34:56.375636787Z,2026-08-19T16:34:56.375636787Z,2026-08-19T16:16:13Z,0.088,Y,sensor_data
,,1,2026-08-19T15:34:56.375636787Z,2026-08-19T16:34:56.375636787Z,2026-08-19T16:16:14Z,0.089,Y,sensor_data
,,1,2026-08-19T15:34:56.375636787Z,2026-08-19T16:34:56.375636787Z,2026-08-19T16:16:15Z,0.09,Y,sensor_data
,,1,2026-08-19T15:34:56.375636787Z,2026-08-19T16:34:56.375636787Z,2026-08-19T16:16:16Z,0.09,Y,sensor_data
,,1,2026-08-19T15:34:56.375636787Z,2026-08-19T16:34:56.375636787Z,2026-08-19T16:16:17Z,0.091,Y,sensor_data
,,1,2026-08-19T15:34:56.375636787Z,2026-08-19T16:34:56.375636787Z,2026-08-19T16:16:18Z,0.09,Y,sensor_data
,,1,2026-08-19T15:34:56.375636787Z,2026-08-19T16:34:56.375636787Z,2026-08-19T16:16:19Z,0.091,Y,sensor_data
,,1,2026-08-19T15:34:56.375636787Z,2026-08-19T16:34:56.375636787Z,2026-08-19T16:16:20Z,0.089,Y,sensor_data
,,1,2026-08-19T15:34:56.375636787Z,2026-08-19T16:34:56.375636787Z,2026-08-19T16:16:21Z,0.087,Y,sensor_data
,,1,2026-08-19T15:34:56.375636787Z,2026-08-19T16:34:56.375636787Z,2026-08-19T16:16:22Z,0.09,Y,sensor_data
,,1,2026-08-19T15:34:56.375636787Z,2026-08-19T16:34:56.375636787Z,2026-08-19T16:16:23Z,0.09,Y,sensor_data
,,1,2026-08-19T15:34:56.375636787Z,2026-08-19T16:34:56.375636787Z,2026-08-19T16:16:24Z,0.09,Y,sensor_data
,,1,2026-08-19T15:34:56.375636787Z,2026-08-19T16:34:56.375636787Z,2026-08-19T16:16:25Z,0.093,Y,sensor_data
,,1,2026-08-19T15:34:56.375636787Z,2026-08-19T16:34:56.375636787Z,2026-08-19T16:16:26Z,0.089,Y,sensor_data
,,1,2026-08-19T15:34:56.375636787Z,2026-08-19T16:34:56.375636787Z,2026-08-19T16:16:27Z,0.09,Y,sensor_data
,,1,2026-08-19T15:34:56.375636787Z,2026-08-19T16:34:56.375636787Z,2026-08-19T16:16:28Z,0.089,Y,sensor_data
,,1,2026-08-19T15:34:56.375636787Z,2026-08-19T16:34:56.375636787Z,2026-08-19T16:16:29Z,0.09,Y,sensor_data
,,1,2026-08-19T15:34:56.375636787Z,2026-08-19T16:34:56.375636787Z,2026-08-19T16:16:30Z,0.09,Y,sensor_data
,,1,2026-08-19T15:34:56.375636787Z,2026-08-19T16:34:56.375636787Z,2026-08-19T16:16:31Z,0.09,Y,sensor_data
,,1,2026-08-19T15:34:56.375636787Z,2026-08-19T16:34:56.375636787Z,2026-08-19T16:16:32Z,0.091,Y,sensor_data
,,1,2026-08-19T15:34:56.375636787Z,2026-08-19T16:34:56.375636787Z,2026-08-19T16:16:33Z,0.09,Y,sensor_data
,,1,2026-08-19T15:34:56.375636787Z,2026-08-19T16:34:56.375636787Z,2026-08-19T16:16:34Z,0.091,Y,sensor_data
,,1,2026-08-19T15:34:56.375636787Z,2026-08-19T16:34:56.375636787Z,2026-08-19T16:16:35Z,0.09,Y,sensor_data
,,1,2026-08-19T15:34:56.375636787Z,2026-08-19T16:34:56.375636787Z,2026-08-19T16:16:36Z,0.09,Y,sensor_data
,,1,2026-08-19T15:34:56.375636787Z,2026-08-19T16:34:56.375636787Z,2026-08-19T16:16:37Z,0.091,Y,sensor_data
,,1,2026-08-19T15:34:56.375636787Z,2026-08-19T16:34:56.375636787Z,2026-08-19T16:16:38Z,0.09,Y,sensor_data
,,1,2026-08-19T15:34:56.375636787Z,2026-08-19T16:34:56.375636787Z,2026-08-19T16:16:39Z,0.09,Y,sensor_data
,,1,2026-08-19T15:34:56.375636787Z,2026-08-19T16:34:56.375636787Z,2026-08-19T16:16:40Z,0.09,Y,sensor_data
,,1,2026-08-19T15:34:56.375636787Z,2026-08-19T16:34:56.375636787Z,2026-08-19T16:16:41Z,0.09,Y,sensor_data
,,1,2026-08-19T15:34:56.375636787Z,2026-08-19T16:34:56.375636787Z,2026-08-19T16:16:42Z,0.089,Y,sensor_data
,,1,2026-08-19T15:34:56.375636787Z,2026-08-19T16:34:56.375636787Z,2026-08-19T16:16:43Z,0.091,Y,sensor_data
,,1,2026-08-19T15:34:56.375636787Z,2026-08-19T16:34:56.375636787Z,2026-08-19T16:16:44Z,0.089,Y,sensor_data
,,1,2026-08-19T15:34:56.375636787Z,2026-08-19T16:34:56.375636787Z,2026-08-19T16:16:45Z,0.09,Y,sensor_data
,,1,2026-08-19T15:34:56.375636787Z,2026-08-19T16:34:56.375636787Z,2026-08-19T16:16:46Z,0.09,Y,sensor_data
,,1,2026-08-19T15:34:56.375636787Z,2026-08-19T16:34:56.375636787Z,2026-08-19T16:16:47Z,0.089,Y,sensor_data
,,1,2026-08-19T15:34:56.375636787Z,2026-08-19T16:34:56.375636787Z,2026-08-19T16:16:48Z,0.096,Y,sensor_data
,,1,2026-08-19T15:34:56.375636787Z,2026-08-19T16:34:56.375636787Z,2026-08-19T16:16:49Z,0.097,Y,sensor_data
,,1,2026-08-19T15:34:56.375636787Z,2026-08-19T16:34:56.375636787Z,2026-08-19T16:16:50Z,0.117,Y,sensor_data
,,1,2026-08-19T15:34:56.375636787Z,2026-08-19T16:34:56.375636787Z,2026-08-19T16:16:51Z,0.097,Y,sensor_data
,,1,2026-08-19T15:34:56.375636787Z,2026-08-19T16:34:56.375636787Z,2026-08-19T16:16:55Z,0.097,Y,sensor_data
,,1,2026-08-19T15:34:56.375636787Z,2026-08-19T16:34:56.375636787Z,2026-08-19T16:16:56Z,0.099,Y,sensor_data
,,1,2026-08-19T15:34:56.375636787Z,2026-08-19T16:34:56.375636787Z,2026-08-19T16:16:57Z,0.097,Y,sensor_data
,,1,2026-08-19T15:34:56.375636787Z,2026-08-19T16:34:56.375636787Z,2026-08-19T16:16:58Z,0.099,Y,sensor_data
,,1,2026-08-19T15:34:56.375636787Z,2026-08-19T16:34:56.375636787Z,2026-08-19T16:16:59Z,0.098,Y,sensor_data
,,1,2026-08-19T15:34:56.375636787Z,2026-08-19T16:34:56.375636787Z,2026-08-19T16:17:00Z,0.096,Y,sensor_data
,,1,2026-08-19T15:34:56.375636787Z,2026-08-19T16:34:56.375636787Z,2026-08-19T16:17:01Z,0.094,Y,sensor_data
,,1,2026-08-19T15:34:56.375636787Z,2026-08-19T16:34:56.375636787Z,2026-08-19T16:17:02Z,0.095,Y,sensor_data
,,1,2026-08-19T15:34:56.375636787Z,2026-08-19T16:34:56.375636787Z,2026-08-19T16:17:03Z,0.094,Y,sensor_data
,,1,2026-08-19T15:34:56.375636787Z,2026-08-19T16:34:56.375636787Z,2026-08-19T16:17:04Z,0.094,Y,sensor_data
,,1,2026-08-19T15:34:56.375636787Z,2026-08-19T16:34:56.375636787Z,2026-08-19T16:17:05Z,0.097,Y,sensor_data
,,1,2026-08-19T15:34:56.375636787Z,2026-08-19T16:34:56.375636787Z,2026-08-19T16:17:06Z,0.097,Y,sensor_data
,,1,2026-08-19T15:34:56.375636787Z,2026-08-19T16:34:56.375636787Z,2026-08-19T16:17:07Z,0.095,Y,sensor_data
,,1,2026-08-19T15:34:56.375636787Z,2026-08-19T16:34:56.375636787Z,2026-08-19T16:17:08Z,0.095,Y,sensor_data
,,1,2026-08-19T15:34:56.375636787Z,2026-08-19T16:34:56.375636787Z,2026-08-19T16:17:09Z,0.096,Y,sensor_data
,,1,2026-08-19T15:34:56.375636787Z,2026-08-19T16:34:56.375636787Z,2026-08-19T16:17:10Z,0.097,Y,sensor_data
,,1,2026-08-19T15:34:56.375636787Z,2026-08-19T16:34:56.375636787Z,2026-08-19T16:17:11Z,0.095,Y,sensor_data
,,1,2026-08-19T15:34:56.375636787Z,2026-08-19T16:34:56.375636787Z,2026-08-19T16:17:12Z,0.094,Y,sensor_data
,,1,2026-08-19T15:34:56.375636787Z,2026-08-19T16:34:56.375636787Z,2026-08-19T16:17:13Z,0.097,Y,sensor_data
,,1,2026-08-19T15:34:56.375636787Z,2026-08-19T16:34:56.375636787Z,2026-08-19T16:17:14Z,0.098,Y,sensor_data
,,1,2026-08-19T15:34:56.375636787Z,2026-08-19T16:34:56.375636787Z,2026-08-19T16:17:15Z,0.096,Y,sensor_data
,,1,2026-08-19T15:34:56.375636787Z,2026-08-19T16:34:56.375636787Z,2026-08-19T16:17:24Z,0.097,Y,sensor_data
,,1,2026-08-19T15:34:56.375636787Z,2026-08-19T16:34:56.375636787Z,2026-08-19T16:17:25Z,0.097,Y,sensor_data
,,1,2026-08-19T15:34:56.375636787Z,2026-08-19T16:34:56.375636787Z,2026-08-19T16:17:26Z,0.095,Y,sensor_data
,,1,2026-08-19T15:34:56.375636787Z,2026-08-19T16:34:56.375636787Z,2026-08-19T16:17:27Z,0.095,Y,sensor_data
,,1,2026-08-19T15:34:56.375636787Z,2026-08-19T16:34:56.375636787Z,2026-08-19T16:17:28Z,0.099,Y,sensor_data
,,1,2026-08-19T15:34:56.375636787Z,2026-08-19T16:34:56.375636787Z,2026-08-19T16:17:29Z,0.098,Y,sensor_data
,,1,2026-08-19T15:34:56.375636787Z,2026-08-19T16:34:56.375636787Z,2026-08-19T16:17:30Z,0.096,Y,sensor_data
,,1,2026-08-19T15:34:56.375636787Z,2026-08-19T16:34:56.375636787Z,2026-08-19T16:17:31Z,0.097,Y,sensor_data
,,1,2026-08-19T15:34:56.375636787Z,2026-08-19T16:34:56.375636787Z,2026-08-19T16:17:32Z,0.099,Y,sensor_data
,,1,2026-08-19T15:34:56.375636787Z,2026-08-19T16:34:56.375636787Z,2026-08-19T16:17:33Z,0.093,Y,sensor_data
,,1,2026-08-19T15:34:56.375636787Z,2026-08-19T16:34:56.375636787Z,2026-08-19T16:17:34Z,0.099,Y,sensor_data
,,1,2026-08-19T15:34:56.375636787Z,2026-08-19T16:34:56.375636787Z,2026-08-19T16:17:35Z,0.099,Y,sensor_data
,,1,2026-08-19T15:34:56.375636787Z,2026-08-19T16:34:56.375636787Z,2026-08-19T16:17:36Z,0.099,Y,sensor_data
,,1,2026-08-19T15:34:56.375636787Z,2026-08-19T16:34:56.375636787Z,2026-08-19T16:17:37Z,0.097,Y,sensor_data
,,1,2026-08-19T15:34:56.375636787Z,2026-08-19T16:34:56.375636787Z,2026-08-19T16:17:38Z,0.097,Y,sensor_data
,,1,2026-08-19T15:34:56.375636787Z,2026-08-19T16:34:56.375636787Z,2026-08-19T16:17:39Z,0.097,Y,sensor_data
,,1,2026-08-19T15:34:56.375636787Z,2026-08-19T16:34:56.375636787Z,2026-08-19T16:17:40Z,0.098,Y,sensor_data
,,1,2026-08-19T15:34:56.375636787Z,2026-08-19T16:34:56.375636787Z,2026-08-19T16:17:41Z,0.098,Y,sensor_data
,,1,2026-08-19T15:34:56.375636787Z,2026-08-19T16:34:56.375636787Z,2026-08-19T16:17:42Z,0.094,Y,sensor_data
,,1,2026-08-19T15:34:56.375636787Z,2026-08-19T16:34:56.375636787Z,2026-08-19T16:17:43Z,0.093,Y,sensor_data
,,1,2026-08-19T15:34:56.375636787Z,2026-08-19T16:34:56.375636787Z,2026-08-19T16:17:44Z,0.094,Y,sensor_data
,,1,2026-08-19T15:34:56.375636787Z,2026-08-19T16:34:56.375636787Z,2026-08-19T16:17:45Z,0.097,Y,sensor_data
,,1,2026-08-19T15:34:56.375636787Z,2026-08-19T16:34:56.375636787Z,2026-08-19T16:17:46Z,0.095,Y,sensor_data
,,1,2026-08-19T15:34:56.375636787Z,2026-08-19T16:34:56.375636787Z,2026-08-19T16:17:47Z,0.096,Y,sensor_data
,,1,2026-08-19T15:34:56.375636787Z,2026-08-19T16:34:56.375636787Z,2026-08-19T16:17:48Z,0.096,Y,sensor_data
,,1,2026-08-19T15:34:56.375636787Z,2026-08-19T16:34:56.375636787Z,2026-08-19T16:17:49Z,0.095,Y,sensor_data
,,1,2026-08-19T15:34:56.375636787Z,2026-08-19T16:34:56.375636787Z,2026-08-19T16:17:50Z,0.1,Y,sensor_data
,,1,2026-08-19T15:34:56.375636787Z,2026-08-19T16:34:56.375636787Z,2026-08-19T16:17:51Z,0.098,Y,sensor_data
,,1,2026-08-19T15:34:56.375636787Z,2026-08-19T16:34:56.375636787Z,2026-08-19T16:17:52Z,0.095,Y,sensor_data
,,1,2026-08-19T15:34:56.375636787Z,2026-08-19T16:34:56.375636787Z,2026-08-19T16:17:53Z,0.095,Y,sensor_data
,,1,2026-08-19T15:34:56.375636787Z,2026-08-19T16:34:56.375636787Z,2026-08-19T16:17:54Z,0.095,Y,sensor_data
,,1,2026-08-19T15:34:56.375636787Z,2026-08-19T16:34:56.375636787Z,2026-08-19T16:17:55Z,0.096,Y,sensor_data
,,1,2026-08-19T15:34:56.375636787Z,2026-08-19T16:34:56.375636787Z,2026-08-19T16:17:56Z,0.095,Y,sensor_data
,,1,2026-08-19T15:34:56.375636787Z,2026-08-19T16:34:56.375636787Z,2026-08-19T16:17:57Z,0.095,Y,sensor_data
,,1,2026-08-19T15:34:56.375636787Z,2026-08-19T16:34:56.375636787Z,2026-08-19T16:17:58Z,0.095,Y,sensor_data
,,1,2026-08-19T15:34:56.375636787Z,2026-08-19T16:34:56.375636787Z,2026-08-19T16:17:59Z,0.097,Y,sensor_data
,,1,2026-08-19T15:34:56.375636787Z,2026-08-19T16:34:56.375636787Z,2026-08-19T16:18:00Z,0.096,Y,sensor_data
,,1,2026-08-19T15:34:56.375636787Z,2026-08-19T16:34:56.375636787Z,2026-08-19T16:18:01Z,0.096,Y,sensor_data
,,1,2026-08-19T15:34:56.375636787Z,2026-08-19T16:34:56.375636787Z,2026-08-19T16:18:02Z,0.099,Y,sensor_data
,,1,2026-08-19T15:34:56.375636787Z,2026-08-19T16:34:56.375636787Z,2026-08-19T16:18:03Z,0.099,Y,sensor_data
,,1,2026-08-19T15:34:56.375636787Z,2026-08-19T16:34:56.375636787Z,2026-08-19T16:18:04Z,0.099,Y,sensor_data
,,1,2026-08-19T15:34:56.375636787Z,2026-08-19T16:34:56.375636787Z,2026-08-19T16:18:05Z,0.095,Y,sensor_data
,,1,2026-08-19T15:34:56.375636787Z,2026-08-19T16:34:56.375636787Z,2026-08-19T16:18:06Z,0.099,Y,sensor_data
,,2,2026-08-19T15:34:56.375636787Z,2026-08-19T16:34:56.375636787Z,2026-08-19T15:49:40Z,0.979,Z,sensor_data
,,2,2026-08-19T15:34:56.375636787Z,2026-08-19T16:34:56.375636787Z,2026-08-19T15:49:41Z,0.979,Z,sensor_data
,,2,2026-08-19T15:34:56.375636787Z,2026-08-19T16:34:56.375636787Z,2026-08-19T15:49:42Z,0.98,Z,sensor_data
,,2,2026-08-19T15:34:56.375636787Z,2026-08-19T16:34:56.375636787Z,2026-08-19T15:49:43Z,0.979,Z,sensor_data
,,2,2026-08-19T15:34:56.375636787Z,2026-08-19T16:34:56.375636787Z,2026-08-19T15:49:44Z,0.978,Z,sensor_data
,,2,2026-08-19T15:34:56.375636787Z,2026-08-19T16:34:56.375636787Z,2026-08-19T15:49:45Z,0.979,Z,sensor_data
,,2,2026-08-19T15:34:56.375636787Z,2026-08-19T16:34:56.375636787Z,2026-08-19T15:49:46Z,0.979,Z,sensor_data
,,2,2026-08-19T15:34:56.375636787Z,2026-08-19T16:34:56.375636787Z,2026-08-19T15:49:47Z,0.979,Z,sensor_data
,,2,2026-08-19T15:34:56.375636787Z,2026-08-19T16:34:56.375636787Z,2026-08-19T15:49:48Z,0.978,Z,sensor_data
,,2,2026-08-19T15:34:56.375636787Z,2026-08-19T16:34:56.375636787Z,2026-08-19T15:49:49Z,0.979,Z,sensor_data
,,2,2026-08-19T15:34:56.375636787Z,2026-08-19T16:34:56.375636787Z,2026-08-19T15:49:50Z,0.975,Z,sensor_data
,,2,2026-08-19T15:34:56.375636787Z,2026-08-19T16:34:56.375636787Z,2026-08-19T15:49:51Z,0.978,Z,sensor_data
,,2,2026-08-19T15:34:56.375636787Z,2026-08-19T16:34:56.375636787Z,2026-08-19T15:49:52Z,0.979,Z,sensor_data
,,2,2026-08-19T15:34:56.375636787Z,2026-08-19T16:34:56.375636787Z,2026-08-19T15:49:53Z,0.981,Z,sensor_data
,,2,2026-08-19T15:34:56.375636787Z,2026-08-19T16:34:56.375636787Z,2026-08-19T15:49:54Z,0.979,Z,sensor_data
,,2,2026-08-19T15:34:56.375636787Z,2026-08-19T16:34:56.375636787Z,2026-08-19T15:49:55Z,0.979,Z,sensor_data
,,2,2026-08-19T15:34:56.375636787Z,2026-08-19T16:34:56.375636787Z,2026-08-19T15:49:56Z,0.979,Z,sensor_data
,,2,2026-08-19T15:34:56.375636787Z,2026-08-19T16:34:56.375636787Z,2026-08-19T15:49:57Z,0.979,Z,sensor_data
,,2,2026-08-19T15:34:56.375636787Z,2026-08-19T16:34:56.375636787Z,2026-08-19T15:49:58Z,0.978,Z,sensor_data
,,2,2026-08-19T15:34:56.375636787Z,2026-08-19T16:34:56.375636787Z,2026-08-19T15:49:59Z,0.978,Z,sensor_data
,,2,2026-08-19T15:34:56.375636787Z,2026-08-19T16:34:56.375636787Z,2026-08-19T15:50:00Z,0.98,Z,sensor_data
,,2,2026-08-19T15:34:56.375636787Z,2026-08-19T16:34:56.375636787Z,2026-08-19T15:50:04Z,0.979,Z,sensor_data
,,2,2026-08-19T15:34:56.375636787Z,2026-08-19T16:34:56.375636787Z,2026-08-19T15:50:05Z,0.98,Z,sensor_data
,,2,2026-08-19T15:34:56.375636787Z,2026-08-19T16:34:56.375636787Z,2026-08-19T15:50:06Z,0.98,Z,sensor_data
,,2,2026-08-19T15:34:56.375636787Z,2026-08-19T16:34:56.375636787Z,2026-08-19T15:50:07Z,0.978,Z,sensor_data
,,2,2026-08-19T15:34:56.375636787Z,2026-08-19T16:34:56.375636787Z,2026-08-19T15:50:08Z,0.979,Z,sensor_data
,,2,2026-08-19T15:34:56.375636787Z,2026-08-19T16:34:56.375636787Z,2026-08-19T15:50:09Z,0.978,Z,sensor_data
,,2,2026-08-19T15:34:56.375636787Z,2026-08-19T16:34:56.375636787Z,2026-08-19T15:50:10Z,0.98,Z,sensor_data
,,2,2026-08-19T15:34:56.375636787Z,2026-08-19T16:34:56.375636787Z,2026-08-19T15:50:11Z,0.979,Z,sensor_data
,,2,2026-08-19T15:34:56.375636787Z,2026-08-19T16:34:56.375636787Z,2026-08-19T15:50:12Z,0.979,Z,sensor_data
,,2,2026-08-19T15:34:56.375636787Z,2026-08-19T16:34:56.375636787Z,2026-08-19T15:50:13Z,0.979,Z,sensor_data
,,2,2026-08-19T15:34:56.375636787Z,2026-08-19T16:34:56.375636787Z,2026-08-19T15:50:14Z,0.979,Z,sensor_data
,,2,2026-08-19T15:34:56.375636787Z,2026-08-19T16:34:56.375636787Z,2026-08-19T15:50:15Z,0.977,Z,sensor_data
,,2,2026-08-19T15:34:56.375636787Z,2026-08-19T16:34:56.375636787Z,2026-08-19T15:50:16Z,0.979,Z,sensor_data
,,2,2026-08-19T15:34:56.375636787Z,2026-08-19T16:34:56.375636787Z,2026-08-19T15:50:17Z,0.979,Z,sensor_data
,,2,2026-08-19T15:34:56.375636787Z,2026-08-19T16:34:56.375636787Z,2026-08-19T15:50:18Z,0.978,Z,sensor_data
,,2,2026-08-19T15:34:56.375636787Z,2026-08-19T16:34:56.375636787Z,2026-08-19T15:50:19Z,0.978,Z,sensor_data
,,2,2026-08-19T15:34:56.375636787Z,2026-08-19T16:34:56.375636787Z,2026-08-19T15:50:20Z,0.978,Z,sensor_data
,,2,2026-08-19T15:34:56.375636787Z,2026-08-19T16:34:56.375636787Z,2026-08-19T15:50:21Z,0.977,Z,sensor_data
,,2,2026-08-19T15:34:56.375636787Z,2026-08-19T16:34:56.375636787Z,2026-08-19T15:50:22Z,0.977,Z,sensor_data
,,2,2026-08-19T15:34:56.375636787Z,2026-08-19T16:34:56.375636787Z,2026-08-19T15:50:23Z,0.978,Z,sensor_data
,,2,2026-08-19T15:34:56.375636787Z,2026-08-19T16:34:56.375636787Z,2026-08-19T15:50:24Z,0.978,Z,sensor_data
,,2,2026-08-19T15:34:56.375636787Z,2026-08-19T16:34:56.375636787Z,2026-08-19T15:50:25Z,0.978,Z,sensor_data
,,2,2026-08-19T15:34:56.375636787Z,2026-08-19T16:34:56.375636787Z,2026-08-19T15:50:26Z,0.979,Z,sensor_data
,,2,2026-08-19T15:34:56.375636787Z,2026-08-19T16:34:56.375636787Z,2026-08-19T15:50:27Z,0.979,Z,sensor_data
,,2,2026-08-19T15:34:56.375636787Z,2026-08-19T16:34:56.375636787Z,2026-08-19T15:50:28Z,0.979,Z,sensor_data
,,2,2026-08-19T15:34:56.375636787Z,2026-08-19T16:34:56.375636787Z,2026-08-19T15:50:29Z,0.979,Z,sensor_data
,,2,2026-08-19T15:34:56.375636787Z,2026-08-19T16:34:56.375636787Z,2026-08-19T15:50:30Z,0.978,Z,sensor_data
,,2,2026-08-19T15:34:56.375636787Z,2026-08-19T16:34:56.375636787Z,2026-08-19T15:50:31Z,0.865,Z,sensor_data
,,2,2026-08-19T15:34:56.375636787Z,2026-08-19T16:34:56.375636787Z,2026-08-19T15:50:32Z,0.302,Z,sensor_data
,,2,2026-08-19T15:34:56.375636787Z,2026-08-19T16:34:56.375636787Z,2026-08-19T15:50:33Z,0.396,Z,sensor_data
,,2,2026-08-19T15:34:56.375636787Z,2026-08-19T16:34:56.375636787Z,2026-08-19T15:50:34Z,0.22,Z,sensor_data
,,2,2026-08-19T15:34:56.375636787Z,2026-08-19T16:34:56.375636787Z,2026-08-19T15:50:35Z,0.333,Z,sensor_data
,,2,2026-08-19T15:34:56.375636787Z,2026-08-19T16:34:56.375636787Z,2026-08-19T15:50:36Z,0.212,Z,sensor_data
,,2,2026-08-19T15:34:56.375636787Z,2026-08-19T16:34:56.375636787Z,2026-08-19T15:50:37Z,0.23,Z,sensor_data
,,2,2026-08-19T15:34:56.375636787Z,2026-08-19T16:34:56.375636787Z,2026-08-19T15:50:38Z,-0.212,Z,sensor_data
,,2,2026-08-19T15:34:56.375636787Z,2026-08-19T16:34:56.375636787Z,2026-08-19T15:50:39Z,0.049,Z,sensor_data
,,2,2026-08-19T15:34:56.375636787Z,2026-08-19T16:34:56.375636787Z,2026-08-19T15:50:40Z,0.067,Z,sensor_data
,,2,2026-08-19T15:34:56.375636787Z,2026-08-19T16:34:56.375636787Z,2026-08-19T15:50:41Z,1.16,Z,sensor_data
,,2,2026-08-19T15:34:56.375636787Z,2026-08-19T16:34:56.375636787Z,2026-08-19T15:50:42Z,0.983,Z,sensor_data
,,2,2026-08-19T15:34:56.375636787Z,2026-08-19T16:34:56.375636787Z,2026-08-19T15:50:43Z,0.983,Z,sensor_data
,,2,2026-08-19T15:34:56.375636787Z,2026-08-19T16:34:56.375636787Z,2026-08-19T15:50:44Z,0.984,Z,sensor_data
,,2,2026-08-19T15:34:56.375636787Z,2026-08-19T16:34:56.375636787Z,2026-08-19T15:50:45Z,0.984,Z,sensor_data
,,2,2026-08-19T15:34:56.375636787Z,2026-08-19T16:34:56.375636787Z,2026-08-19T15:50:46Z,0.983,Z,sensor_data
,,2,2026-08-19T15:34:56.375636787Z,2026-08-19T16:34:56.375636787Z,2026-08-19T15:50:47Z,0.985,Z,sensor_data
,,2,2026-08-19T15:34:56.375636787Z,2026-08-19T16:34:56.375636787Z,2026-08-19T15:50:48Z,0.984,Z,sensor_data
,,2,2026-08-19T15:34:56.375636787Z,2026-08-19T16:34:56.375636787Z,2026-08-19T15:50:49Z,0.985,Z,sensor_data
,,2,2026-08-19T15:34:56.375636787Z,2026-08-19T16:34:56.375636787Z,2026-08-19T15:50:50Z,0.983,Z,sensor_data
,,2,2026-08-19T15:34:56.375636787Z,2026-08-19T16:34:56.375636787Z,2026-08-19T15:50:51Z,0.984,Z,sensor_data
,,2,2026-08-19T15:34:56.375636787Z,2026-08-19T16:34:56.375636787Z,2026-08-19T15:50:52Z,0.984,Z,sensor_data
,,2,2026-08-19T15:34:56.375636787Z,2026-08-19T16:34:56.375636787Z,2026-08-19T15:50:53Z,0.983,Z,sensor_data
,,2,2026-08-19T15:34:56.375636787Z,2026-08-19T16:34:56.375636787Z,2026-08-19T15:50:54Z,0.984,Z,sensor_data
,,2,2026-08-19T15:34:56.375636787Z,2026-08-19T16:34:56.375636787Z,2026-08-19T15:50:55Z,0.984,Z,sensor_data
,,2,2026-08-19T15:34:56.375636787Z,2026-08-19T16:34:56.375636787Z,2026-08-19T15:50:56Z,0.985,Z,sensor_data
,,2,2026-08-19T15:34:56.375636787Z,2026-08-19T16:34:56.375636787Z,2026-08-19T15:50:57Z,0.984,Z,sensor_data
,,2,2026-08-19T15:34:56.375636787Z,2026-08-19T16:34:56.375636787Z,2026-08-19T15:50:58Z,0.984,Z,sensor_data
,,2,2026-08-19T15:34:56.375636787Z,2026-08-19T16:34:56.375636787Z,2026-08-19T15:50:59Z,0.984,Z,sensor_data
,,2,2026-08-19T15:34:56.375636787Z,2026-08-19T16:34:56.375636787Z,2026-08-19T15:51:00Z,0.985,Z,sensor_data
,,2,2026-08-19T15:34:56.375636787Z,2026-08-19T16:34:56.375636787Z,2026-08-19T15:51:01Z,0.984,Z,sensor_data
,,2,2026-08-19T15:34:56.375636787Z,2026-08-19T16:34:56.375636787Z,2026-08-19T15:51:02Z,0.983,Z,sensor_data
,,2,2026-08-19T15:34:56.375636787Z,2026-08-19T16:34:56.375636787Z,2026-08-19T15:51:03Z,0.985,Z,sensor_data
,,2,2026-08-19T15:34:56.375636787Z,2026-08-19T16:34:56.375636787Z,2026-08-19T15:51:04Z,0.983,Z,sensor_data
,,2,2026-08-19T15:34:56.375636787Z,2026-08-19T16:34:56.375636787Z,2026-08-19T15:51:05Z,0.985,Z,sensor_data
,,2,2026-08-19T15:34:56.375636787Z,2026-08-19T16:34:56.375636787Z,2026-08-19T15:51:06Z,0.984,Z,sensor_data
,,2,2026-08-19T15:34:56.375636787Z,2026-08-19T16:34:56.375636787Z,2026-08-19T15:51:07Z,0.984,Z,sensor_data
,,2,2026-08-19T15:34:56.375636787Z,2026-08-19T16:34:56.375636787Z,2026-08-19T15:51:08Z,0.985,Z,sensor_data
,,2,2026-08-19T15:34:56.375636787Z,2026-08-19T16:34:56.375636787Z,2026-08-19T15:51:09Z,0.984,Z,sensor_data
,,2,2026-08-19T15:34:56.375636787Z,2026-08-19T16:34:56.375636787Z,2026-08-19T15:51:10Z,0.984,Z,sensor_data
,,2,2026-08-19T15:34:56.375636787Z,2026-08-19T16:34:56.375636787Z,2026-08-19T15:51:11Z,0.984,Z,sensor_data
,,2,2026-08-19T15:34:56.375636787Z,2026-08-19T16:34:56.375636787Z,2026-08-19T15:51:12Z,0.984,Z,sensor_data
,,2,2026-08-19T15:34:56.375636787Z,2026-08-19T16:34:56.375636787Z,2026-08-19T15:51:13Z,0.985,Z,sensor_data
,,2,2026-08-19T15:34:56.375636787Z,2026-08-19T16:34:56.375636787Z,2026-08-19T15:51:14Z,0.984,Z,sensor_data
,,2,2026-08-19T15:34:56.375636787Z,2026-08-19T16:34:56.375636787Z,2026-08-19T15:51:15Z,0.984,Z,sensor_data
,,2,2026-08-19T15:34:56.375636787Z,2026-08-19T16:34:56.375636787Z,2026-08-19T15:51:16Z,0.985,Z,sensor_data
,,2,2026-08-19T15:34:56.375636787Z,2026-08-19T16:34:56.375636787Z,2026-08-19T15:51:17Z,0.983,Z,sensor_data
,,2,2026-08-19T15:34:56.375636787Z,2026-08-19T16:34:56.375636787Z,2026-08-19T15:51:18Z,0.983,Z,sensor_data
,,2,2026-08-19T15:34:56.375636787Z,2026-08-19T16:34:56.375636787Z,2026-08-19T15:51:19Z,0.984,Z,sensor_data
,,2,2026-08-19T15:34:56.375636787Z,2026-08-19T16:34:56.375636787Z,2026-08-19T15:51:20Z,0.984,Z,sensor_data
,,2,2026-08-19T15:34:56.375636787Z,2026-08-19T16:34:56.375636787Z,2026-08-19T15:51:21Z,0.984,Z,sensor_data
,,2,2026-08-19T15:34:56.375636787Z,2026-08-19T16:34:56.375636787Z,2026-08-19T15:51:22Z,0.983,Z,sensor_data
,,2,2026-08-19T15:34:56.375636787Z,2026-08-19T16:34:56.375636787Z,2026-08-19T15:51:23Z,0.985,Z,sensor_data
,,2,2026-08-19T15:34:56.375636787Z,2026-08-19T16:34:56.375636787Z,2026-08-19T15:51:24Z,0.985,Z,sensor_data
,,2,2026-08-19T15:34:56.375636787Z,2026-08-19T16:34:56.375636787Z,2026-08-19T15:51:44Z,0.983,Z,sensor_data
,,2,2026-08-19T15:34:56.375636787Z,2026-08-19T16:34:56.375636787Z,2026-08-19T15:51:45Z,0.572,Z,sensor_data
,,2,2026-08-19T15:34:56.375636787Z,2026-08-19T16:34:56.375636787Z,2026-08-19T15:51:46Z,1.018,Z,sensor_data
,,2,2026-08-19T15:34:56.375636787Z,2026-08-19T16:34:56.375636787Z,2026-08-19T15:51:47Z,0.987,Z,sensor_data
,,2,2026-08-19T15:34:56.375636787Z,2026-08-19T16:34:56.375636787Z,2026-08-19T15:51:48Z,0.989,Z,sensor_data
,,2,2026-08-19T15:34:56.375636787Z,2026-08-19T16:34:56.375636787Z,2026-08-19T15:51:49Z,0.989,Z,sensor_data
,,2,2026-08-19T15:34:56.375636787Z,2026-08-19T16:34:56.375636787Z,2026-08-19T15:51:50Z,0.966,Z,sensor_data
,,2,2026-08-19T15:34:56.375636787Z,2026-08-19T16:34:56.375636787Z,2026-08-19T15:51:51Z,1,Z,sensor_data
,,2,2026-08-19T15:34:56.375636787Z,2026-08-19T16:34:56.375636787Z,2026-08-19T15:51:52Z,0.82,Z,sensor_data
,,2,2026-08-19T15:34:56.375636787Z,2026-08-19T16:34:56.375636787Z,2026-08-19T15:51:53Z,0.964,Z,sensor_data
,,2,2026-08-19T15:34:56.375636787Z,2026-08-19T16:34:56.375636787Z,2026-08-19T15:51:54Z,0.96,Z,sensor_data
,,2,2026-08-19T15:34:56.375636787Z,2026-08-19T16:34:56.375636787Z,2026-08-19T15:51:55Z,0.958,Z,sensor_data
,,2,2026-08-19T15:34:56.375636787Z,2026-08-19T16:34:56.375636787Z,2026-08-19T15:51:56Z,0.984,Z,sensor_data
,,2,2026-08-19T15:34:56.375636787Z,2026-08-19T16:34:56.375636787Z,2026-08-19T15:51:57Z,0.945,Z,sensor_data
,,2,2026-08-19T15:34:56.375636787Z,2026-08-19T16:34:56.375636787Z,2026-08-19T15:51:58Z,0.99,Z,sensor_data
,,2,2026-08-19T15:34:56.375636787Z,2026-08-19T16:34:56.375636787Z,2026-08-19T15:51:59Z,0.986,Z,sensor_data
,,2,2026-08-19T15:34:56.375636787Z,2026-08-19T16:34:56.375636787Z,2026-08-19T15:52:41Z,0.988,Z,sensor_data
,,2,2026-08-19T15:34:56.375636787Z,2026-08-19T16:34:56.375636787Z,2026-08-19T15:52:42Z,0.988,Z,sensor_data
,,2,2026-08-19T15:34:56.375636787Z,2026-08-19T16:34:56.375636787Z,2026-08-19T15:52:43Z,0.989,Z,sensor_data
,,2,2026-08-19T15:34:56.375636787Z,2026-08-19T16:34:56.375636787Z,2026-08-19T15:52:44Z,0.988,Z,sensor_data
,,2,2026-08-19T15:34:56.375636787Z,2026-08-19T16:34:56.375636787Z,2026-08-19T15:52:45Z,0.988,Z,sensor_data
,,2,2026-08-19T15:34:56.375636787Z,2026-08-19T16:34:56.375636787Z,2026-08-19T15:52:46Z,0.991,Z,sensor_data
,,2,2026-08-19T15:34:56.375636787Z,2026-08-19T16:34:56.375636787Z,2026-08-19T15:52:47Z,0.999,Z,sensor_data
,,2,2026-08-19T15:34:56.375636787Z,2026-08-19T16:34:56.375636787Z,2026-08-19T15:52:48Z,0.989,Z,sensor_data
,,2,2026-08-19T15:34:56.375636787Z,2026-08-19T16:34:56.375636787Z,2026-08-19T15:52:49Z,0.989,Z,sensor_data
,,2,2026-08-19T15:34:56.375636787Z,2026-08-19T16:34:56.375636787Z,2026-08-19T15:52:50Z,0.989,Z,sensor_data
,,2,2026-08-19T15:34:56.375636787Z,2026-08-19T16:34:56.375636787Z,2026-08-19T15:52:51Z,0.99,Z,sensor_data
,,2,2026-08-19T15:34:56.375636787Z,2026-08-19T16:34:56.375636787Z,2026-08-19T15:52:52Z,0.989,Z,sensor_data
,,2,2026-08-19T15:34:56.375636787Z,2026-08-19T16:34:56.375636787Z,2026-08-19T15:52:53Z,0.989,Z,sensor_data
,,2,2026-08-19T15:34:56.375636787Z,2026-08-19T16:34:56.375636787Z,2026-08-19T15:52:54Z,0.988,Z,sensor_data
,,2,2026-08-19T15:34:56.375636787Z,2026-08-19T16:34:56.375636787Z,2026-08-19T15:52:55Z,0.99,Z,sensor_data
,,2,2026-08-19T15:34:56.375636787Z,2026-08-19T16:34:56.375636787Z,2026-08-19T15:52:56Z,0.989,Z,sensor_data
,,2,2026-08-19T15:34:56.375636787Z,2026-08-19T16:34:56.375636787Z,2026-08-19T15:52:57Z,0.989,Z,sensor_data
,,2,2026-08-19T15:34:56.375636787Z,2026-08-19T16:34:56.375636787Z,2026-08-19T15:52:58Z,0.989,Z,sensor_data
,,2,2026-08-19T15:34:56.375636787Z,2026-08-19T16:34:56.375636787Z,2026-08-19T15:52:59Z,0.996,Z,sensor_data
,,2,2026-08-19T15:34:56.375636787Z,2026-08-19T16:34:56.375636787Z,2026-08-19T15:53:00Z,0.989,Z,sensor_data
,,2,2026-08-19T15:34:56.375636787Z,2026-08-19T16:34:56.375636787Z,2026-08-19T15:53:01Z,0.99,Z,sensor_data
,,2,2026-08-19T15:34:56.375636787Z,2026-08-19T16:34:56.375636787Z,2026-08-19T15:53:02Z,0.981,Z,sensor_data
,,2,2026-08-19T15:34:56.375636787Z,2026-08-19T16:34:56.375636787Z,2026-08-19T15:53:03Z,0.989,Z,sensor_data
,,2,2026-08-19T15:34:56.375636787Z,2026-08-19T16:34:56.375636787Z,2026-08-19T15:53:04Z,1.001,Z,sensor_data
,,2,2026-08-19T15:34:56.375636787Z,2026-08-19T16:34:56.375636787Z,2026-08-19T15:53:05Z,0.979,Z,sensor_data
,,2,2026-08-19T15:34:56.375636787Z,2026-08-19T16:34:56.375636787Z,2026-08-19T15:53:06Z,0.989,Z,sensor_data
,,2,2026-08-19T15:34:56.375636787Z,2026-08-19T16:34:56.375636787Z,2026-08-19T15:53:07Z,0.99,Z,sensor_data
,,2,2026-08-19T15:34:56.375636787Z,2026-08-19T16:34:56.375636787Z,2026-08-19T15:53:08Z,0.993,Z,sensor_data
,,2,2026-08-19T15:34:56.375636787Z,2026-08-19T16:34:56.375636787Z,2026-08-19T15:53:09Z,0.988,Z,sensor_data
,,2,2026-08-19T15:34:56.375636787Z,2026-08-19T16:34:56.375636787Z,2026-08-19T15:53:10Z,0.989,Z,sensor_data
,,2,2026-08-19T15:34:56.375636787Z,2026-08-19T16:34:56.375636787Z,2026-08-19T15:53:11Z,0.994,Z,sensor_data
,,2,2026-08-19T15:34:56.375636787Z,2026-08-19T16:34:56.375636787Z,2026-08-19T15:53:12Z,0.989,Z,sensor_data
,,2,2026-08-19T15:34:56.375636787Z,2026-08-19T16:34:56.375636787Z,2026-08-19T15:53:13Z,0.993,Z,sensor_data
,,2,2026-08-19T15:34:56.375636787Z,2026-08-19T16:34:56.375636787Z,2026-08-19T15:53:14Z,0.991,Z,sensor_data
,,2,2026-08-19T15:34:56.375636787Z,2026-08-19T16:34:56.375636787Z,2026-08-19T15:53:15Z,0.99,Z,sensor_data
,,2,2026-08-19T15:34:56.375636787Z,2026-08-19T16:34:56.375636787Z,2026-08-19T15:53:16Z,0.989,Z,sensor_data
,,2,2026-08-19T15:34:56.375636787Z,2026-08-19T16:34:56.375636787Z,2026-08-19T15:53:17Z,0.989,Z,sensor_data
,,2,2026-08-19T15:34:56.375636787Z,2026-08-19T16:34:56.375636787Z,2026-08-19T15:53:18Z,0.99,Z,sensor_data
,,2,2026-08-19T15:34:56.375636787Z,2026-08-19T16:34:56.375636787Z,2026-08-19T15:53:19Z,0.988,Z,sensor_data
,,2,2026-08-19T15:34:56.375636787Z,2026-08-19T16:34:56.375636787Z,2026-08-19T15:53:20Z,0.988,Z,sensor_data
,,2,2026-08-19T15:34:56.375636787Z,2026-08-19T16:34:56.375636787Z,2026-08-19T15:53:21Z,0.988,Z,sensor_data
,,2,2026-08-19T15:34:56.375636787Z,2026-08-19T16:34:56.375636787Z,2026-08-19T15:53:22Z,0.989,Z,sensor_data
,,2,2026-08-19T15:34:56.375636787Z,2026-08-19T16:34:56.375636787Z,2026-08-19T15:53:23Z,0.989,Z,sensor_data
,,2,2026-08-19T15:34:56.375636787Z,2026-08-19T16:34:56.375636787Z,2026-08-19T15:53:24Z,0.989,Z,sensor_data
,,2,2026-08-19T15:34:56.375636787Z,2026-08-19T16:34:56.375636787Z,2026-08-19T15:53:25Z,0.989,Z,sensor_data
,,2,2026-08-19T15:34:56.375636787Z,2026-08-19T16:34:56.375636787Z,2026-08-19T15:53:26Z,0.99,Z,sensor_data
,,2,2026-08-19T15:34:56.375636787Z,2026-08-19T16:34:56.375636787Z,2026-08-19T15:53:27Z,0.989,Z,sensor_data
,,2,2026-08-19T15:34:56.375636787Z,2026-08-19T16:34:56.375636787Z,2026-08-19T15:53:28Z,0.989,Z,sensor_data
,,2,2026-08-19T15:34:56.375636787Z,2026-08-19T16:34:56.375636787Z,2026-08-19T15:53:29Z,0.988,Z,sensor_data
,,2,2026-08-19T15:34:56.375636787Z,2026-08-19T16:34:56.375636787Z,2026-08-19T15:53:30Z,0.988,Z,sensor_data
,,2,2026-08-19T15:34:56.375636787Z,2026-08-19T16:34:56.375636787Z,2026-08-19T15:53:31Z,0.987,Z,sensor_data
,,2,2026-08-19T15:34:56.375636787Z,2026-08-19T16:34:56.375636787Z,2026-08-19T15:53:32Z,0.988,Z,sensor_data
,,2,2026-08-19T15:34:56.375636787Z,2026-08-19T16:34:56.375636787Z,2026-08-19T15:53:33Z,0.99,Z,sensor_data
,,2,2026-08-19T15:34:56.375636787Z,2026-08-19T16:34:56.375636787Z,2026-08-19T15:53:34Z,0.988,Z,sensor_data
,,2,2026-08-19T15:34:56.375636787Z,2026-08-19T16:34:56.375636787Z,2026-08-19T15:53:35Z,0.989,Z,sensor_data
,,2,2026-08-19T15:34:56.375636787Z,2026-08-19T16:34:56.375636787Z,2026-08-19T15:53:36Z,0.989,Z,sensor_data
,,2,2026-08-19T15:34:56.375636787Z,2026-08-19T16:34:56.375636787Z,2026-08-19T15:53:37Z,0.989,Z,sensor_data
,,2,2026-08-19T15:34:56.375636787Z,2026-08-19T16:34:56.375636787Z,2026-08-19T15:53:38Z,0.988,Z,sensor_data
,,2,2026-08-19T15:34:56.375636787Z,2026-08-19T16:34:56.375636787Z,2026-08-19T15:53:39Z,0.989,Z,sensor_data
,,2,2026-08-19T15:34:56.375636787Z,2026-08-19T16:34:56.375636787Z,2026-08-19T15:53:40Z,0.988,Z,sensor_data
,,2,2026-08-19T15:34:56.375636787Z,2026-08-19T16:34:56.375636787Z,2026-08-19T15:53:41Z,0.989,Z,sensor_data
,,2,2026-08-19T15:34:56.375636787Z,2026-08-19T16:34:56.375636787Z,2026-08-19T15:53:42Z,0.989,Z,sensor_data
,,2,2026-08-19T15:34:56.375636787Z,2026-08-19T16:34:56.375636787Z,2026-08-19T15:53:43Z,0.989,Z,sensor_data
,,2,2026-08-19T15:34:56.375636787Z,2026-08-19T16:34:56.375636787Z,2026-08-19T15:53:44Z,0.989,Z,sensor_data
,,2,2026-08-19T15:34:56.375636787Z,2026-08-19T16:34:56.375636787Z,2026-08-19T15:53:45Z,0.989,Z,sensor_data
,,2,2026-08-19T15:34:56.375636787Z,2026-08-19T16:34:56.375636787Z,2026-08-19T15:53:46Z,0.989,Z,sensor_data
,,2,2026-08-19T15:34:56.375636787Z,2026-08-19T16:34:56.375636787Z,2026-08-19T15:53:47Z,0.989,Z,sensor_data
,,2,2026-08-19T15:34:56.375636787Z,2026-08-19T16:34:56.375636787Z,2026-08-19T15:53:48Z,0.99,Z,sensor_data
,,2,2026-08-19T15:34:56.375636787Z,2026-08-19T16:34:56.375636787Z,2026-08-19T15:53:49Z,0.989,Z,sensor_data
,,2,2026-08-19T15:34:56.375636787Z,2026-08-19T16:34:56.375636787Z,2026-08-19T15:53:50Z,0.988,Z,sensor_data
,,2,2026-08-19T15:34:56.375636787Z,2026-08-19T16:34:56.375636787Z,2026-08-19T15:53:51Z,0.99,Z,sensor_data
,,2,2026-08-19T15:34:56.375636787Z,2026-08-19T16:34:56.375636787Z,2026-08-19T15:54:13Z,0.988,Z,sensor_data
,,2,2026-08-19T15:34:56.375636787Z,2026-08-19T16:34:56.375636787Z,2026-08-19T15:54:14Z,0.99,Z,sensor_data
,,2,2026-08-19T15:34:56.375636787Z,2026-08-19T16:34:56.375636787Z,2026-08-19T15:54:15Z,0.989,Z,sensor_data
,,2,2026-08-19T15:34:56.375636787Z,2026-08-19T16:34:56.375636787Z,2026-08-19T15:54:16Z,0.989,Z,sensor_data
,,2,2026-08-19T15:34:56.375636787Z,2026-08-19T16:34:56.375636787Z,2026-08-19T15:54:17Z,0.988,Z,sensor_data
,,2,2026-08-19T15:34:56.375636787Z,2026-08-19T16:34:56.375636787Z,2026-08-19T15:54:21Z,0.988,Z,sensor_data
,,2,2026-08-19T15:34:56.375636787Z,2026-08-19T16:34:56.375636787Z,2026-08-19T15:54:22Z,0.988,Z,sensor_data
,,2,2026-08-19T15:34:56.375636787Z,2026-08-19T16:34:56.375636787Z,2026-08-19T15:54:23Z,0.988,Z,sensor_data
,,2,2026-08-19T15:34:56.375636787Z,2026-08-19T16:34:56.375636787Z,2026-08-19T15:54:24Z,0.989,Z,sensor_data
,,2,2026-08-19T15:34:56.375636787Z,2026-08-19T16:34:56.375636787Z,2026-08-19T15:54:25Z,0.989,Z,sensor_data
,,2,2026-08-19T15:34:56.375636787Z,2026-08-19T16:34:56.375636787Z,2026-08-19T15:54:26Z,0.986,Z,sensor_data
,,2,2026-08-19T15:34:56.375636787Z,2026-08-19T16:34:56.375636787Z,2026-08-19T15:54:27Z,0.988,Z,sensor_data
,,2,2026-08-19T15:34:56.375636787Z,2026-08-19T16:34:56.375636787Z,2026-08-19T15:54:28Z,0.99,Z,sensor_data
,,2,2026-08-19T15:34:56.375636787Z,2026-08-19T16:34:56.375636787Z,2026-08-19T15:54:29Z,0.991,Z,sensor_data
,,2,2026-08-19T15:34:56.375636787Z,2026-08-19T16:34:56.375636787Z,2026-08-19T15:54:30Z,0.99,Z,sensor_data
,,2,2026-08-19T15:34:56.375636787Z,2026-08-19T16:34:56.375636787Z,2026-08-19T15:54:31Z,0.979,Z,sensor_data
,,2,2026-08-19T15:34:56.375636787Z,2026-08-19T16:34:56.375636787Z,2026-08-19T15:54:32Z,0.98,Z,sensor_data
,,2,2026-08-19T15:34:56.375636787Z,2026-08-19T16:34:56.375636787Z,2026-08-19T15:54:33Z,0.978,Z,sensor_data
,,2,2026-08-19T15:34:56.375636787Z,2026-08-19T16:34:56.375636787Z,2026-08-19T15:54:34Z,0.979,Z,sensor_data
,,2,2026-08-19T15:34:56.375636787Z,2026-08-19T16:34:56.375636787Z,2026-08-19T15:54:35Z,0.978,Z,sensor_data
,,2,2026-08-19T15:34:56.375636787Z,2026-08-19T16:34:56.375636787Z,2026-08-19T15:54:36Z,0.98,Z,sensor_data
,,2,2026-08-19T15:34:56.375636787Z,2026-08-19T16:34:56.375636787Z,2026-08-19T15:54:37Z,0.979,Z,sensor_data
,,2,2026-08-19T15:34:56.375636787Z,2026-08-19T16:34:56.375636787Z,2026-08-19T15:54:39Z,0.978,Z,sensor_data
,,2,2026-08-19T15:34:56.375636787Z,2026-08-19T16:34:56.375636787Z,2026-08-19T15:54:40Z,0.979,Z,sensor_data
,,2,2026-08-19T15:34:56.375636787Z,2026-08-19T16:34:56.375636787Z,2026-08-19T15:54:41Z,0.979,Z,sensor_data
,,2,2026-08-19T15:34:56.375636787Z,2026-08-19T16:34:56.375636787Z,2026-08-19T15:54:42Z,0.98,Z,sensor_data
,,2,2026-08-19T15:34:56.375636787Z,2026-08-19T16:34:56.375636787Z,2026-08-19T15:54:43Z,0.979,Z,sensor_data
,,2,2026-08-19T15:34:56.375636787Z,2026-08-19T16:34:56.375636787Z,2026-08-19T15:54:44Z,0.979,Z,sensor_data
,,2,2026-08-19T15:34:56.375636787Z,2026-08-19T16:34:56.375636787Z,2026-08-19T15:54:45Z,0.979,Z,sensor_data
,,2,2026-08-19T15:34:56.375636787Z,2026-08-19T16:34:56.375636787Z,2026-08-19T15:54:46Z,0.979,Z,sensor_data
,,2,2026-08-19T15:34:56.375636787Z,2026-08-19T16:34:56.375636787Z,2026-08-19T15:54:47Z,0.98,Z,sensor_data
,,2,2026-08-19T15:34:56.375636787Z,2026-08-19T16:34:56.375636787Z,2026-08-19T15:54:48Z,0.979,Z,sensor_data
,,2,2026-08-19T15:34:56.375636787Z,2026-08-19T16:34:56.375636787Z,2026-08-19T15:54:49Z,0.979,Z,sensor_data
,,2,2026-08-19T15:34:56.375636787Z,2026-08-19T16:34:56.375636787Z,2026-08-19T15:54:50Z,0.977,Z,sensor_data
,,2,2026-08-19T15:34:56.375636787Z,2026-08-19T16:34:56.375636787Z,2026-08-19T15:54:51Z,0.979,Z,sensor_data
,,2,2026-08-19T15:34:56.375636787Z,2026-08-19T16:34:56.375636787Z,2026-08-19T15:54:52Z,0.979,Z,sensor_data
,,2,2026-08-19T15:34:56.375636787Z,2026-08-19T16:34:56.375636787Z,2026-08-19T15:54:53Z,0.978,Z,sensor_data
,,2,2026-08-19T15:34:56.375636787Z,2026-08-19T16:34:56.375636787Z,2026-08-19T15:54:54Z,0.979,Z,sensor_data
,,2,2026-08-19T15:34:56.375636787Z,2026-08-19T16:34:56.375636787Z,2026-08-19T15:54:55Z,0.979,Z,sensor_data
,,2,2026-08-19T15:34:56.375636787Z,2026-08-19T16:34:56.375636787Z,2026-08-19T15:54:56Z,0.979,Z,sensor_data
,,2,2026-08-19T15:34:56.375636787Z,2026-08-19T16:34:56.375636787Z,2026-08-19T15:54:57Z,0.979,Z,sensor_data
,,2,2026-08-19T15:34:56.375636787Z,2026-08-19T16:34:56.375636787Z,2026-08-19T15:54:58Z,0.979,Z,sensor_data
,,2,2026-08-19T15:34:56.375636787Z,2026-08-19T16:34:56.375636787Z,2026-08-19T15:54:59Z,0.978,Z,sensor_data
,,2,2026-08-19T15:34:56.375636787Z,2026-08-19T16:34:56.375636787Z,2026-08-19T15:55:00Z,0.979,Z,sensor_data
,,2,2026-08-19T15:34:56.375636787Z,2026-08-19T16:34:56.375636787Z,2026-08-19T15:55:01Z,0.979,Z,sensor_data
,,2,2026-08-19T15:34:56.375636787Z,2026-08-19T16:34:56.375636787Z,2026-08-19T15:55:02Z,0.979,Z,sensor_data
,,2,2026-08-19T15:34:56.375636787Z,2026-08-19T16:34:56.375636787Z,2026-08-19T15:55:03Z,0.978,Z,sensor_data
,,2,2026-08-19T15:34:56.375636787Z,2026-08-19T16:34:56.375636787Z,2026-08-19T15:55:04Z,0.979,Z,sensor_data
,,2,2026-08-19T15:34:56.375636787Z,2026-08-19T16:34:56.375636787Z,2026-08-19T15:55:05Z,0.978,Z,sensor_data
,,2,2026-08-19T15:34:56.375636787Z,2026-08-19T16:34:56.375636787Z,2026-08-19T15:55:06Z,0.98,Z,sensor_data
,,2,2026-08-19T15:34:56.375636787Z,2026-08-19T16:34:56.375636787Z,2026-08-19T15:55:07Z,0.978,Z,sensor_data
,,2,2026-08-19T15:34:56.375636787Z,2026-08-19T16:34:56.375636787Z,2026-08-19T15:55:08Z,0.979,Z,sensor_data
,,2,2026-08-19T15:34:56.375636787Z,2026-08-19T16:34:56.375636787Z,2026-08-19T15:55:09Z,0.979,Z,sensor_data
,,2,2026-08-19T15:34:56.375636787Z,2026-08-19T16:34:56.375636787Z,2026-08-19T15:55:10Z,0.979,Z,sensor_data
,,2,2026-08-19T15:34:56.375636787Z,2026-08-19T16:34:56.375636787Z,2026-08-19T15:55:11Z,0.978,Z,sensor_data
,,2,2026-08-19T15:34:56.375636787Z,2026-08-19T16:34:56.375636787Z,2026-08-19T15:55:12Z,0.979,Z,sensor_data
,,2,2026-08-19T15:34:56.375636787Z,2026-08-19T16:34:56.375636787Z,2026-08-19T15:55:13Z,0.979,Z,sensor_data
,,2,2026-08-19T15:34:56.375636787Z,2026-08-19T16:34:56.375636787Z,2026-08-19T15:55:14Z,0.978,Z,sensor_data
,,2,2026-08-19T15:34:56.375636787Z,2026-08-19T16:34:56.375636787Z,2026-08-19T15:55:15Z,0.978,Z,sensor_data
,,2,2026-08-19T15:34:56.375636787Z,2026-08-19T16:34:56.375636787Z,2026-08-19T15:55:16Z,0.98,Z,sensor_data
,,2,2026-08-19T15:34:56.375636787Z,2026-08-19T16:34:56.375636787Z,2026-08-19T15:55:17Z,0.979,Z,sensor_data
,,2,2026-08-19T15:34:56.375636787Z,2026-08-19T16:34:56.375636787Z,2026-08-19T15:55:18Z,0.978,Z,sensor_data
,,2,2026-08-19T15:34:56.375636787Z,2026-08-19T16:34:56.375636787Z,2026-08-19T15:55:19Z,0.98,Z,sensor_data
,,2,2026-08-19T15:34:56.375636787Z,2026-08-19T16:34:56.375636787Z,2026-08-19T15:55:20Z,0.979,Z,sensor_data
,,2,2026-08-19T15:34:56.375636787Z,2026-08-19T16:34:56.375636787Z,2026-08-19T15:55:21Z,0.979,Z,sensor_data
,,2,2026-08-19T15:34:56.375636787Z,2026-08-19T16:34:56.375636787Z,2026-08-19T15:55:22Z,0.978,Z,sensor_data
,,2,2026-08-19T15:34:56.375636787Z,2026-08-19T16:34:56.375636787Z,2026-08-19T15:55:23Z,0.978,Z,sensor_data
,,2,2026-08-19T15:34:56.375636787Z,2026-08-19T16:34:56.375636787Z,2026-08-19T15:55:24Z,0.98,Z,sensor_data
,,2,2026-08-19T15:34:56.375636787Z,2026-08-19T16:34:56.375636787Z,2026-08-19T15:55:25Z,0.98,Z,sensor_data
,,2,2026-08-19T15:34:56.375636787Z,2026-08-19T16:34:56.375636787Z,2026-08-19T15:55:26Z,0.978,Z,sensor_data
,,2,2026-08-19T15:34:56.375636787Z,2026-08-19T16:34:56.375636787Z,2026-08-19T15:55:27Z,0.974,Z,sensor_data
,,2,2026-08-19T15:34:56.375636787Z,2026-08-19T16:34:56.375636787Z,2026-08-19T15:55:28Z,0.978,Z,sensor_data
,,2,2026-08-19T15:34:56.375636787Z,2026-08-19T16:34:56.375636787Z,2026-08-19T15:55:29Z,0.977,Z,sensor_data
,,2,2026-08-19T15:34:56.375636787Z,2026-08-19T16:34:56.375636787Z,2026-08-19T15:55:30Z,0.981,Z,sensor_data
,,2,2026-08-19T15:34:56.375636787Z,2026-08-19T16:34:56.375636787Z,2026-08-19T15:55:31Z,0.979,Z,sensor_data
,,2,2026-08-19T15:34:56.375636787Z,2026-08-19T16:34:56.375636787Z,2026-08-19T15:55:32Z,0.978,Z,sensor_data
,,2,2026-08-19T15:34:56.375636787Z,2026-08-19T16:34:56.375636787Z,2026-08-19T15:55:33Z,0.978,Z,sensor_data
,,2,2026-08-19T15:34:56.375636787Z,2026-08-19T16:34:56.375636787Z,2026-08-19T15:55:34Z,0.977,Z,sensor_data
,,2,2026-08-19T15:34:56.375636787Z,2026-08-19T16:34:56.375636787Z,2026-08-19T15:55:35Z,0.979,Z,sensor_data
,,2,2026-08-19T15:34:56.375636787Z,2026-08-19T16:34:56.375636787Z,2026-08-19T15:55:36Z,0.98,Z,sensor_data
,,2,2026-08-19T15:34:56.375636787Z,2026-08-19T16:34:56.375636787Z,2026-08-19T15:55:37Z,0.983,Z,sensor_data
,,2,2026-08-19T15:34:56.375636787Z,2026-08-19T16:34:56.375636787Z,2026-08-19T15:55:38Z,0.979,Z,sensor_data
,,2,2026-08-19T15:34:56.375636787Z,2026-08-19T16:34:56.375636787Z,2026-08-19T15:55:39Z,0.978,Z,sensor_data
,,2,2026-08-19T15:34:56.375636787Z,2026-08-19T16:34:56.375636787Z,2026-08-19T15:55:40Z,0.991,Z,sensor_data
,,2,2026-08-19T15:34:56.375636787Z,2026-08-19T16:34:56.375636787Z,2026-08-19T15:55:41Z,0.977,Z,sensor_data
,,2,2026-08-19T15:34:56.375636787Z,2026-08-19T16:34:56.375636787Z,2026-08-19T15:55:42Z,0.977,Z,sensor_data
,,2,2026-08-19T15:34:56.375636787Z,2026-08-19T16:34:56.375636787Z,2026-08-19T15:55:43Z,0.979,Z,sensor_data
,,2,2026-08-19T15:34:56.375636787Z,2026-08-19T16:34:56.375636787Z,2026-08-19T15:55:44Z,0.978,Z,sensor_data
,,2,2026-08-19T15:34:56.375636787Z,2026-08-19T16:34:56.375636787Z,2026-08-19T15:55:45Z,0.978,Z,sensor_data
,,2,2026-08-19T15:34:56.375636787Z,2026-08-19T16:34:56.375636787Z,2026-08-19T15:55:46Z,0.978,Z,sensor_data
,,2,2026-08-19T15:34:56.375636787Z,2026-08-19T16:34:56.375636787Z,2026-08-19T15:55:47Z,0.977,Z,sensor_data
,,2,2026-08-19T15:34:56.375636787Z,2026-08-19T16:34:56.375636787Z,2026-08-19T15:55:48Z,0.979,Z,sensor_data
,,2,2026-08-19T15:34:56.375636787Z,2026-08-19T16:34:56.375636787Z,2026-08-19T15:55:49Z,0.981,Z,sensor_data
,,2,2026-08-19T15:34:56.375636787Z,2026-08-19T16:34:56.375636787Z,2026-08-19T15:55:50Z,0.978,Z,sensor_data
,,2,2026-08-19T15:34:56.375636787Z,2026-08-19T16:34:56.375636787Z,2026-08-19T15:55:51Z,0.981,Z,sensor_data
,,2,2026-08-19T15:34:56.375636787Z,2026-08-19T16:34:56.375636787Z,2026-08-19T15:55:52Z,0.983,Z,sensor_data
,,2,2026-08-19T15:34:56.375636787Z,2026-08-19T16:34:56.375636787Z,2026-08-19T15:55:53Z,0.979,Z,sensor_data
,,2,2026-08-19T15:34:56.375636787Z,2026-08-19T16:34:56.375636787Z,2026-08-19T15:55:54Z,0.984,Z,sensor_data
,,2,2026-08-19T15:34:56.375636787Z,2026-08-19T16:34:56.375636787Z,2026-08-19T15:55:55Z,0.979,Z,sensor_data
,,2,2026-08-19T15:34:56.375636787Z,2026-08-19T16:34:56.375636787Z,2026-08-19T15:55:56Z,0.979,Z,sensor_data
,,2,2026-08-19T15:34:56.375636787Z,2026-08-19T16:34:56.375636787Z,2026-08-19T15:55:57Z,0.979,Z,sensor_data
,,2,2026-08-19T15:34:56.375636787Z,2026-08-19T16:34:56.375636787Z,2026-08-19T15:55:58Z,0.978,Z,sensor_data
,,2,2026-08-19T15:34:56.375636787Z,2026-08-19T16:34:56.375636787Z,2026-08-19T15:55:59Z,0.983,Z,sensor_data
,,2,2026-08-19T15:34:56.375636787Z,2026-08-19T16:34:56.375636787Z,2026-08-19T15:56:00Z,0.979,Z,sensor_data
,,2,2026-08-19T15:34:56.375636787Z,2026-08-19T16:34:56.375636787Z,2026-08-19T15:56:01Z,0.977,Z,sensor_data
,,2,2026-08-19T15:34:56.375636787Z,2026-08-19T16:34:56.375636787Z,2026-08-19T15:56:02Z,0.98,Z,sensor_data
,,2,2026-08-19T15:34:56.375636787Z,2026-08-19T16:34:56.375636787Z,2026-08-19T15:56:03Z,0.976,Z,sensor_data
,,2,2026-08-19T15:34:56.375636787Z,2026-08-19T16:34:56.375636787Z,2026-08-19T15:56:04Z,0.979,Z,sensor_data
,,2,2026-08-19T15:34:56.375636787Z,2026-08-19T16:34:56.375636787Z,2026-08-19T15:56:05Z,0.979,Z,sensor_data
,,2,2026-08-19T15:34:56.375636787Z,2026-08-19T16:34:56.375636787Z,2026-08-19T15:56:06Z,0.979,Z,sensor_data
,,2,2026-08-19T15:34:56.375636787Z,2026-08-19T16:34:56.375636787Z,2026-08-19T15:56:07Z,0.983,Z,sensor_data
,,2,2026-08-19T15:34:56.375636787Z,2026-08-19T16:34:56.375636787Z,2026-08-19T15:56:08Z,0.979,Z,sensor_data
,,2,2026-08-19T15:34:56.375636787Z,2026-08-19T16:34:56.375636787Z,2026-08-19T15:56:09Z,0.981,Z,sensor_data
,,2,2026-08-19T15:34:56.375636787Z,2026-08-19T16:34:56.375636787Z,2026-08-19T15:56:10Z,0.978,Z,sensor_data
,,2,2026-08-19T15:34:56.375636787Z,2026-08-19T16:34:56.375636787Z,2026-08-19T15:56:11Z,0.979,Z,sensor_data
,,2,2026-08-19T15:34:56.375636787Z,2026-08-19T16:34:56.375636787Z,2026-08-19T15:56:12Z,0.979,Z,sensor_data
,,2,2026-08-19T15:34:56.375636787Z,2026-08-19T16:34:56.375636787Z,2026-08-19T15:56:13Z,0.978,Z,sensor_data
,,2,2026-08-19T15:34:56.375636787Z,2026-08-19T16:34:56.375636787Z,2026-08-19T15:56:14Z,0.979,Z,sensor_data
,,2,2026-08-19T15:34:56.375636787Z,2026-08-19T16:34:56.375636787Z,2026-08-19T15:56:15Z,0.977,Z,sensor_data
,,2,2026-08-19T15:34:56.375636787Z,2026-08-19T16:34:56.375636787Z,2026-08-19T15:56:16Z,0.979,Z,sensor_data
,,2,2026-08-19T15:34:56.375636787Z,2026-08-19T16:34:56.375636787Z,2026-08-19T15:56:17Z,0.978,Z,sensor_data
,,2,2026-08-19T15:34:56.375636787Z,2026-08-19T16:34:56.375636787Z,2026-08-19T15:56:18Z,0.978,Z,sensor_data
,,2,2026-08-19T15:34:56.375636787Z,2026-08-19T16:34:56.375636787Z,2026-08-19T15:56:19Z,0.976,Z,sensor_data
,,2,2026-08-19T15:34:56.375636787Z,2026-08-19T16:34:56.375636787Z,2026-08-19T15:56:20Z,0.978,Z,sensor_data
,,2,2026-08-19T15:34:56.375636787Z,2026-08-19T16:34:56.375636787Z,2026-08-19T15:56:21Z,0.977,Z,sensor_data
,,2,2026-08-19T15:34:56.375636787Z,2026-08-19T16:34:56.375636787Z,2026-08-19T15:56:22Z,0.979,Z,sensor_data
,,2,2026-08-19T15:34:56.375636787Z,2026-08-19T16:34:56.375636787Z,2026-08-19T15:56:23Z,0.98,Z,sensor_data
,,2,2026-08-19T15:34:56.375636787Z,2026-08-19T16:34:56.375636787Z,2026-08-19T15:56:24Z,0.978,Z,sensor_data
,,2,2026-08-19T15:34:56.375636787Z,2026-08-19T16:34:56.375636787Z,2026-08-19T15:56:25Z,0.981,Z,sensor_data
,,2,2026-08-19T15:34:56.375636787Z,2026-08-19T16:34:56.375636787Z,2026-08-19T15:56:26Z,0.98,Z,sensor_data
,,2,2026-08-19T15:34:56.375636787Z,2026-08-19T16:34:56.375636787Z,2026-08-19T15:56:27Z,0.977,Z,sensor_data
,,2,2026-08-19T15:34:56.375636787Z,2026-08-19T16:34:56.375636787Z,2026-08-19T15:56:28Z,0.979,Z,sensor_data
,,2,2026-08-19T15:34:56.375636787Z,2026-08-19T16:34:56.375636787Z,2026-08-19T15:56:29Z,0.978,Z,sensor_data
,,2,2026-08-19T15:34:56.375636787Z,2026-08-19T16:34:56.375636787Z,2026-08-19T15:56:30Z,0.978,Z,sensor_data
,,2,2026-08-19T15:34:56.375636787Z,2026-08-19T16:34:56.375636787Z,2026-08-19T15:56:31Z,0.975,Z,sensor_data
,,2,2026-08-19T15:34:56.375636787Z,2026-08-19T16:34:56.375636787Z,2026-08-19T15:56:32Z,0.979,Z,sensor_data
,,2,2026-08-19T15:34:56.375636787Z,2026-08-19T16:34:56.375636787Z,2026-08-19T15:56:33Z,0.978,Z,sensor_data
,,2,2026-08-19T15:34:56.375636787Z,2026-08-19T16:34:56.375636787Z,2026-08-19T15:56:34Z,0.979,Z,sensor_data
,,2,2026-08-19T15:34:56.375636787Z,2026-08-19T16:34:56.375636787Z,2026-08-19T15:56:35Z,0.977,Z,sensor_data
,,2,2026-08-19T15:34:56.375636787Z,2026-08-19T16:34:56.375636787Z,2026-08-19T15:56:36Z,0.978,Z,sensor_data
,,2,2026-08-19T15:34:56.375636787Z,2026-08-19T16:34:56.375636787Z,2026-08-19T15:56:37Z,0.978,Z,sensor_data
,,2,2026-08-19T15:34:56.375636787Z,2026-08-19T16:34:56.375636787Z,2026-08-19T15:56:38Z,0.978,Z,sensor_data
,,2,2026-08-19T15:34:56.375636787Z,2026-08-19T16:34:56.375636787Z,2026-08-19T15:56:39Z,0.979,Z,sensor_data
,,2,2026-08-19T15:34:56.375636787Z,2026-08-19T16:34:56.375636787Z,2026-08-19T15:56:40Z,0.978,Z,sensor_data
,,2,2026-08-19T15:34:56.375636787Z,2026-08-19T16:34:56.375636787Z,2026-08-19T15:56:41Z,0.975,Z,sensor_data
,,2,2026-08-19T15:34:56.375636787Z,2026-08-19T16:34:56.375636787Z,2026-08-19T15:56:42Z,0.978,Z,sensor_data
,,2,2026-08-19T15:34:56.375636787Z,2026-08-19T16:34:56.375636787Z,2026-08-19T15:56:43Z,0.978,Z,sensor_data
,,2,2026-08-19T15:34:56.375636787Z,2026-08-19T16:34:56.375636787Z,2026-08-19T15:56:44Z,0.978,Z,sensor_data
,,2,2026-08-19T15:34:56.375636787Z,2026-08-19T16:34:56.375636787Z,2026-08-19T15:56:45Z,0.978,Z,sensor_data
,,2,2026-08-19T15:34:56.375636787Z,2026-08-19T16:34:56.375636787Z,2026-08-19T15:56:46Z,0.979,Z,sensor_data
,,2,2026-08-19T15:34:56.375636787Z,2026-08-19T16:34:56.375636787Z,2026-08-19T15:56:47Z,0.978,Z,sensor_data
,,2,2026-08-19T15:34:56.375636787Z,2026-08-19T16:34:56.375636787Z,2026-08-19T15:56:48Z,0.978,Z,sensor_data
,,2,2026-08-19T15:34:56.375636787Z,2026-08-19T16:34:56.375636787Z,2026-08-19T15:56:49Z,0.979,Z,sensor_data
,,2,2026-08-19T15:34:56.375636787Z,2026-08-19T16:34:56.375636787Z,2026-08-19T15:56:50Z,0.978,Z,sensor_data
,,2,2026-08-19T15:34:56.375636787Z,2026-08-19T16:34:56.375636787Z,2026-08-19T15:56:51Z,0.979,Z,sensor_data
,,2,2026-08-19T15:34:56.375636787Z,2026-08-19T16:34:56.375636787Z,2026-08-19T15:56:52Z,0.978,Z,sensor_data
,,2,2026-08-19T15:34:56.375636787Z,2026-08-19T16:34:56.375636787Z,2026-08-19T15:56:53Z,0.979,Z,sensor_data
,,2,2026-08-19T15:34:56.375636787Z,2026-08-19T16:34:56.375636787Z,2026-08-19T15:56:54Z,0.979,Z,sensor_data
,,2,2026-08-19T15:34:56.375636787Z,2026-08-19T16:34:56.375636787Z,2026-08-19T15:56:55Z,0.979,Z,sensor_data
,,2,2026-08-19T15:34:56.375636787Z,2026-08-19T16:34:56.375636787Z,2026-08-19T15:56:56Z,0.977,Z,sensor_data
,,2,2026-08-19T15:34:56.375636787Z,2026-08-19T16:34:56.375636787Z,2026-08-19T15:56:57Z,0.978,Z,sensor_data
,,2,2026-08-19T15:34:56.375636787Z,2026-08-19T16:34:56.375636787Z,2026-08-19T15:56:58Z,0.978,Z,sensor_data
,,2,2026-08-19T15:34:56.375636787Z,2026-08-19T16:34:56.375636787Z,2026-08-19T15:56:59Z,0.978,Z,sensor_data
,,2,2026-08-19T15:34:56.375636787Z,2026-08-19T16:34:56.375636787Z,2026-08-19T15:57:00Z,0.979,Z,sensor_data
,,2,2026-08-19T15:34:56.375636787Z,2026-08-19T16:34:56.375636787Z,2026-08-19T15:57:01Z,0.978,Z,sensor_data
,,2,2026-08-19T15:34:56.375636787Z,2026-08-19T16:34:56.375636787Z,2026-08-19T15:57:02Z,0.98,Z,sensor_data
,,2,2026-08-19T15:34:56.375636787Z,2026-08-19T16:34:56.375636787Z,2026-08-19T15:57:03Z,0.978,Z,sensor_data
,,2,2026-08-19T15:34:56.375636787Z,2026-08-19T16:34:56.375636787Z,2026-08-19T15:57:04Z,0.978,Z,sensor_data
,,2,2026-08-19T15:34:56.375636787Z,2026-08-19T16:34:56.375636787Z,2026-08-19T15:57:05Z,0.979,Z,sensor_data
,,2,2026-08-19T15:34:56.375636787Z,2026-08-19T16:34:56.375636787Z,2026-08-19T15:57:06Z,0.978,Z,sensor_data
,,2,2026-08-19T15:34:56.375636787Z,2026-08-19T16:34:56.375636787Z,2026-08-19T15:57:07Z,0.979,Z,sensor_data
,,2,2026-08-19T15:34:56.375636787Z,2026-08-19T16:34:56.375636787Z,2026-08-19T15:57:08Z,0.978,Z,sensor_data
,,2,2026-08-19T15:34:56.375636787Z,2026-08-19T16:34:56.375636787Z,2026-08-19T15:57:09Z,0.979,Z,sensor_data
,,2,2026-08-19T15:34:56.375636787Z,2026-08-19T16:34:56.375636787Z,2026-08-19T15:57:10Z,0.979,Z,sensor_data
,,2,2026-08-19T15:34:56.375636787Z,2026-08-19T16:34:56.375636787Z,2026-08-19T15:57:11Z,0.978,Z,sensor_data
,,2,2026-08-19T15:34:56.375636787Z,2026-08-19T16:34:56.375636787Z,2026-08-19T15:57:12Z,0.979,Z,sensor_data
,,2,2026-08-19T15:34:56.375636787Z,2026-08-19T16:34:56.375636787Z,2026-08-19T15:57:13Z,0.978,Z,sensor_data
,,2,2026-08-19T15:34:56.375636787Z,2026-08-19T16:34:56.375636787Z,2026-08-19T15:57:14Z,0.978,Z,sensor_data
,,2,2026-08-19T15:34:56.375636787Z,2026-08-19T16:34:56.375636787Z,2026-08-19T15:57:15Z,0.978,Z,sensor_data
,,2,2026-08-19T15:34:56.375636787Z,2026-08-19T16:34:56.375636787Z,2026-08-19T15:57:16Z,0.978,Z,sensor_data
,,2,2026-08-19T15:34:56.375636787Z,2026-08-19T16:34:56.375636787Z,2026-08-19T15:57:17Z,0.978,Z,sensor_data
,,2,2026-08-19T15:34:56.375636787Z,2026-08-19T16:34:56.375636787Z,2026-08-19T15:57:18Z,0.978,Z,sensor_data
,,2,2026-08-19T15:34:56.375636787Z,2026-08-19T16:34:56.375636787Z,2026-08-19T15:57:19Z,0.979,Z,sensor_data
,,2,2026-08-19T15:34:56.375636787Z,2026-08-19T16:34:56.375636787Z,2026-08-19T15:57:20Z,0.977,Z,sensor_data
,,2,2026-08-19T15:34:56.375636787Z,2026-08-19T16:34:56.375636787Z,2026-08-19T15:57:21Z,0.978,Z,sensor_data
,,2,2026-08-19T15:34:56.375636787Z,2026-08-19T16:34:56.375636787Z,2026-08-19T15:57:22Z,0.977,Z,sensor_data
,,2,2026-08-19T15:34:56.375636787Z,2026-08-19T16:34:56.375636787Z,2026-08-19T15:57:23Z,0.977,Z,sensor_data
,,2,2026-08-19T15:34:56.375636787Z,2026-08-19T16:34:56.375636787Z,2026-08-19T15:57:24Z,0.977,Z,sensor_data
,,2,2026-08-19T15:34:56.375636787Z,2026-08-19T16:34:56.375636787Z,2026-08-19T15:57:25Z,0.978,Z,sensor_data
,,2,2026-08-19T15:34:56.375636787Z,2026-08-19T16:34:56.375636787Z,2026-08-19T15:57:26Z,0.977,Z,sensor_data
,,2,2026-08-19T15:34:56.375636787Z,2026-08-19T16:34:56.375636787Z,2026-08-19T15:57:27Z,0.978,Z,sensor_data
,,2,2026-08-19T15:34:56.375636787Z,2026-08-19T16:34:56.375636787Z,2026-08-19T15:57:28Z,0.979,Z,sensor_data
,,2,2026-08-19T15:34:56.375636787Z,2026-08-19T16:34:56.375636787Z,2026-08-19T15:57:29Z,0.978,Z,sensor_data
,,2,2026-08-19T15:34:56.375636787Z,2026-08-19T16:34:56.375636787Z,2026-08-19T15:57:30Z,0.977,Z,sensor_data
,,2,2026-08-19T15:34:56.375636787Z,2026-08-19T16:34:56.375636787Z,2026-08-19T15:57:31Z,0.979,Z,sensor_data
,,2,2026-08-19T15:34:56.375636787Z,2026-08-19T16:34:56.375636787Z,2026-08-19T15:57:32Z,0.978,Z,sensor_data
,,2,2026-08-19T15:34:56.375636787Z,2026-08-19T16:34:56.375636787Z,2026-08-19T15:57:33Z,0.978,Z,sensor_data
,,2,2026-08-19T15:34:56.375636787Z,2026-08-19T16:34:56.375636787Z,2026-08-19T15:57:34Z,0.978,Z,sensor_data
,,2,2026-08-19T15:34:56.375636787Z,2026-08-19T16:34:56.375636787Z,2026-08-19T15:57:35Z,0.977,Z,sensor_data
,,2,2026-08-19T15:34:56.375636787Z,2026-08-19T16:34:56.375636787Z,2026-08-19T15:57:36Z,0.978,Z,sensor_data
,,2,2026-08-19T15:34:56.375636787Z,2026-08-19T16:34:56.375636787Z,2026-08-19T15:57:37Z,0.978,Z,sensor_data
,,2,2026-08-19T15:34:56.375636787Z,2026-08-19T16:34:56.375636787Z,2026-08-19T15:57:38Z,0.979,Z,sensor_data
,,2,2026-08-19T15:34:56.375636787Z,2026-08-19T16:34:56.375636787Z,2026-08-19T15:57:39Z,0.978,Z,sensor_data
,,2,2026-08-19T15:34:56.375636787Z,2026-08-19T16:34:56.375636787Z,2026-08-19T15:57:40Z,0.978,Z,sensor_data
,,2,2026-08-19T15:34:56.375636787Z,2026-08-19T16:34:56.375636787Z,2026-08-19T15:57:41Z,0.979,Z,sensor_data
,,2,2026-08-19T15:34:56.375636787Z,2026-08-19T16:34:56.375636787Z,2026-08-19T15:57:42Z,0.978,Z,sensor_data
,,2,2026-08-19T15:34:56.375636787Z,2026-08-19T16:34:56.375636787Z,2026-08-19T15:57:43Z,0.978,Z,sensor_data
,,2,2026-08-19T15:34:56.375636787Z,2026-08-19T16:34:56.375636787Z,2026-08-19T15:57:44Z,0.978,Z,sensor_data
,,2,2026-08-19T15:34:56.375636787Z,2026-08-19T16:34:56.375636787Z,2026-08-19T15:57:45Z,0.978,Z,sensor_data
,,2,2026-08-19T15:34:56.375636787Z,2026-08-19T16:34:56.375636787Z,2026-08-19T15:57:46Z,0.978,Z,sensor_data
,,2,2026-08-19T15:34:56.375636787Z,2026-08-19T16:34:56.375636787Z,2026-08-19T15:57:47Z,0.977,Z,sensor_data
,,2,2026-08-19T15:34:56.375636787Z,2026-08-19T16:34:56.375636787Z,2026-08-19T15:57:48Z,0.979,Z,sensor_data
,,2,2026-08-19T15:34:56.375636787Z,2026-08-19T16:34:56.375636787Z,2026-08-19T15:57:49Z,0.979,Z,sensor_data
,,2,2026-08-19T15:34:56.375636787Z,2026-08-19T16:34:56.375636787Z,2026-08-19T15:57:50Z,0.977,Z,sensor_data
,,2,2026-08-19T15:34:56.375636787Z,2026-08-19T16:34:56.375636787Z,2026-08-19T15:57:51Z,0.979,Z,sensor_data
,,2,2026-08-19T15:34:56.375636787Z,2026-08-19T16:34:56.375636787Z,2026-08-19T15:57:52Z,0.979,Z,sensor_data
,,2,2026-08-19T15:34:56.375636787Z,2026-08-19T16:34:56.375636787Z,2026-08-19T15:57:53Z,0.977,Z,sensor_data
,,2,2026-08-19T15:34:56.375636787Z,2026-08-19T16:34:56.375636787Z,2026-08-19T15:57:54Z,0.978,Z,sensor_data
,,2,2026-08-19T15:34:56.375636787Z,2026-08-19T16:34:56.375636787Z,2026-08-19T15:57:55Z,0.978,Z,sensor_data
,,2,2026-08-19T15:34:56.375636787Z,2026-08-19T16:34:56.375636787Z,2026-08-19T15:57:56Z,0.977,Z,sensor_data
,,2,2026-08-19T15:34:56.375636787Z,2026-08-19T16:34:56.375636787Z,2026-08-19T15:57:57Z,0.979,Z,sensor_data
,,2,2026-08-19T15:34:56.375636787Z,2026-08-19T16:34:56.375636787Z,2026-08-19T15:57:58Z,0.979,Z,sensor_data
,,2,2026-08-19T15:34:56.375636787Z,2026-08-19T16:34:56.375636787Z,2026-08-19T15:57:59Z,0.978,Z,sensor_data
,,2,2026-08-19T15:34:56.375636787Z,2026-08-19T16:34:56.375636787Z,2026-08-19T15:58:00Z,0.979,Z,sensor_data
,,2,2026-08-19T15:34:56.375636787Z,2026-08-19T16:34:56.375636787Z,2026-08-19T15:58:01Z,0.979,Z,sensor_data
,,2,2026-08-19T15:34:56.375636787Z,2026-08-19T16:34:56.375636787Z,2026-08-19T15:58:02Z,0.979,Z,sensor_data
,,2,2026-08-19T15:34:56.375636787Z,2026-08-19T16:34:56.375636787Z,2026-08-19T15:58:03Z,0.977,Z,sensor_data
,,2,2026-08-19T15:34:56.375636787Z,2026-08-19T16:34:56.375636787Z,2026-08-19T15:58:04Z,0.978,Z,sensor_data
,,2,2026-08-19T15:34:56.375636787Z,2026-08-19T16:34:56.375636787Z,2026-08-19T15:58:05Z,0.979,Z,sensor_data
,,2,2026-08-19T15:34:56.375636787Z,2026-08-19T16:34:56.375636787Z,2026-08-19T15:58:06Z,0.977,Z,sensor_data
,,2,2026-08-19T15:34:56.375636787Z,2026-08-19T16:34:56.375636787Z,2026-08-19T15:58:07Z,0.977,Z,sensor_data
,,2,2026-08-19T15:34:56.375636787Z,2026-08-19T16:34:56.375636787Z,2026-08-19T15:58:08Z,0.979,Z,sensor_data
,,2,2026-08-19T15:34:56.375636787Z,2026-08-19T16:34:56.375636787Z,2026-08-19T15:58:09Z,0.977,Z,sensor_data
,,2,2026-08-19T15:34:56.375636787Z,2026-08-19T16:34:56.375636787Z,2026-08-19T15:58:10Z,0.978,Z,sensor_data
,,2,2026-08-19T15:34:56.375636787Z,2026-08-19T16:34:56.375636787Z,2026-08-19T15:58:11Z,0.979,Z,sensor_data
,,2,2026-08-19T15:34:56.375636787Z,2026-08-19T16:34:56.375636787Z,2026-08-19T15:58:12Z,0.978,Z,sensor_data
,,2,2026-08-19T15:34:56.375636787Z,2026-08-19T16:34:56.375636787Z,2026-08-19T15:58:13Z,0.978,Z,sensor_data
,,2,2026-08-19T15:34:56.375636787Z,2026-08-19T16:34:56.375636787Z,2026-08-19T15:58:14Z,0.978,Z,sensor_data
,,2,2026-08-19T15:34:56.375636787Z,2026-08-19T16:34:56.375636787Z,2026-08-19T15:58:15Z,0.979,Z,sensor_data
,,2,2026-08-19T15:34:56.375636787Z,2026-08-19T16:34:56.375636787Z,2026-08-19T15:58:16Z,0.977,Z,sensor_data
,,2,2026-08-19T15:34:56.375636787Z,2026-08-19T16:34:56.375636787Z,2026-08-19T15:58:17Z,0.979,Z,sensor_data
,,2,2026-08-19T15:34:56.375636787Z,2026-08-19T16:34:56.375636787Z,2026-08-19T15:58:18Z,0.977,Z,sensor_data
,,2,2026-08-19T15:34:56.375636787Z,2026-08-19T16:34:56.375636787Z,2026-08-19T15:58:19Z,0.979,Z,sensor_data
,,2,2026-08-19T15:34:56.375636787Z,2026-08-19T16:34:56.375636787Z,2026-08-19T15:58:20Z,0.979,Z,sensor_data
,,2,2026-08-19T15:34:56.375636787Z,2026-08-19T16:34:56.375636787Z,2026-08-19T15:58:21Z,0.979,Z,sensor_data
,,2,2026-08-19T15:34:56.375636787Z,2026-08-19T16:34:56.375636787Z,2026-08-19T15:58:22Z,0.979,Z,sensor_data
,,2,2026-08-19T15:34:56.375636787Z,2026-08-19T16:34:56.375636787Z,2026-08-19T15:58:23Z,0.978,Z,sensor_data
,,2,2026-08-19T15:34:56.375636787Z,2026-08-19T16:34:56.375636787Z,2026-08-19T15:58:24Z,0.978,Z,sensor_data
,,2,2026-08-19T15:34:56.375636787Z,2026-08-19T16:34:56.375636787Z,2026-08-19T15:58:25Z,0.978,Z,sensor_data
,,2,2026-08-19T15:34:56.375636787Z,2026-08-19T16:34:56.375636787Z,2026-08-19T15:58:26Z,0.978,Z,sensor_data
,,2,2026-08-19T15:34:56.375636787Z,2026-08-19T16:34:56.375636787Z,2026-08-19T15:58:27Z,0.98,Z,sensor_data
,,2,2026-08-19T15:34:56.375636787Z,2026-08-19T16:34:56.375636787Z,2026-08-19T15:58:28Z,0.977,Z,sensor_data
,,2,2026-08-19T15:34:56.375636787Z,2026-08-19T16:34:56.375636787Z,2026-08-19T15:58:29Z,0.978,Z,sensor_data
,,2,2026-08-19T15:34:56.375636787Z,2026-08-19T16:34:56.375636787Z,2026-08-19T15:58:30Z,0.979,Z,sensor_data
,,2,2026-08-19T15:34:56.375636787Z,2026-08-19T16:34:56.375636787Z,2026-08-19T15:58:31Z,0.98,Z,sensor_data
,,2,2026-08-19T15:34:56.375636787Z,2026-08-19T16:34:56.375636787Z,2026-08-19T15:58:32Z,0.978,Z,sensor_data
,,2,2026-08-19T15:34:56.375636787Z,2026-08-19T16:34:56.375636787Z,2026-08-19T15:58:33Z,0.978,Z,sensor_data
,,2,2026-08-19T15:34:56.375636787Z,2026-08-19T16:34:56.375636787Z,2026-08-19T15:58:49Z,0.979,Z,sensor_data
,,2,2026-08-19T15:34:56.375636787Z,2026-08-19T16:34:56.375636787Z,2026-08-19T15:58:50Z,0.979,Z,sensor_data
,,2,2026-08-19T15:34:56.375636787Z,2026-08-19T16:34:56.375636787Z,2026-08-19T15:58:51Z,0.977,Z,sensor_data
,,2,2026-08-19T15:34:56.375636787Z,2026-08-19T16:34:56.375636787Z,2026-08-19T15:58:52Z,0.979,Z,sensor_data
,,2,2026-08-19T15:34:56.375636787Z,2026-08-19T16:34:56.375636787Z,2026-08-19T15:58:53Z,0.978,Z,sensor_data
,,2,2026-08-19T15:34:56.375636787Z,2026-08-19T16:34:56.375636787Z,2026-08-19T15:58:54Z,0.977,Z,sensor_data
,,2,2026-08-19T15:34:56.375636787Z,2026-08-19T16:34:56.375636787Z,2026-08-19T15:58:55Z,0.976,Z,sensor_data
,,2,2026-08-19T15:34:56.375636787Z,2026-08-19T16:34:56.375636787Z,2026-08-19T15:58:56Z,0.978,Z,sensor_data
,,2,2026-08-19T15:34:56.375636787Z,2026-08-19T16:34:56.375636787Z,2026-08-19T15:58:57Z,0.978,Z,sensor_data
,,2,2026-08-19T15:34:56.375636787Z,2026-08-19T16:34:56.375636787Z,2026-08-19T15:58:58Z,0.978,Z,sensor_data
,,2,2026-08-19T15:34:56.375636787Z,2026-08-19T16:34:56.375636787Z,2026-08-19T15:58:59Z,0.979,Z,sensor_data
,,2,2026-08-19T15:34:56.375636787Z,2026-08-19T16:34:56.375636787Z,2026-08-19T15:59:00Z,0.977,Z,sensor_data
,,2,2026-08-19T15:34:56.375636787Z,2026-08-19T16:34:56.375636787Z,2026-08-19T15:59:01Z,0.976,Z,sensor_data
,,2,2026-08-19T15:34:56.375636787Z,2026-08-19T16:34:56.375636787Z,2026-08-19T15:59:02Z,0.981,Z,sensor_data
,,2,2026-08-19T15:34:56.375636787Z,2026-08-19T16:34:56.375636787Z,2026-08-19T15:59:03Z,0.976,Z,sensor_data
,,2,2026-08-19T15:34:56.375636787Z,2026-08-19T16:34:56.375636787Z,2026-08-19T15:59:04Z,0.977,Z,sensor_data
,,2,2026-08-19T15:34:56.375636787Z,2026-08-19T16:34:56.375636787Z,2026-08-19T15:59:05Z,0.979,Z,sensor_data
,,2,2026-08-19T15:34:56.375636787Z,2026-08-19T16:34:56.375636787Z,2026-08-19T15:59:06Z,0.978,Z,sensor_data
,,2,2026-08-19T15:34:56.375636787Z,2026-08-19T16:34:56.375636787Z,2026-08-19T15:59:07Z,0.979,Z,sensor_data
,,2,2026-08-19T15:34:56.375636787Z,2026-08-19T16:34:56.375636787Z,2026-08-19T15:59:08Z,0.977,Z,sensor_data
,,2,2026-08-19T15:34:56.375636787Z,2026-08-19T16:34:56.375636787Z,2026-08-19T15:59:09Z,0.977,Z,sensor_data
,,2,2026-08-19T15:34:56.375636787Z,2026-08-19T16:34:56.375636787Z,2026-08-19T15:59:10Z,0.98,Z,sensor_data
,,2,2026-08-19T15:34:56.375636787Z,2026-08-19T16:34:56.375636787Z,2026-08-19T15:59:11Z,0.976,Z,sensor_data
,,2,2026-08-19T15:34:56.375636787Z,2026-08-19T16:34:56.375636787Z,2026-08-19T15:59:12Z,0.974,Z,sensor_data
,,2,2026-08-19T15:34:56.375636787Z,2026-08-19T16:34:56.375636787Z,2026-08-19T15:59:13Z,0.984,Z,sensor_data
,,2,2026-08-19T15:34:56.375636787Z,2026-08-19T16:34:56.375636787Z,2026-08-19T15:59:14Z,0.977,Z,sensor_data
,,2,2026-08-19T15:34:56.375636787Z,2026-08-19T16:34:56.375636787Z,2026-08-19T15:59:15Z,0.978,Z,sensor_data
,,2,2026-08-19T15:34:56.375636787Z,2026-08-19T16:34:56.375636787Z,2026-08-19T15:59:16Z,0.977,Z,sensor_data
,,2,2026-08-19T15:34:56.375636787Z,2026-08-19T16:34:56.375636787Z,2026-08-19T15:59:17Z,0.973,Z,sensor_data
,,2,2026-08-19T15:34:56.375636787Z,2026-08-19T16:34:56.375636787Z,2026-08-19T15:59:18Z,0.977,Z,sensor_data
,,2,2026-08-19T15:34:56.375636787Z,2026-08-19T16:34:56.375636787Z,2026-08-19T15:59:19Z,0.978,Z,sensor_data
,,2,2026-08-19T15:34:56.375636787Z,2026-08-19T16:34:56.375636787Z,2026-08-19T15:59:20Z,0.978,Z,sensor_data
,,2,2026-08-19T15:34:56.375636787Z,2026-08-19T16:34:56.375636787Z,2026-08-19T15:59:21Z,0.978,Z,sensor_data
,,2,2026-08-19T15:34:56.375636787Z,2026-08-19T16:34:56.375636787Z,2026-08-19T15:59:22Z,0.978,Z,sensor_data
,,2,2026-08-19T15:34:56.375636787Z,2026-08-19T16:34:56.375636787Z,2026-08-19T15:59:23Z,0.977,Z,sensor_data
,,2,2026-08-19T15:34:56.375636787Z,2026-08-19T16:34:56.375636787Z,2026-08-19T15:59:24Z,0.978,Z,sensor_data
,,2,2026-08-19T15:34:56.375636787Z,2026-08-19T16:34:56.375636787Z,2026-08-19T15:59:25Z,0.978,Z,sensor_data
,,2,2026-08-19T15:34:56.375636787Z,2026-08-19T16:34:56.375636787Z,2026-08-19T15:59:26Z,0.978,Z,sensor_data
,,2,2026-08-19T15:34:56.375636787Z,2026-08-19T16:34:56.375636787Z,2026-08-19T15:59:27Z,0.978,Z,sensor_data
,,2,2026-08-19T15:34:56.375636787Z,2026-08-19T16:34:56.375636787Z,2026-08-19T15:59:28Z,0.978,Z,sensor_data
,,2,2026-08-19T15:34:56.375636787Z,2026-08-19T16:34:56.375636787Z,2026-08-19T15:59:29Z,0.978,Z,sensor_data
,,2,2026-08-19T15:34:56.375636787Z,2026-08-19T16:34:56.375636787Z,2026-08-19T15:59:30Z,0.977,Z,sensor_data
,,2,2026-08-19T15:34:56.375636787Z,2026-08-19T16:34:56.375636787Z,2026-08-19T15:59:31Z,0.979,Z,sensor_data
,,2,2026-08-19T15:34:56.375636787Z,2026-08-19T16:34:56.375636787Z,2026-08-19T15:59:32Z,0.978,Z,sensor_data
,,2,2026-08-19T15:34:56.375636787Z,2026-08-19T16:34:56.375636787Z,2026-08-19T15:59:33Z,0.977,Z,sensor_data
,,2,2026-08-19T15:34:56.375636787Z,2026-08-19T16:34:56.375636787Z,2026-08-19T15:59:34Z,0.979,Z,sensor_data
,,2,2026-08-19T15:34:56.375636787Z,2026-08-19T16:34:56.375636787Z,2026-08-19T15:59:35Z,0.978,Z,sensor_data
,,2,2026-08-19T15:34:56.375636787Z,2026-08-19T16:34:56.375636787Z,2026-08-19T15:59:36Z,0.979,Z,sensor_data
,,2,2026-08-19T15:34:56.375636787Z,2026-08-19T16:34:56.375636787Z,2026-08-19T15:59:37Z,0.976,Z,sensor_data
,,2,2026-08-19T15:34:56.375636787Z,2026-08-19T16:34:56.375636787Z,2026-08-19T15:59:38Z,0.978,Z,sensor_data
,,2,2026-08-19T15:34:56.375636787Z,2026-08-19T16:34:56.375636787Z,2026-08-19T15:59:39Z,0.978,Z,sensor_data
,,2,2026-08-19T15:34:56.375636787Z,2026-08-19T16:34:56.375636787Z,2026-08-19T15:59:40Z,0.996,Z,sensor_data
,,2,2026-08-19T15:34:56.375636787Z,2026-08-19T16:34:56.375636787Z,2026-08-19T15:59:41Z,0.979,Z,sensor_data
,,2,2026-08-19T15:34:56.375636787Z,2026-08-19T16:34:56.375636787Z,2026-08-19T15:59:42Z,0.977,Z,sensor_data
,,2,2026-08-19T15:34:56.375636787Z,2026-08-19T16:34:56.375636787Z,2026-08-19T15:59:43Z,0.977,Z,sensor_data
,,2,2026-08-19T15:34:56.375636787Z,2026-08-19T16:34:56.375636787Z,2026-08-19T15:59:44Z,0.977,Z,sensor_data
,,2,2026-08-19T15:34:56.375636787Z,2026-08-19T16:34:56.375636787Z,2026-08-19T15:59:45Z,0.978,Z,sensor_data
,,2,2026-08-19T15:34:56.375636787Z,2026-08-19T16:34:56.375636787Z,2026-08-19T15:59:46Z,0.977,Z,sensor_data
,,2,2026-08-19T15:34:56.375636787Z,2026-08-19T16:34:56.375636787Z,2026-08-19T15:59:47Z,0.977,Z,sensor_data
,,2,2026-08-19T15:34:56.375636787Z,2026-08-19T16:34:56.375636787Z,2026-08-19T15:59:48Z,0.978,Z,sensor_data
,,2,2026-08-19T15:34:56.375636787Z,2026-08-19T16:34:56.375636787Z,2026-08-19T15:59:49Z,0.979,Z,sensor_data
,,2,2026-08-19T15:34:56.375636787Z,2026-08-19T16:34:56.375636787Z,2026-08-19T15:59:50Z,0.978,Z,sensor_data
,,2,2026-08-19T15:34:56.375636787Z,2026-08-19T16:34:56.375636787Z,2026-08-19T15:59:51Z,0.977,Z,sensor_data
,,2,2026-08-19T15:34:56.375636787Z,2026-08-19T16:34:56.375636787Z,2026-08-19T15:59:52Z,0.978,Z,sensor_data
,,2,2026-08-19T15:34:56.375636787Z,2026-08-19T16:34:56.375636787Z,2026-08-19T15:59:53Z,0.978,Z,sensor_data
,,2,2026-08-19T15:34:56.375636787Z,2026-08-19T16:34:56.375636787Z,2026-08-19T15:59:54Z,0.977,Z,sensor_data
,,2,2026-08-19T15:34:56.375636787Z,2026-08-19T16:34:56.375636787Z,2026-08-19T15:59:55Z,0.978,Z,sensor_data
,,2,2026-08-19T15:34:56.375636787Z,2026-08-19T16:34:56.375636787Z,2026-08-19T15:59:56Z,0.977,Z,sensor_data
,,2,2026-08-19T15:34:56.375636787Z,2026-08-19T16:34:56.375636787Z,2026-08-19T15:59:57Z,0.977,Z,sensor_data
,,2,2026-08-19T15:34:56.375636787Z,2026-08-19T16:34:56.375636787Z,2026-08-19T15:59:58Z,0.978,Z,sensor_data
,,2,2026-08-19T15:34:56.375636787Z,2026-08-19T16:34:56.375636787Z,2026-08-19T15:59:59Z,0.979,Z,sensor_data
,,2,2026-08-19T15:34:56.375636787Z,2026-08-19T16:34:56.375636787Z,2026-08-19T16:00:00Z,0.978,Z,sensor_data
,,2,2026-08-19T15:34:56.375636787Z,2026-08-19T16:34:56.375636787Z,2026-08-19T16:00:01Z,0.977,Z,sensor_data
,,2,2026-08-19T15:34:56.375636787Z,2026-08-19T16:34:56.375636787Z,2026-08-19T16:00:02Z,0.979,Z,sensor_data
,,2,2026-08-19T15:34:56.375636787Z,2026-08-19T16:34:56.375636787Z,2026-08-19T16:00:03Z,0.977,Z,sensor_data
,,2,2026-08-19T15:34:56.375636787Z,2026-08-19T16:34:56.375636787Z,2026-08-19T16:00:04Z,0.977,Z,sensor_data
,,2,2026-08-19T15:34:56.375636787Z,2026-08-19T16:34:56.375636787Z,2026-08-19T16:00:05Z,0.976,Z,sensor_data
,,2,2026-08-19T15:34:56.375636787Z,2026-08-19T16:34:56.375636787Z,2026-08-19T16:00:06Z,0.977,Z,sensor_data
,,2,2026-08-19T15:34:56.375636787Z,2026-08-19T16:34:56.375636787Z,2026-08-19T16:00:07Z,0.978,Z,sensor_data
,,2,2026-08-19T15:34:56.375636787Z,2026-08-19T16:34:56.375636787Z,2026-08-19T16:00:08Z,0.978,Z,sensor_data
,,2,2026-08-19T15:34:56.375636787Z,2026-08-19T16:34:56.375636787Z,2026-08-19T16:00:09Z,0.977,Z,sensor_data
,,2,2026-08-19T15:34:56.375636787Z,2026-08-19T16:34:56.375636787Z,2026-08-19T16:00:10Z,0.978,Z,sensor_data
,,2,2026-08-19T15:34:56.375636787Z,2026-08-19T16:34:56.375636787Z,2026-08-19T16:00:11Z,0.977,Z,sensor_data
,,2,2026-08-19T15:34:56.375636787Z,2026-08-19T16:34:56.375636787Z,2026-08-19T16:00:12Z,0.979,Z,sensor_data
,,2,2026-08-19T15:34:56.375636787Z,2026-08-19T16:34:56.375636787Z,2026-08-19T16:00:13Z,0.977,Z,sensor_data
,,2,2026-08-19T15:34:56.375636787Z,2026-08-19T16:34:56.375636787Z,2026-08-19T16:00:14Z,0.978,Z,sensor_data
,,2,2026-08-19T15:34:56.375636787Z,2026-08-19T16:34:56.375636787Z,2026-08-19T16:00:15Z,0.979,Z,sensor_data
,,2,2026-08-19T15:34:56.375636787Z,2026-08-19T16:34:56.375636787Z,2026-08-19T16:00:16Z,0.979,Z,sensor_data
,,2,2026-08-19T15:34:56.375636787Z,2026-08-19T16:34:56.375636787Z,2026-08-19T16:00:17Z,0.978,Z,sensor_data
,,2,2026-08-19T15:34:56.375636787Z,2026-08-19T16:34:56.375636787Z,2026-08-19T16:00:18Z,0.978,Z,sensor_data
,,2,2026-08-19T15:34:56.375636787Z,2026-08-19T16:34:56.375636787Z,2026-08-19T16:00:19Z,0.977,Z,sensor_data
,,2,2026-08-19T15:34:56.375636787Z,2026-08-19T16:34:56.375636787Z,2026-08-19T16:00:20Z,0.978,Z,sensor_data
,,2,2026-08-19T15:34:56.375636787Z,2026-08-19T16:34:56.375636787Z,2026-08-19T16:00:21Z,0.978,Z,sensor_data
,,2,2026-08-19T15:34:56.375636787Z,2026-08-19T16:34:56.375636787Z,2026-08-19T16:00:22Z,0.977,Z,sensor_data
,,2,2026-08-19T15:34:56.375636787Z,2026-08-19T16:34:56.375636787Z,2026-08-19T16:00:24Z,0.978,Z,sensor_data
,,2,2026-08-19T15:34:56.375636787Z,2026-08-19T16:34:56.375636787Z,2026-08-19T16:00:25Z,0.977,Z,sensor_data
,,2,2026-08-19T15:34:56.375636787Z,2026-08-19T16:34:56.375636787Z,2026-08-19T16:00:26Z,0.977,Z,sensor_data
,,2,2026-08-19T15:34:56.375636787Z,2026-08-19T16:34:56.375636787Z,2026-08-19T16:00:27Z,0.977,Z,sensor_data
,,2,2026-08-19T15:34:56.375636787Z,2026-08-19T16:34:56.375636787Z,2026-08-19T16:00:28Z,0.976,Z,sensor_data
,,2,2026-08-19T15:34:56.375636787Z,2026-08-19T16:34:56.375636787Z,2026-08-19T16:00:29Z,0.977,Z,sensor_data
,,2,2026-08-19T15:34:56.375636787Z,2026-08-19T16:34:56.375636787Z,2026-08-19T16:00:30Z,0.978,Z,sensor_data
,,2,2026-08-19T15:34:56.375636787Z,2026-08-19T16:34:56.375636787Z,2026-08-19T16:00:31Z,0.977,Z,sensor_data
,,2,2026-08-19T15:34:56.375636787Z,2026-08-19T16:34:56.375636787Z,2026-08-19T16:00:32Z,0.978,Z,sensor_data
,,2,2026-08-19T15:34:56.375636787Z,2026-08-19T16:34:56.375636787Z,2026-08-19T16:00:33Z,0.978,Z,sensor_data
,,2,2026-08-19T15:34:56.375636787Z,2026-08-19T16:34:56.375636787Z,2026-08-19T16:00:34Z,0.978,Z,sensor_data
,,2,2026-08-19T15:34:56.375636787Z,2026-08-19T16:34:56.375636787Z,2026-08-19T16:00:35Z,0.978,Z,sensor_data
,,2,2026-08-19T15:34:56.375636787Z,2026-08-19T16:34:56.375636787Z,2026-08-19T16:00:36Z,0.979,Z,sensor_data
,,2,2026-08-19T15:34:56.375636787Z,2026-08-19T16:34:56.375636787Z,2026-08-19T16:00:37Z,0.978,Z,sensor_data
,,2,2026-08-19T15:34:56.375636787Z,2026-08-19T16:34:56.375636787Z,2026-08-19T16:00:38Z,0.979,Z,sensor_data
,,2,2026-08-19T15:34:56.375636787Z,2026-08-19T16:34:56.375636787Z,2026-08-19T16:00:39Z,0.977,Z,sensor_data
,,2,2026-08-19T15:34:56.375636787Z,2026-08-19T16:34:56.375636787Z,2026-08-19T16:00:40Z,0.978,Z,sensor_data
,,2,2026-08-19T15:34:56.375636787Z,2026-08-19T16:34:56.375636787Z,2026-08-19T16:00:41Z,0.978,Z,sensor_data
,,2,2026-08-19T15:34:56.375636787Z,2026-08-19T16:34:56.375636787Z,2026-08-19T16:00:42Z,0.978,Z,sensor_data
,,2,2026-08-19T15:34:56.375636787Z,2026-08-19T16:34:56.375636787Z,2026-08-19T16:00:43Z,0.978,Z,sensor_data
,,2,2026-08-19T15:34:56.375636787Z,2026-08-19T16:34:56.375636787Z,2026-08-19T16:00:44Z,0.978,Z,sensor_data
,,2,2026-08-19T15:34:56.375636787Z,2026-08-19T16:34:56.375636787Z,2026-08-19T16:00:45Z,0.978,Z,sensor_data
,,2,2026-08-19T15:34:56.375636787Z,2026-08-19T16:34:56.375636787Z,2026-08-19T16:00:46Z,0.978,Z,sensor_data
,,2,2026-08-19T15:34:56.375636787Z,2026-08-19T16:34:56.375636787Z,2026-08-19T16:00:47Z,0.978,Z,sensor_data
,,2,2026-08-19T15:34:56.375636787Z,2026-08-19T16:34:56.375636787Z,2026-08-19T16:00:48Z,0.978,Z,sensor_data
,,2,2026-08-19T15:34:56.375636787Z,2026-08-19T16:34:56.375636787Z,2026-08-19T16:00:49Z,0.978,Z,sensor_data
,,2,2026-08-19T15:34:56.375636787Z,2026-08-19T16:34:56.375636787Z,2026-08-19T16:00:50Z,0.978,Z,sensor_data
,,2,2026-08-19T15:34:56.375636787Z,2026-08-19T16:34:56.375636787Z,2026-08-19T16:00:51Z,0.978,Z,sensor_data
,,2,2026-08-19T15:34:56.375636787Z,2026-08-19T16:34:56.375636787Z,2026-08-19T16:00:52Z,0.977,Z,sensor_data
,,2,2026-08-19T15:34:56.375636787Z,2026-08-19T16:34:56.375636787Z,2026-08-19T16:00:53Z,0.979,Z,sensor_data
,,2,2026-08-19T15:34:56.375636787Z,2026-08-19T16:34:56.375636787Z,2026-08-19T16:00:54Z,0.978,Z,sensor_data
,,2,2026-08-19T15:34:56.375636787Z,2026-08-19T16:34:56.375636787Z,2026-08-19T16:00:55Z,0.979,Z,sensor_data
,,2,2026-08-19T15:34:56.375636787Z,2026-08-19T16:34:56.375636787Z,2026-08-19T16:00:56Z,0.978,Z,sensor_data
,,2,2026-08-19T15:34:56.375636787Z,2026-08-19T16:34:56.375636787Z,2026-08-19T16:00:57Z,0.978,Z,sensor_data
,,2,2026-08-19T15:34:56.375636787Z,2026-08-19T16:34:56.375636787Z,2026-08-19T16:00:58Z,0.978,Z,sensor_data
,,2,2026-08-19T15:34:56.375636787Z,2026-08-19T16:34:56.375636787Z,2026-08-19T16:00:59Z,0.977,Z,sensor_data
,,2,2026-08-19T15:34:56.375636787Z,2026-08-19T16:34:56.375636787Z,2026-08-19T16:01:00Z,0.978,Z,sensor_data
,,2,2026-08-19T15:34:56.375636787Z,2026-08-19T16:34:56.375636787Z,2026-08-19T16:01:01Z,0.978,Z,sensor_data
,,2,2026-08-19T15:34:56.375636787Z,2026-08-19T16:34:56.375636787Z,2026-08-19T16:01:02Z,0.977,Z,sensor_data
,,2,2026-08-19T15:34:56.375636787Z,2026-08-19T16:34:56.375636787Z,2026-08-19T16:01:03Z,0.976,Z,sensor_data
,,2,2026-08-19T15:34:56.375636787Z,2026-08-19T16:34:56.375636787Z,2026-08-19T16:01:04Z,0.978,Z,sensor_data
,,2,2026-08-19T15:34:56.375636787Z,2026-08-19T16:34:56.375636787Z,2026-08-19T16:01:05Z,0.977,Z,sensor_data
,,2,2026-08-19T15:34:56.375636787Z,2026-08-19T16:34:56.375636787Z,2026-08-19T16:01:06Z,0.977,Z,sensor_data
,,2,2026-08-19T15:34:56.375636787Z,2026-08-19T16:34:56.375636787Z,2026-08-19T16:01:07Z,0.977,Z,sensor_data
,,2,2026-08-19T15:34:56.375636787Z,2026-08-19T16:34:56.375636787Z,2026-08-19T16:01:08Z,0.978,Z,sensor_data
,,2,2026-08-19T15:34:56.375636787Z,2026-08-19T16:34:56.375636787Z,2026-08-19T16:01:09Z,0.976,Z,sensor_data
,,2,2026-08-19T15:34:56.375636787Z,2026-08-19T16:34:56.375636787Z,2026-08-19T16:01:10Z,0.978,Z,sensor_data
,,2,2026-08-19T15:34:56.375636787Z,2026-08-19T16:34:56.375636787Z,2026-08-19T16:01:11Z,0.977,Z,sensor_data
,,2,2026-08-19T15:34:56.375636787Z,2026-08-19T16:34:56.375636787Z,2026-08-19T16:01:12Z,0.978,Z,sensor_data
,,2,2026-08-19T15:34:56.375636787Z,2026-08-19T16:34:56.375636787Z,2026-08-19T16:01:13Z,0.977,Z,sensor_data
,,2,2026-08-19T15:34:56.375636787Z,2026-08-19T16:34:56.375636787Z,2026-08-19T16:01:14Z,0.977,Z,sensor_data
,,2,2026-08-19T15:34:56.375636787Z,2026-08-19T16:34:56.375636787Z,2026-08-19T16:01:15Z,0.978,Z,sensor_data
,,2,2026-08-19T15:34:56.375636787Z,2026-08-19T16:34:56.375636787Z,2026-08-19T16:01:16Z,0.978,Z,sensor_data
,,2,2026-08-19T15:34:56.375636787Z,2026-08-19T16:34:56.375636787Z,2026-08-19T16:01:17Z,0.978,Z,sensor_data
,,2,2026-08-19T15:34:56.375636787Z,2026-08-19T16:34:56.375636787Z,2026-08-19T16:01:18Z,0.978,Z,sensor_data
,,2,2026-08-19T15:34:56.375636787Z,2026-08-19T16:34:56.375636787Z,2026-08-19T16:01:19Z,0.979,Z,sensor_data
,,2,2026-08-19T15:34:56.375636787Z,2026-08-19T16:34:56.375636787Z,2026-08-19T16:01:20Z,0.978,Z,sensor_data
,,2,2026-08-19T15:34:56.375636787Z,2026-08-19T16:34:56.375636787Z,2026-08-19T16:01:21Z,0.979,Z,sensor_data
,,2,2026-08-19T15:34:56.375636787Z,2026-08-19T16:34:56.375636787Z,2026-08-19T16:01:22Z,0.977,Z,sensor_data
,,2,2026-08-19T15:34:56.375636787Z,2026-08-19T16:34:56.375636787Z,2026-08-19T16:01:23Z,0.978,Z,sensor_data
,,2,2026-08-19T15:34:56.375636787Z,2026-08-19T16:34:56.375636787Z,2026-08-19T16:01:24Z,0.978,Z,sensor_data
,,2,2026-08-19T15:34:56.375636787Z,2026-08-19T16:34:56.375636787Z,2026-08-19T16:01:25Z,0.984,Z,sensor_data
,,2,2026-08-19T15:34:56.375636787Z,2026-08-19T16:34:56.375636787Z,2026-08-19T16:01:26Z,0.979,Z,sensor_data
,,2,2026-08-19T15:34:56.375636787Z,2026-08-19T16:34:56.375636787Z,2026-08-19T16:01:27Z,0.978,Z,sensor_data
,,2,2026-08-19T15:34:56.375636787Z,2026-08-19T16:34:56.375636787Z,2026-08-19T16:01:28Z,0.978,Z,sensor_data
,,2,2026-08-19T15:34:56.375636787Z,2026-08-19T16:34:56.375636787Z,2026-08-19T16:01:29Z,0.978,Z,sensor_data
,,2,2026-08-19T15:34:56.375636787Z,2026-08-19T16:34:56.375636787Z,2026-08-19T16:01:30Z,0.977,Z,sensor_data
,,2,2026-08-19T15:34:56.375636787Z,2026-08-19T16:34:56.375636787Z,2026-08-19T16:01:31Z,0.977,Z,sensor_data
,,2,2026-08-19T15:34:56.375636787Z,2026-08-19T16:34:56.375636787Z,2026-08-19T16:01:32Z,0.978,Z,sensor_data
,,2,2026-08-19T15:34:56.375636787Z,2026-08-19T16:34:56.375636787Z,2026-08-19T16:01:33Z,0.98,Z,sensor_data
,,2,2026-08-19T15:34:56.375636787Z,2026-08-19T16:34:56.375636787Z,2026-08-19T16:01:34Z,0.977,Z,sensor_data
,,2,2026-08-19T15:34:56.375636787Z,2026-08-19T16:34:56.375636787Z,2026-08-19T16:01:35Z,0.978,Z,sensor_data
,,2,2026-08-19T15:34:56.375636787Z,2026-08-19T16:34:56.375636787Z,2026-08-19T16:01:36Z,0.977,Z,sensor_data
,,2,2026-08-19T15:34:56.375636787Z,2026-08-19T16:34:56.375636787Z,2026-08-19T16:01:37Z,0.977,Z,sensor_data
,,2,2026-08-19T15:34:56.375636787Z,2026-08-19T16:34:56.375636787Z,2026-08-19T16:01:38Z,0.977,Z,sensor_data
,,2,2026-08-19T15:34:56.375636787Z,2026-08-19T16:34:56.375636787Z,2026-08-19T16:01:39Z,0.978,Z,sensor_data
,,2,2026-08-19T15:34:56.375636787Z,2026-08-19T16:34:56.375636787Z,2026-08-19T16:01:40Z,0.975,Z,sensor_data
,,2,2026-08-19T15:34:56.375636787Z,2026-08-19T16:34:56.375636787Z,2026-08-19T16:01:41Z,0.977,Z,sensor_data
,,2,2026-08-19T15:34:56.375636787Z,2026-08-19T16:34:56.375636787Z,2026-08-19T16:01:42Z,0.977,Z,sensor_data
,,2,2026-08-19T15:34:56.375636787Z,2026-08-19T16:34:56.375636787Z,2026-08-19T16:01:43Z,0.977,Z,sensor_data
,,2,2026-08-19T15:34:56.375636787Z,2026-08-19T16:34:56.375636787Z,2026-08-19T16:01:44Z,0.979,Z,sensor_data
,,2,2026-08-19T15:34:56.375636787Z,2026-08-19T16:34:56.375636787Z,2026-08-19T16:01:45Z,0.976,Z,sensor_data
,,2,2026-08-19T15:34:56.375636787Z,2026-08-19T16:34:56.375636787Z,2026-08-19T16:01:46Z,0.979,Z,sensor_data
,,2,2026-08-19T15:34:56.375636787Z,2026-08-19T16:34:56.375636787Z,2026-08-19T16:01:47Z,0.977,Z,sensor_data
,,2,2026-08-19T15:34:56.375636787Z,2026-08-19T16:34:56.375636787Z,2026-08-19T16:01:48Z,0.977,Z,sensor_data
,,2,2026-08-19T15:34:56.375636787Z,2026-08-19T16:34:56.375636787Z,2026-08-19T16:01:49Z,0.977,Z,sensor_data
,,2,2026-08-19T15:34:56.375636787Z,2026-08-19T16:34:56.375636787Z,2026-08-19T16:01:50Z,0.976,Z,sensor_data
,,2,2026-08-19T15:34:56.375636787Z,2026-08-19T16:34:56.375636787Z,2026-08-19T16:01:51Z,0.978,Z,sensor_data
,,2,2026-08-19T15:34:56.375636787Z,2026-08-19T16:34:56.375636787Z,2026-08-19T16:01:52Z,0.977,Z,sensor_data
,,2,2026-08-19T15:34:56.375636787Z,2026-08-19T16:34:56.375636787Z,2026-08-19T16:01:53Z,0.979,Z,sensor_data
,,2,2026-08-19T15:34:56.375636787Z,2026-08-19T16:34:56.375636787Z,2026-08-19T16:01:54Z,0.978,Z,sensor_data
,,2,2026-08-19T15:34:56.375636787Z,2026-08-19T16:34:56.375636787Z,2026-08-19T16:01:55Z,0.978,Z,sensor_data
,,2,2026-08-19T15:34:56.375636787Z,2026-08-19T16:34:56.375636787Z,2026-08-19T16:01:56Z,0.978,Z,sensor_data
,,2,2026-08-19T15:34:56.375636787Z,2026-08-19T16:34:56.375636787Z,2026-08-19T16:01:57Z,0.979,Z,sensor_data
,,2,2026-08-19T15:34:56.375636787Z,2026-08-19T16:34:56.375636787Z,2026-08-19T16:01:58Z,0.98,Z,sensor_data
,,2,2026-08-19T15:34:56.375636787Z,2026-08-19T16:34:56.375636787Z,2026-08-19T16:01:59Z,0.979,Z,sensor_data
,,2,2026-08-19T15:34:56.375636787Z,2026-08-19T16:34:56.375636787Z,2026-08-19T16:02:00Z,0.979,Z,sensor_data
,,2,2026-08-19T15:34:56.375636787Z,2026-08-19T16:34:56.375636787Z,2026-08-19T16:02:01Z,0.978,Z,sensor_data
,,2,2026-08-19T15:34:56.375636787Z,2026-08-19T16:34:56.375636787Z,2026-08-19T16:02:02Z,0.979,Z,sensor_data
,,2,2026-08-19T15:34:56.375636787Z,2026-08-19T16:34:56.375636787Z,2026-08-19T16:02:03Z,0.978,Z,sensor_data
,,2,2026-08-19T15:34:56.375636787Z,2026-08-19T16:34:56.375636787Z,2026-08-19T16:02:04Z,0.979,Z,sensor_data
,,2,2026-08-19T15:34:56.375636787Z,2026-08-19T16:34:56.375636787Z,2026-08-19T16:02:05Z,0.979,Z,sensor_data
,,2,2026-08-19T15:34:56.375636787Z,2026-08-19T16:34:56.375636787Z,2026-08-19T16:02:06Z,0.977,Z,sensor_data
,,2,2026-08-19T15:34:56.375636787Z,2026-08-19T16:34:56.375636787Z,2026-08-19T16:02:07Z,0.977,Z,sensor_data
,,2,2026-08-19T15:34:56.375636787Z,2026-08-19T16:34:56.375636787Z,2026-08-19T16:02:08Z,0.976,Z,sensor_data
,,2,2026-08-19T15:34:56.375636787Z,2026-08-19T16:34:56.375636787Z,2026-08-19T16:02:09Z,0.978,Z,sensor_data
,,2,2026-08-19T15:34:56.375636787Z,2026-08-19T16:34:56.375636787Z,2026-08-19T16:02:10Z,0.978,Z,sensor_data
,,2,2026-08-19T15:34:56.375636787Z,2026-08-19T16:34:56.375636787Z,2026-08-19T16:02:11Z,0.98,Z,sensor_data
,,2,2026-08-19T15:34:56.375636787Z,2026-08-19T16:34:56.375636787Z,2026-08-19T16:02:12Z,0.976,Z,sensor_data
,,2,2026-08-19T15:34:56.375636787Z,2026-08-19T16:34:56.375636787Z,2026-08-19T16:02:13Z,0.978,Z,sensor_data
,,2,2026-08-19T15:34:56.375636787Z,2026-08-19T16:34:56.375636787Z,2026-08-19T16:02:14Z,0.978,Z,sensor_data
,,2,2026-08-19T15:34:56.375636787Z,2026-08-19T16:34:56.375636787Z,2026-08-19T16:02:15Z,0.98,Z,sensor_data
,,2,2026-08-19T15:34:56.375636787Z,2026-08-19T16:34:56.375636787Z,2026-08-19T16:02:16Z,0.977,Z,sensor_data
,,2,2026-08-19T15:34:56.375636787Z,2026-08-19T16:34:56.375636787Z,2026-08-19T16:02:17Z,0.976,Z,sensor_data
,,2,2026-08-19T15:34:56.375636787Z,2026-08-19T16:34:56.375636787Z,2026-08-19T16:02:18Z,0.98,Z,sensor_data
,,2,2026-08-19T15:34:56.375636787Z,2026-08-19T16:34:56.375636787Z,2026-08-19T16:02:19Z,0.977,Z,sensor_data
,,2,2026-08-19T15:34:56.375636787Z,2026-08-19T16:34:56.375636787Z,2026-08-19T16:02:20Z,0.977,Z,sensor_data
,,2,2026-08-19T15:34:56.375636787Z,2026-08-19T16:34:56.375636787Z,2026-08-19T16:02:21Z,0.977,Z,sensor_data
,,2,2026-08-19T15:34:56.375636787Z,2026-08-19T16:34:56.375636787Z,2026-08-19T16:02:22Z,0.977,Z,sensor_data
,,2,2026-08-19T15:34:56.375636787Z,2026-08-19T16:34:56.375636787Z,2026-08-19T16:02:23Z,0.978,Z,sensor_data
,,2,2026-08-19T15:34:56.375636787Z,2026-08-19T16:34:56.375636787Z,2026-08-19T16:02:24Z,0.977,Z,sensor_data
,,2,2026-08-19T15:34:56.375636787Z,2026-08-19T16:34:56.375636787Z,2026-08-19T16:02:25Z,0.978,Z,sensor_data
,,2,2026-08-19T15:34:56.375636787Z,2026-08-19T16:34:56.375636787Z,2026-08-19T16:02:26Z,0.978,Z,sensor_data
,,2,2026-08-19T15:34:56.375636787Z,2026-08-19T16:34:56.375636787Z,2026-08-19T16:02:27Z,0.977,Z,sensor_data
,,2,2026-08-19T15:34:56.375636787Z,2026-08-19T16:34:56.375636787Z,2026-08-19T16:02:28Z,0.978,Z,sensor_data
,,2,2026-08-19T15:34:56.375636787Z,2026-08-19T16:34:56.375636787Z,2026-08-19T16:02:29Z,0.977,Z,sensor_data
,,2,2026-08-19T15:34:56.375636787Z,2026-08-19T16:34:56.375636787Z,2026-08-19T16:02:30Z,0.978,Z,sensor_data
,,2,2026-08-19T15:34:56.375636787Z,2026-08-19T16:34:56.375636787Z,2026-08-19T16:02:31Z,0.978,Z,sensor_data
,,2,2026-08-19T15:34:56.375636787Z,2026-08-19T16:34:56.375636787Z,2026-08-19T16:02:32Z,0.978,Z,sensor_data
,,2,2026-08-19T15:34:56.375636787Z,2026-08-19T16:34:56.375636787Z,2026-08-19T16:02:33Z,0.977,Z,sensor_data
,,2,2026-08-19T15:34:56.375636787Z,2026-08-19T16:34:56.375636787Z,2026-08-19T16:02:34Z,0.978,Z,sensor_data
,,2,2026-08-19T15:34:56.375636787Z,2026-08-19T16:34:56.375636787Z,2026-08-19T16:02:35Z,0.977,Z,sensor_data
,,2,2026-08-19T15:34:56.375636787Z,2026-08-19T16:34:56.375636787Z,2026-08-19T16:02:36Z,0.978,Z,sensor_data
,,2,2026-08-19T15:34:56.375636787Z,2026-08-19T16:34:56.375636787Z,2026-08-19T16:02:37Z,0.978,Z,sensor_data
,,2,2026-08-19T15:34:56.375636787Z,2026-08-19T16:34:56.375636787Z,2026-08-19T16:02:38Z,0.977,Z,sensor_data
,,2,2026-08-19T15:34:56.375636787Z,2026-08-19T16:34:56.375636787Z,2026-08-19T16:02:39Z,0.977,Z,sensor_data
,,2,2026-08-19T15:34:56.375636787Z,2026-08-19T16:34:56.375636787Z,2026-08-19T16:02:40Z,0.977,Z,sensor_data
,,2,2026-08-19T15:34:56.375636787Z,2026-08-19T16:34:56.375636787Z,2026-08-19T16:02:41Z,0.977,Z,sensor_data
,,2,2026-08-19T15:34:56.375636787Z,2026-08-19T16:34:56.375636787Z,2026-08-19T16:02:42Z,0.978,Z,sensor_data
,,2,2026-08-19T15:34:56.375636787Z,2026-08-19T16:34:56.375636787Z,2026-08-19T16:02:43Z,0.978,Z,sensor_data
,,2,2026-08-19T15:34:56.375636787Z,2026-08-19T16:34:56.375636787Z,2026-08-19T16:02:44Z,0.977,Z,sensor_data
,,2,2026-08-19T15:34:56.375636787Z,2026-08-19T16:34:56.375636787Z,2026-08-19T16:02:45Z,0.977,Z,sensor_data
,,2,2026-08-19T15:34:56.375636787Z,2026-08-19T16:34:56.375636787Z,2026-08-19T16:02:46Z,0.976,Z,sensor_data
,,2,2026-08-19T15:34:56.375636787Z,2026-08-19T16:34:56.375636787Z,2026-08-19T16:02:47Z,0.979,Z,sensor_data
,,2,2026-08-19T15:34:56.375636787Z,2026-08-19T16:34:56.375636787Z,2026-08-19T16:02:48Z,0.974,Z,sensor_data
,,2,2026-08-19T15:34:56.375636787Z,2026-08-19T16:34:56.375636787Z,2026-08-19T16:02:49Z,0.977,Z,sensor_data
,,2,2026-08-19T15:34:56.375636787Z,2026-08-19T16:34:56.375636787Z,2026-08-19T16:02:50Z,0.978,Z,sensor_data
,,2,2026-08-19T15:34:56.375636787Z,2026-08-19T16:34:56.375636787Z,2026-08-19T16:02:51Z,0.978,Z,sensor_data
,,2,2026-08-19T15:34:56.375636787Z,2026-08-19T16:34:56.375636787Z,2026-08-19T16:02:52Z,0.977,Z,sensor_data
,,2,2026-08-19T15:34:56.375636787Z,2026-08-19T16:34:56.375636787Z,2026-08-19T16:02:53Z,0.978,Z,sensor_data
,,2,2026-08-19T15:34:56.375636787Z,2026-08-19T16:34:56.375636787Z,2026-08-19T16:02:54Z,0.978,Z,sensor_data
,,2,2026-08-19T15:34:56.375636787Z,2026-08-19T16:34:56.375636787Z,2026-08-19T16:02:55Z,0.978,Z,sensor_data
,,2,2026-08-19T15:34:56.375636787Z,2026-08-19T16:34:56.375636787Z,2026-08-19T16:02:56Z,0.978,Z,sensor_data
,,2,2026-08-19T15:34:56.375636787Z,2026-08-19T16:34:56.375636787Z,2026-08-19T16:02:57Z,0.978,Z,sensor_data
,,2,2026-08-19T15:34:56.375636787Z,2026-08-19T16:34:56.375636787Z,2026-08-19T16:02:58Z,0.981,Z,sensor_data
,,2,2026-08-19T15:34:56.375636787Z,2026-08-19T16:34:56.375636787Z,2026-08-19T16:02:59Z,0.977,Z,sensor_data
,,2,2026-08-19T15:34:56.375636787Z,2026-08-19T16:34:56.375636787Z,2026-08-19T16:03:00Z,0.978,Z,sensor_data
,,2,2026-08-19T15:34:56.375636787Z,2026-08-19T16:34:56.375636787Z,2026-08-19T16:03:01Z,0.977,Z,sensor_data
,,2,2026-08-19T15:34:56.375636787Z,2026-08-19T16:34:56.375636787Z,2026-08-19T16:03:02Z,0.978,Z,sensor_data
,,2,2026-08-19T15:34:56.375636787Z,2026-08-19T16:34:56.375636787Z,2026-08-19T16:03:03Z,0.979,Z,sensor_data
,,2,2026-08-19T15:34:56.375636787Z,2026-08-19T16:34:56.375636787Z,2026-08-19T16:03:04Z,0.977,Z,sensor_data
,,2,2026-08-19T15:34:56.375636787Z,2026-08-19T16:34:56.375636787Z,2026-08-19T16:03:05Z,0.976,Z,sensor_data
,,2,2026-08-19T15:34:56.375636787Z,2026-08-19T16:34:56.375636787Z,2026-08-19T16:03:06Z,0.98,Z,sensor_data
,,2,2026-08-19T15:34:56.375636787Z,2026-08-19T16:34:56.375636787Z,2026-08-19T16:03:07Z,0.97,Z,sensor_data
,,2,2026-08-19T15:34:56.375636787Z,2026-08-19T16:34:56.375636787Z,2026-08-19T16:03:08Z,0.979,Z,sensor_data
,,2,2026-08-19T15:34:56.375636787Z,2026-08-19T16:34:56.375636787Z,2026-08-19T16:03:09Z,0.977,Z,sensor_data
,,2,2026-08-19T15:34:56.375636787Z,2026-08-19T16:34:56.375636787Z,2026-08-19T16:03:10Z,0.978,Z,sensor_data
,,2,2026-08-19T15:34:56.375636787Z,2026-08-19T16:34:56.375636787Z,2026-08-19T16:03:11Z,0.978,Z,sensor_data
,,2,2026-08-19T15:34:56.375636787Z,2026-08-19T16:34:56.375636787Z,2026-08-19T16:03:12Z,0.978,Z,sensor_data
,,2,2026-08-19T15:34:56.375636787Z,2026-08-19T16:34:56.375636787Z,2026-08-19T16:03:13Z,0.979,Z,sensor_data
,,2,2026-08-19T15:34:56.375636787Z,2026-08-19T16:34:56.375636787Z,2026-08-19T16:03:14Z,0.977,Z,sensor_data
,,2,2026-08-19T15:34:56.375636787Z,2026-08-19T16:34:56.375636787Z,2026-08-19T16:03:15Z,0.977,Z,sensor_data
,,2,2026-08-19T15:34:56.375636787Z,2026-08-19T16:34:56.375636787Z,2026-08-19T16:03:16Z,0.978,Z,sensor_data
,,2,2026-08-19T15:34:56.375636787Z,2026-08-19T16:34:56.375636787Z,2026-08-19T16:03:17Z,0.975,Z,sensor_data
,,2,2026-08-19T15:34:56.375636787Z,2026-08-19T16:34:56.375636787Z,2026-08-19T16:03:18Z,0.977,Z,sensor_data
,,2,2026-08-19T15:34:56.375636787Z,2026-08-19T16:34:56.375636787Z,2026-08-19T16:03:19Z,0.977,Z,sensor_data
,,2,2026-08-19T15:34:56.375636787Z,2026-08-19T16:34:56.375636787Z,2026-08-19T16:03:20Z,0.979,Z,sensor_data
,,2,2026-08-19T15:34:56.375636787Z,2026-08-19T16:34:56.375636787Z,2026-08-19T16:03:21Z,0.978,Z,sensor_data
,,2,2026-08-19T15:34:56.375636787Z,2026-08-19T16:34:56.375636787Z,2026-08-19T16:03:22Z,0.979,Z,sensor_data
,,2,2026-08-19T15:34:56.375636787Z,2026-08-19T16:34:56.375636787Z,2026-08-19T16:03:23Z,0.978,Z,sensor_data
,,2,2026-08-19T15:34:56.375636787Z,2026-08-19T16:34:56.375636787Z,2026-08-19T16:03:24Z,0.981,Z,sensor_data
,,2,2026-08-19T15:34:56.375636787Z,2026-08-19T16:34:56.375636787Z,2026-08-19T16:03:25Z,0.977,Z,sensor_data
,,2,2026-08-19T15:34:56.375636787Z,2026-08-19T16:34:56.375636787Z,2026-08-19T16:03:26Z,0.979,Z,sensor_data
,,2,2026-08-19T15:34:56.375636787Z,2026-08-19T16:34:56.375636787Z,2026-08-19T16:03:27Z,0.978,Z,sensor_data
,,2,2026-08-19T15:34:56.375636787Z,2026-08-19T16:34:56.375636787Z,2026-08-19T16:03:28Z,0.978,Z,sensor_data
,,2,2026-08-19T15:34:56.375636787Z,2026-08-19T16:34:56.375636787Z,2026-08-19T16:03:29Z,0.983,Z,sensor_data
,,2,2026-08-19T15:34:56.375636787Z,2026-08-19T16:34:56.375636787Z,2026-08-19T16:03:30Z,0.978,Z,sensor_data
,,2,2026-08-19T15:34:56.375636787Z,2026-08-19T16:34:56.375636787Z,2026-08-19T16:03:31Z,0.974,Z,sensor_data
,,2,2026-08-19T15:34:56.375636787Z,2026-08-19T16:34:56.375636787Z,2026-08-19T16:03:32Z,0.979,Z,sensor_data
,,2,2026-08-19T15:34:56.375636787Z,2026-08-19T16:34:56.375636787Z,2026-08-19T16:03:33Z,0.977,Z,sensor_data
,,2,2026-08-19T15:34:56.375636787Z,2026-08-19T16:34:56.375636787Z,2026-08-19T16:03:34Z,0.978,Z,sensor_data
,,2,2026-08-19T15:34:56.375636787Z,2026-08-19T16:34:56.375636787Z,2026-08-19T16:03:35Z,0.978,Z,sensor_data
,,2,2026-08-19T15:34:56.375636787Z,2026-08-19T16:34:56.375636787Z,2026-08-19T16:03:36Z,0.978,Z,sensor_data
,,2,2026-08-19T15:34:56.375636787Z,2026-08-19T16:34:56.375636787Z,2026-08-19T16:03:37Z,0.977,Z,sensor_data
,,2,2026-08-19T15:34:56.375636787Z,2026-08-19T16:34:56.375636787Z,2026-08-19T16:03:38Z,0.977,Z,sensor_data
,,2,2026-08-19T15:34:56.375636787Z,2026-08-19T16:34:56.375636787Z,2026-08-19T16:03:39Z,0.978,Z,sensor_data
,,2,2026-08-19T15:34:56.375636787Z,2026-08-19T16:34:56.375636787Z,2026-08-19T16:03:40Z,0.978,Z,sensor_data
,,2,2026-08-19T15:34:56.375636787Z,2026-08-19T16:34:56.375636787Z,2026-08-19T16:03:41Z,0.979,Z,sensor_data
,,2,2026-08-19T15:34:56.375636787Z,2026-08-19T16:34:56.375636787Z,2026-08-19T16:03:42Z,0.978,Z,sensor_data
,,2,2026-08-19T15:34:56.375636787Z,2026-08-19T16:34:56.375636787Z,2026-08-19T16:03:43Z,0.976,Z,sensor_data
,,2,2026-08-19T15:34:56.375636787Z,2026-08-19T16:34:56.375636787Z,2026-08-19T16:03:44Z,0.978,Z,sensor_data
,,2,2026-08-19T15:34:56.375636787Z,2026-08-19T16:34:56.375636787Z,2026-08-19T16:03:45Z,0.978,Z,sensor_data
,,2,2026-08-19T15:34:56.375636787Z,2026-08-19T16:34:56.375636787Z,2026-08-19T16:03:46Z,0.975,Z,sensor_data
,,2,2026-08-19T15:34:56.375636787Z,2026-08-19T16:34:56.375636787Z,2026-08-19T16:03:47Z,0.978,Z,sensor_data
,,2,2026-08-19T15:34:56.375636787Z,2026-08-19T16:34:56.375636787Z,2026-08-19T16:03:48Z,0.978,Z,sensor_data
,,2,2026-08-19T15:34:56.375636787Z,2026-08-19T16:34:56.375636787Z,2026-08-19T16:03:49Z,0.977,Z,sensor_data
,,2,2026-08-19T15:34:56.375636787Z,2026-08-19T16:34:56.375636787Z,2026-08-19T16:03:50Z,0.978,Z,sensor_data
,,2,2026-08-19T15:34:56.375636787Z,2026-08-19T16:34:56.375636787Z,2026-08-19T16:03:51Z,0.977,Z,sensor_data
,,2,2026-08-19T15:34:56.375636787Z,2026-08-19T16:34:56.375636787Z,2026-08-19T16:03:52Z,0.977,Z,sensor_data
,,2,2026-08-19T15:34:56.375636787Z,2026-08-19T16:34:56.375636787Z,2026-08-19T16:03:53Z,0.979,Z,sensor_data
,,2,2026-08-19T15:34:56.375636787Z,2026-08-19T16:34:56.375636787Z,2026-08-19T16:03:54Z,0.979,Z,sensor_data
,,2,2026-08-19T15:34:56.375636787Z,2026-08-19T16:34:56.375636787Z,2026-08-19T16:03:55Z,0.978,Z,sensor_data
,,2,2026-08-19T15:34:56.375636787Z,2026-08-19T16:34:56.375636787Z,2026-08-19T16:03:56Z,0.974,Z,sensor_data
,,2,2026-08-19T15:34:56.375636787Z,2026-08-19T16:34:56.375636787Z,2026-08-19T16:03:57Z,0.978,Z,sensor_data
,,2,2026-08-19T15:34:56.375636787Z,2026-08-19T16:34:56.375636787Z,2026-08-19T16:03:58Z,0.98,Z,sensor_data
,,2,2026-08-19T15:34:56.375636787Z,2026-08-19T16:34:56.375636787Z,2026-08-19T16:03:59Z,0.978,Z,sensor_data
,,2,2026-08-19T15:34:56.375636787Z,2026-08-19T16:34:56.375636787Z,2026-08-19T16:04:00Z,0.979,Z,sensor_data
,,2,2026-08-19T15:34:56.375636787Z,2026-08-19T16:34:56.375636787Z,2026-08-19T16:04:01Z,0.977,Z,sensor_data
,,2,2026-08-19T15:34:56.375636787Z,2026-08-19T16:34:56.375636787Z,2026-08-19T16:04:02Z,0.978,Z,sensor_data
,,2,2026-08-19T15:34:56.375636787Z,2026-08-19T16:34:56.375636787Z,2026-08-19T16:04:03Z,0.979,Z,sensor_data
,,2,2026-08-19T15:34:56.375636787Z,2026-08-19T16:34:56.375636787Z,2026-08-19T16:04:04Z,0.977,Z,sensor_data
,,2,2026-08-19T15:34:56.375636787Z,2026-08-19T16:34:56.375636787Z,2026-08-19T16:04:05Z,0.978,Z,sensor_data
,,2,2026-08-19T15:34:56.375636787Z,2026-08-19T16:34:56.375636787Z,2026-08-19T16:04:06Z,0.978,Z,sensor_data
,,2,2026-08-19T15:34:56.375636787Z,2026-08-19T16:34:56.375636787Z,2026-08-19T16:04:07Z,0.979,Z,sensor_data
,,2,2026-08-19T15:34:56.375636787Z,2026-08-19T16:34:56.375636787Z,2026-08-19T16:04:08Z,0.981,Z,sensor_data
,,2,2026-08-19T15:34:56.375636787Z,2026-08-19T16:34:56.375636787Z,2026-08-19T16:04:09Z,0.978,Z,sensor_data
,,2,2026-08-19T15:34:56.375636787Z,2026-08-19T16:34:56.375636787Z,2026-08-19T16:04:10Z,0.977,Z,sensor_data
,,2,2026-08-19T15:34:56.375636787Z,2026-08-19T16:34:56.375636787Z,2026-08-19T16:04:11Z,0.977,Z,sensor_data
,,2,2026-08-19T15:34:56.375636787Z,2026-08-19T16:34:56.375636787Z,2026-08-19T16:04:12Z,0.978,Z,sensor_data
,,2,2026-08-19T15:34:56.375636787Z,2026-08-19T16:34:56.375636787Z,2026-08-19T16:04:13Z,0.979,Z,sensor_data
,,2,2026-08-19T15:34:56.375636787Z,2026-08-19T16:34:56.375636787Z,2026-08-19T16:04:14Z,0.977,Z,sensor_data
,,2,2026-08-19T15:34:56.375636787Z,2026-08-19T16:34:56.375636787Z,2026-08-19T16:04:15Z,0.978,Z,sensor_data
,,2,2026-08-19T15:34:56.375636787Z,2026-08-19T16:34:56.375636787Z,2026-08-19T16:04:16Z,0.977,Z,sensor_data
,,2,2026-08-19T15:34:56.375636787Z,2026-08-19T16:34:56.375636787Z,2026-08-19T16:04:17Z,0.978,Z,sensor_data
,,2,2026-08-19T15:34:56.375636787Z,2026-08-19T16:34:56.375636787Z,2026-08-19T16:04:18Z,0.978,Z,sensor_data
,,2,2026-08-19T15:34:56.375636787Z,2026-08-19T16:34:56.375636787Z,2026-08-19T16:04:19Z,0.978,Z,sensor_data
,,2,2026-08-19T15:34:56.375636787Z,2026-08-19T16:34:56.375636787Z,2026-08-19T16:04:20Z,0.978,Z,sensor_data
,,2,2026-08-19T15:34:56.375636787Z,2026-08-19T16:34:56.375636787Z,2026-08-19T16:04:21Z,0.978,Z,sensor_data
,,2,2026-08-19T15:34:56.375636787Z,2026-08-19T16:34:56.375636787Z,2026-08-19T16:04:22Z,0.977,Z,sensor_data
,,2,2026-08-19T15:34:56.375636787Z,2026-08-19T16:34:56.375636787Z,2026-08-19T16:04:23Z,0.977,Z,sensor_data
,,2,2026-08-19T15:34:56.375636787Z,2026-08-19T16:34:56.375636787Z,2026-08-19T16:04:24Z,0.977,Z,sensor_data
,,2,2026-08-19T15:34:56.375636787Z,2026-08-19T16:34:56.375636787Z,2026-08-19T16:04:25Z,0.977,Z,sensor_data
,,2,2026-08-19T15:34:56.375636787Z,2026-08-19T16:34:56.375636787Z,2026-08-19T16:04:26Z,0.977,Z,sensor_data
,,2,2026-08-19T15:34:56.375636787Z,2026-08-19T16:34:56.375636787Z,2026-08-19T16:04:27Z,0.977,Z,sensor_data
,,2,2026-08-19T15:34:56.375636787Z,2026-08-19T16:34:56.375636787Z,2026-08-19T16:04:28Z,0.978,Z,sensor_data
,,2,2026-08-19T15:34:56.375636787Z,2026-08-19T16:34:56.375636787Z,2026-08-19T16:04:29Z,0.977,Z,sensor_data
,,2,2026-08-19T15:34:56.375636787Z,2026-08-19T16:34:56.375636787Z,2026-08-19T16:04:30Z,0.978,Z,sensor_data
,,2,2026-08-19T15:34:56.375636787Z,2026-08-19T16:34:56.375636787Z,2026-08-19T16:04:31Z,0.979,Z,sensor_data
,,2,2026-08-19T15:34:56.375636787Z,2026-08-19T16:34:56.375636787Z,2026-08-19T16:04:32Z,0.979,Z,sensor_data
,,2,2026-08-19T15:34:56.375636787Z,2026-08-19T16:34:56.375636787Z,2026-08-19T16:04:33Z,0.978,Z,sensor_data
,,2,2026-08-19T15:34:56.375636787Z,2026-08-19T16:34:56.375636787Z,2026-08-19T16:04:34Z,0.98,Z,sensor_data
,,2,2026-08-19T15:34:56.375636787Z,2026-08-19T16:34:56.375636787Z,2026-08-19T16:04:35Z,0.978,Z,sensor_data
,,2,2026-08-19T15:34:56.375636787Z,2026-08-19T16:34:56.375636787Z,2026-08-19T16:04:36Z,0.979,Z,sensor_data
,,2,2026-08-19T15:34:56.375636787Z,2026-08-19T16:34:56.375636787Z,2026-08-19T16:04:37Z,0.978,Z,sensor_data
,,2,2026-08-19T15:34:56.375636787Z,2026-08-19T16:34:56.375636787Z,2026-08-19T16:04:38Z,0.977,Z,sensor_data
,,2,2026-08-19T15:34:56.375636787Z,2026-08-19T16:34:56.375636787Z,2026-08-19T16:04:39Z,0.978,Z,sensor_data
,,2,2026-08-19T15:34:56.375636787Z,2026-08-19T16:34:56.375636787Z,2026-08-19T16:04:40Z,0.978,Z,sensor_data
,,2,2026-08-19T15:34:56.375636787Z,2026-08-19T16:34:56.375636787Z,2026-08-19T16:04:41Z,0.978,Z,sensor_data
,,2,2026-08-19T15:34:56.375636787Z,2026-08-19T16:34:56.375636787Z,2026-08-19T16:04:42Z,0.978,Z,sensor_data
,,2,2026-08-19T15:34:56.375636787Z,2026-08-19T16:34:56.375636787Z,2026-08-19T16:04:43Z,0.977,Z,sensor_data
,,2,2026-08-19T15:34:56.375636787Z,2026-08-19T16:34:56.375636787Z,2026-08-19T16:04:44Z,0.978,Z,sensor_data
,,2,2026-08-19T15:34:56.375636787Z,2026-08-19T16:34:56.375636787Z,2026-08-19T16:04:45Z,0.977,Z,sensor_data
,,2,2026-08-19T15:34:56.375636787Z,2026-08-19T16:34:56.375636787Z,2026-08-19T16:04:46Z,0.977,Z,sensor_data
,,2,2026-08-19T15:34:56.375636787Z,2026-08-19T16:34:56.375636787Z,2026-08-19T16:04:47Z,0.978,Z,sensor_data
,,2,2026-08-19T15:34:56.375636787Z,2026-08-19T16:34:56.375636787Z,2026-08-19T16:04:48Z,0.977,Z,sensor_data
,,2,2026-08-19T15:34:56.375636787Z,2026-08-19T16:34:56.375636787Z,2026-08-19T16:04:49Z,0.978,Z,sensor_data
,,2,2026-08-19T15:34:56.375636787Z,2026-08-19T16:34:56.375636787Z,2026-08-19T16:04:50Z,0.978,Z,sensor_data
,,2,2026-08-19T15:34:56.375636787Z,2026-08-19T16:34:56.375636787Z,2026-08-19T16:04:51Z,0.977,Z,sensor_data
,,2,2026-08-19T15:34:56.375636787Z,2026-08-19T16:34:56.375636787Z,2026-08-19T16:04:52Z,0.977,Z,sensor_data
,,2,2026-08-19T15:34:56.375636787Z,2026-08-19T16:34:56.375636787Z,2026-08-19T16:04:53Z,0.98,Z,sensor_data
,,2,2026-08-19T15:34:56.375636787Z,2026-08-19T16:34:56.375636787Z,2026-08-19T16:04:54Z,0.978,Z,sensor_data
,,2,2026-08-19T15:34:56.375636787Z,2026-08-19T16:34:56.375636787Z,2026-08-19T16:04:55Z,0.978,Z,sensor_data
,,2,2026-08-19T15:34:56.375636787Z,2026-08-19T16:34:56.375636787Z,2026-08-19T16:04:56Z,0.978,Z,sensor_data
,,2,2026-08-19T15:34:56.375636787Z,2026-08-19T16:34:56.375636787Z,2026-08-19T16:04:57Z,0.978,Z,sensor_data
,,2,2026-08-19T15:34:56.375636787Z,2026-08-19T16:34:56.375636787Z,2026-08-19T16:04:58Z,0.979,Z,sensor_data
,,2,2026-08-19T15:34:56.375636787Z,2026-08-19T16:34:56.375636787Z,2026-08-19T16:04:59Z,0.979,Z,sensor_data
,,2,2026-08-19T15:34:56.375636787Z,2026-08-19T16:34:56.375636787Z,2026-08-19T16:05:00Z,0.978,Z,sensor_data
,,2,2026-08-19T15:34:56.375636787Z,2026-08-19T16:34:56.375636787Z,2026-08-19T16:05:01Z,0.978,Z,sensor_data
,,2,2026-08-19T15:34:56.375636787Z,2026-08-19T16:34:56.375636787Z,2026-08-19T16:05:02Z,0.977,Z,sensor_data
,,2,2026-08-19T15:34:56.375636787Z,2026-08-19T16:34:56.375636787Z,2026-08-19T16:05:03Z,0.978,Z,sensor_data
,,2,2026-08-19T15:34:56.375636787Z,2026-08-19T16:34:56.375636787Z,2026-08-19T16:05:04Z,0.978,Z,sensor_data
,,2,2026-08-19T15:34:56.375636787Z,2026-08-19T16:34:56.375636787Z,2026-08-19T16:05:05Z,0.977,Z,sensor_data
,,2,2026-08-19T15:34:56.375636787Z,2026-08-19T16:34:56.375636787Z,2026-08-19T16:05:06Z,0.979,Z,sensor_data
,,2,2026-08-19T15:34:56.375636787Z,2026-08-19T16:34:56.375636787Z,2026-08-19T16:05:07Z,0.977,Z,sensor_data
,,2,2026-08-19T15:34:56.375636787Z,2026-08-19T16:34:56.375636787Z,2026-08-19T16:05:08Z,0.978,Z,sensor_data
,,2,2026-08-19T15:34:56.375636787Z,2026-08-19T16:34:56.375636787Z,2026-08-19T16:05:09Z,0.978,Z,sensor_data
,,2,2026-08-19T15:34:56.375636787Z,2026-08-19T16:34:56.375636787Z,2026-08-19T16:05:10Z,0.976,Z,sensor_data
,,2,2026-08-19T15:34:56.375636787Z,2026-08-19T16:34:56.375636787Z,2026-08-19T16:05:11Z,0.977,Z,sensor_data
,,2,2026-08-19T15:34:56.375636787Z,2026-08-19T16:34:56.375636787Z,2026-08-19T16:05:12Z,0.977,Z,sensor_data
,,2,2026-08-19T15:34:56.375636787Z,2026-08-19T16:34:56.375636787Z,2026-08-19T16:05:13Z,0.976,Z,sensor_data
,,2,2026-08-19T15:34:56.375636787Z,2026-08-19T16:34:56.375636787Z,2026-08-19T16:05:14Z,0.978,Z,sensor_data
,,2,2026-08-19T15:34:56.375636787Z,2026-08-19T16:34:56.375636787Z,2026-08-19T16:05:15Z,0.978,Z,sensor_data
,,2,2026-08-19T15:34:56.375636787Z,2026-08-19T16:34:56.375636787Z,2026-08-19T16:05:16Z,0.978,Z,sensor_data
,,2,2026-08-19T15:34:56.375636787Z,2026-08-19T16:34:56.375636787Z,2026-08-19T16:05:17Z,0.978,Z,sensor_data
,,2,2026-08-19T15:34:56.375636787Z,2026-08-19T16:34:56.375636787Z,2026-08-19T16:05:18Z,0.978,Z,sensor_data
,,2,2026-08-19T15:34:56.375636787Z,2026-08-19T16:34:56.375636787Z,2026-08-19T16:05:19Z,0.977,Z,sensor_data
,,2,2026-08-19T15:34:56.375636787Z,2026-08-19T16:34:56.375636787Z,2026-08-19T16:05:20Z,0.979,Z,sensor_data
,,2,2026-08-19T15:34:56.375636787Z,2026-08-19T16:34:56.375636787Z,2026-08-19T16:05:21Z,0.979,Z,sensor_data
,,2,2026-08-19T15:34:56.375636787Z,2026-08-19T16:34:56.375636787Z,2026-08-19T16:05:22Z,0.978,Z,sensor_data
,,2,2026-08-19T15:34:56.375636787Z,2026-08-19T16:34:56.375636787Z,2026-08-19T16:05:23Z,0.978,Z,sensor_data
,,2,2026-08-19T15:34:56.375636787Z,2026-08-19T16:34:56.375636787Z,2026-08-19T16:05:24Z,0.979,Z,sensor_data
,,2,2026-08-19T15:34:56.375636787Z,2026-08-19T16:34:56.375636787Z,2026-08-19T16:05:25Z,0.978,Z,sensor_data
,,2,2026-08-19T15:34:56.375636787Z,2026-08-19T16:34:56.375636787Z,2026-08-19T16:05:26Z,0.977,Z,sensor_data
,,2,2026-08-19T15:34:56.375636787Z,2026-08-19T16:34:56.375636787Z,2026-08-19T16:05:27Z,0.978,Z,sensor_data
,,2,2026-08-19T15:34:56.375636787Z,2026-08-19T16:34:56.375636787Z,2026-08-19T16:05:28Z,0.978,Z,sensor_data
,,2,2026-08-19T15:34:56.375636787Z,2026-08-19T16:34:56.375636787Z,2026-08-19T16:05:29Z,0.978,Z,sensor_data
,,2,2026-08-19T15:34:56.375636787Z,2026-08-19T16:34:56.375636787Z,2026-08-19T16:05:30Z,0.978,Z,sensor_data
,,2,2026-08-19T15:34:56.375636787Z,2026-08-19T16:34:56.375636787Z,2026-08-19T16:05:31Z,0.977,Z,sensor_data
,,2,2026-08-19T15:34:56.375636787Z,2026-08-19T16:34:56.375636787Z,2026-08-19T16:05:32Z,0.978,Z,sensor_data
,,2,2026-08-19T15:34:56.375636787Z,2026-08-19T16:34:56.375636787Z,2026-08-19T16:05:33Z,0.978,Z,sensor_data
,,2,2026-08-19T15:34:56.375636787Z,2026-08-19T16:34:56.375636787Z,2026-08-19T16:05:34Z,0.977,Z,sensor_data
,,2,2026-08-19T15:34:56.375636787Z,2026-08-19T16:34:56.375636787Z,2026-08-19T16:05:35Z,0.977,Z,sensor_data
,,2,2026-08-19T15:34:56.375636787Z,2026-08-19T16:34:56.375636787Z,2026-08-19T16:05:36Z,0.978,Z,sensor_data
,,2,2026-08-19T15:34:56.375636787Z,2026-08-19T16:34:56.375636787Z,2026-08-19T16:05:37Z,0.978,Z,sensor_data
,,2,2026-08-19T15:34:56.375636787Z,2026-08-19T16:34:56.375636787Z,2026-08-19T16:05:38Z,0.977,Z,sensor_data
,,2,2026-08-19T15:34:56.375636787Z,2026-08-19T16:34:56.375636787Z,2026-08-19T16:05:39Z,0.978,Z,sensor_data
,,2,2026-08-19T15:34:56.375636787Z,2026-08-19T16:34:56.375636787Z,2026-08-19T16:05:40Z,0.977,Z,sensor_data
,,2,2026-08-19T15:34:56.375636787Z,2026-08-19T16:34:56.375636787Z,2026-08-19T16:05:41Z,0.978,Z,sensor_data
,,2,2026-08-19T15:34:56.375636787Z,2026-08-19T16:34:56.375636787Z,2026-08-19T16:05:42Z,0.978,Z,sensor_data
,,2,2026-08-19T15:34:56.375636787Z,2026-08-19T16:34:56.375636787Z,2026-08-19T16:05:43Z,0.976,Z,sensor_data
,,2,2026-08-19T15:34:56.375636787Z,2026-08-19T16:34:56.375636787Z,2026-08-19T16:05:44Z,0.978,Z,sensor_data
,,2,2026-08-19T15:34:56.375636787Z,2026-08-19T16:34:56.375636787Z,2026-08-19T16:05:45Z,0.978,Z,sensor_data
,,2,2026-08-19T15:34:56.375636787Z,2026-08-19T16:34:56.375636787Z,2026-08-19T16:05:46Z,0.977,Z,sensor_data
,,2,2026-08-19T15:34:56.375636787Z,2026-08-19T16:34:56.375636787Z,2026-08-19T16:05:47Z,0.977,Z,sensor_data
,,2,2026-08-19T15:34:56.375636787Z,2026-08-19T16:34:56.375636787Z,2026-08-19T16:05:48Z,0.979,Z,sensor_data
,,2,2026-08-19T15:34:56.375636787Z,2026-08-19T16:34:56.375636787Z,2026-08-19T16:05:49Z,0.977,Z,sensor_data
,,2,2026-08-19T15:34:56.375636787Z,2026-08-19T16:34:56.375636787Z,2026-08-19T16:05:50Z,0.977,Z,sensor_data
,,2,2026-08-19T15:34:56.375636787Z,2026-08-19T16:34:56.375636787Z,2026-08-19T16:05:51Z,0.979,Z,sensor_data
,,2,2026-08-19T15:34:56.375636787Z,2026-08-19T16:34:56.375636787Z,2026-08-19T16:05:52Z,0.978,Z,sensor_data
,,2,2026-08-19T15:34:56.375636787Z,2026-08-19T16:34:56.375636787Z,2026-08-19T16:05:53Z,0.977,Z,sensor_data
,,2,2026-08-19T15:34:56.375636787Z,2026-08-19T16:34:56.375636787Z,2026-08-19T16:05:54Z,0.978,Z,sensor_data
,,2,2026-08-19T15:34:56.375636787Z,2026-08-19T16:34:56.375636787Z,2026-08-19T16:05:55Z,0.978,Z,sensor_data
,,2,2026-08-19T15:34:56.375636787Z,2026-08-19T16:34:56.375636787Z,2026-08-19T16:05:56Z,0.979,Z,sensor_data
,,2,2026-08-19T15:34:56.375636787Z,2026-08-19T16:34:56.375636787Z,2026-08-19T16:05:57Z,0.978,Z,sensor_data
,,2,2026-08-19T15:34:56.375636787Z,2026-08-19T16:34:56.375636787Z,2026-08-19T16:05:59Z,0.979,Z,sensor_data
,,2,2026-08-19T15:34:56.375636787Z,2026-08-19T16:34:56.375636787Z,2026-08-19T16:06:00Z,0.977,Z,sensor_data
,,2,2026-08-19T15:34:56.375636787Z,2026-08-19T16:34:56.375636787Z,2026-08-19T16:06:01Z,0.977,Z,sensor_data
,,2,2026-08-19T15:34:56.375636787Z,2026-08-19T16:34:56.375636787Z,2026-08-19T16:06:02Z,0.978,Z,sensor_data
,,2,2026-08-19T15:34:56.375636787Z,2026-08-19T16:34:56.375636787Z,2026-08-19T16:06:03Z,0.978,Z,sensor_data
,,2,2026-08-19T15:34:56.375636787Z,2026-08-19T16:34:56.375636787Z,2026-08-19T16:06:04Z,0.978,Z,sensor_data
,,2,2026-08-19T15:34:56.375636787Z,2026-08-19T16:34:56.375636787Z,2026-08-19T16:06:05Z,0.977,Z,sensor_data
,,2,2026-08-19T15:34:56.375636787Z,2026-08-19T16:34:56.375636787Z,2026-08-19T16:06:06Z,0.979,Z,sensor_data
,,2,2026-08-19T15:34:56.375636787Z,2026-08-19T16:34:56.375636787Z,2026-08-19T16:06:07Z,0.978,Z,sensor_data
,,2,2026-08-19T15:34:56.375636787Z,2026-08-19T16:34:56.375636787Z,2026-08-19T16:06:08Z,0.978,Z,sensor_data
,,2,2026-08-19T15:34:56.375636787Z,2026-08-19T16:34:56.375636787Z,2026-08-19T16:06:09Z,0.978,Z,sensor_data
,,2,2026-08-19T15:34:56.375636787Z,2026-08-19T16:34:56.375636787Z,2026-08-19T16:06:10Z,0.978,Z,sensor_data
,,2,2026-08-19T15:34:56.375636787Z,2026-08-19T16:34:56.375636787Z,2026-08-19T16:06:11Z,0.977,Z,sensor_data
,,2,2026-08-19T15:34:56.375636787Z,2026-08-19T16:34:56.375636787Z,2026-08-19T16:06:12Z,0.977,Z,sensor_data
,,2,2026-08-19T15:34:56.375636787Z,2026-08-19T16:34:56.375636787Z,2026-08-19T16:06:13Z,0.977,Z,sensor_data
,,2,2026-08-19T15:34:56.375636787Z,2026-08-19T16:34:56.375636787Z,2026-08-19T16:06:14Z,0.979,Z,sensor_data
,,2,2026-08-19T15:34:56.375636787Z,2026-08-19T16:34:56.375636787Z,2026-08-19T16:06:15Z,0.977,Z,sensor_data
,,2,2026-08-19T15:34:56.375636787Z,2026-08-19T16:34:56.375636787Z,2026-08-19T16:06:16Z,0.977,Z,sensor_data
,,2,2026-08-19T15:34:56.375636787Z,2026-08-19T16:34:56.375636787Z,2026-08-19T16:06:17Z,0.979,Z,sensor_data
,,2,2026-08-19T15:34:56.375636787Z,2026-08-19T16:34:56.375636787Z,2026-08-19T16:06:18Z,0.978,Z,sensor_data
,,2,2026-08-19T15:34:56.375636787Z,2026-08-19T16:34:56.375636787Z,2026-08-19T16:06:19Z,0.978,Z,sensor_data
,,2,2026-08-19T15:34:56.375636787Z,2026-08-19T16:34:56.375636787Z,2026-08-19T16:06:20Z,0.979,Z,sensor_data
,,2,2026-08-19T15:34:56.375636787Z,2026-08-19T16:34:56.375636787Z,2026-08-19T16:06:21Z,0.978,Z,sensor_data
,,2,2026-08-19T15:34:56.375636787Z,2026-08-19T16:34:56.375636787Z,2026-08-19T16:06:22Z,0.979,Z,sensor_data
,,2,2026-08-19T15:34:56.375636787Z,2026-08-19T16:34:56.375636787Z,2026-08-19T16:06:23Z,0.978,Z,sensor_data
,,2,2026-08-19T15:34:56.375636787Z,2026-08-19T16:34:56.375636787Z,2026-08-19T16:06:24Z,0.977,Z,sensor_data
,,2,2026-08-19T15:34:56.375636787Z,2026-08-19T16:34:56.375636787Z,2026-08-19T16:06:25Z,0.977,Z,sensor_data
,,2,2026-08-19T15:34:56.375636787Z,2026-08-19T16:34:56.375636787Z,2026-08-19T16:06:26Z,0.978,Z,sensor_data
,,2,2026-08-19T15:34:56.375636787Z,2026-08-19T16:34:56.375636787Z,2026-08-19T16:06:27Z,0.978,Z,sensor_data
,,2,2026-08-19T15:34:56.375636787Z,2026-08-19T16:34:56.375636787Z,2026-08-19T16:06:28Z,0.978,Z,sensor_data
,,2,2026-08-19T15:34:56.375636787Z,2026-08-19T16:34:56.375636787Z,2026-08-19T16:06:29Z,0.978,Z,sensor_data
,,2,2026-08-19T15:34:56.375636787Z,2026-08-19T16:34:56.375636787Z,2026-08-19T16:06:30Z,0.978,Z,sensor_data
,,2,2026-08-19T15:34:56.375636787Z,2026-08-19T16:34:56.375636787Z,2026-08-19T16:06:31Z,0.978,Z,sensor_data
,,2,2026-08-19T15:34:56.375636787Z,2026-08-19T16:34:56.375636787Z,2026-08-19T16:06:32Z,0.977,Z,sensor_data
,,2,2026-08-19T15:34:56.375636787Z,2026-08-19T16:34:56.375636787Z,2026-08-19T16:06:33Z,0.976,Z,sensor_data
,,2,2026-08-19T15:34:56.375636787Z,2026-08-19T16:34:56.375636787Z,2026-08-19T16:06:34Z,0.978,Z,sensor_data
,,2,2026-08-19T15:34:56.375636787Z,2026-08-19T16:34:56.375636787Z,2026-08-19T16:06:35Z,0.976,Z,sensor_data
,,2,2026-08-19T15:34:56.375636787Z,2026-08-19T16:34:56.375636787Z,2026-08-19T16:06:36Z,0.977,Z,sensor_data
,,2,2026-08-19T15:34:56.375636787Z,2026-08-19T16:34:56.375636787Z,2026-08-19T16:06:37Z,0.977,Z,sensor_data
,,2,2026-08-19T15:34:56.375636787Z,2026-08-19T16:34:56.375636787Z,2026-08-19T16:06:38Z,0.977,Z,sensor_data
,,2,2026-08-19T15:34:56.375636787Z,2026-08-19T16:34:56.375636787Z,2026-08-19T16:06:39Z,0.978,Z,sensor_data
,,2,2026-08-19T15:34:56.375636787Z,2026-08-19T16:34:56.375636787Z,2026-08-19T16:06:40Z,0.977,Z,sensor_data
,,2,2026-08-19T15:34:56.375636787Z,2026-08-19T16:34:56.375636787Z,2026-08-19T16:06:41Z,0.978,Z,sensor_data
,,2,2026-08-19T15:34:56.375636787Z,2026-08-19T16:34:56.375636787Z,2026-08-19T16:06:42Z,0.977,Z,sensor_data
,,2,2026-08-19T15:34:56.375636787Z,2026-08-19T16:34:56.375636787Z,2026-08-19T16:06:43Z,0.979,Z,sensor_data
,,2,2026-08-19T15:34:56.375636787Z,2026-08-19T16:34:56.375636787Z,2026-08-19T16:06:44Z,0.978,Z,sensor_data
,,2,2026-08-19T15:34:56.375636787Z,2026-08-19T16:34:56.375636787Z,2026-08-19T16:06:45Z,0.978,Z,sensor_data
,,2,2026-08-19T15:34:56.375636787Z,2026-08-19T16:34:56.375636787Z,2026-08-19T16:06:46Z,0.977,Z,sensor_data
,,2,2026-08-19T15:34:56.375636787Z,2026-08-19T16:34:56.375636787Z,2026-08-19T16:06:47Z,0.977,Z,sensor_data
,,2,2026-08-19T15:34:56.375636787Z,2026-08-19T16:34:56.375636787Z,2026-08-19T16:06:48Z,0.978,Z,sensor_data
,,2,2026-08-19T15:34:56.375636787Z,2026-08-19T16:34:56.375636787Z,2026-08-19T16:06:49Z,0.977,Z,sensor_data
,,2,2026-08-19T15:34:56.375636787Z,2026-08-19T16:34:56.375636787Z,2026-08-19T16:06:50Z,0.977,Z,sensor_data
,,2,2026-08-19T15:34:56.375636787Z,2026-08-19T16:34:56.375636787Z,2026-08-19T16:06:51Z,0.978,Z,sensor_data
,,2,2026-08-19T15:34:56.375636787Z,2026-08-19T16:34:56.375636787Z,2026-08-19T16:06:52Z,0.978,Z,sensor_data
,,2,2026-08-19T15:34:56.375636787Z,2026-08-19T16:34:56.375636787Z,2026-08-19T16:06:53Z,0.978,Z,sensor_data
,,2,2026-08-19T15:34:56.375636787Z,2026-08-19T16:34:56.375636787Z,2026-08-19T16:06:54Z,0.978,Z,sensor_data
,,2,2026-08-19T15:34:56.375636787Z,2026-08-19T16:34:56.375636787Z,2026-08-19T16:06:55Z,0.978,Z,sensor_data
,,2,2026-08-19T15:34:56.375636787Z,2026-08-19T16:34:56.375636787Z,2026-08-19T16:06:56Z,0.978,Z,sensor_data
,,2,2026-08-19T15:34:56.375636787Z,2026-08-19T16:34:56.375636787Z,2026-08-19T16:06:57Z,0.976,Z,sensor_data
,,2,2026-08-19T15:34:56.375636787Z,2026-08-19T16:34:56.375636787Z,2026-08-19T16:06:58Z,0.979,Z,sensor_data
,,2,2026-08-19T15:34:56.375636787Z,2026-08-19T16:34:56.375636787Z,2026-08-19T16:06:59Z,0.977,Z,sensor_data
,,2,2026-08-19T15:34:56.375636787Z,2026-08-19T16:34:56.375636787Z,2026-08-19T16:07:00Z,0.977,Z,sensor_data
,,2,2026-08-19T15:34:56.375636787Z,2026-08-19T16:34:56.375636787Z,2026-08-19T16:07:01Z,0.977,Z,sensor_data
,,2,2026-08-19T15:34:56.375636787Z,2026-08-19T16:34:56.375636787Z,2026-08-19T16:07:02Z,0.977,Z,sensor_data
,,2,2026-08-19T15:34:56.375636787Z,2026-08-19T16:34:56.375636787Z,2026-08-19T16:07:03Z,0.979,Z,sensor_data
,,2,2026-08-19T15:34:56.375636787Z,2026-08-19T16:34:56.375636787Z,2026-08-19T16:07:04Z,0.977,Z,sensor_data
,,2,2026-08-19T15:34:56.375636787Z,2026-08-19T16:34:56.375636787Z,2026-08-19T16:07:05Z,0.977,Z,sensor_data
,,2,2026-08-19T15:34:56.375636787Z,2026-08-19T16:34:56.375636787Z,2026-08-19T16:07:06Z,0.978,Z,sensor_data
,,2,2026-08-19T15:34:56.375636787Z,2026-08-19T16:34:56.375636787Z,2026-08-19T16:07:07Z,0.979,Z,sensor_data
,,2,2026-08-19T15:34:56.375636787Z,2026-08-19T16:34:56.375636787Z,2026-08-19T16:07:08Z,0.978,Z,sensor_data
,,2,2026-08-19T15:34:56.375636787Z,2026-08-19T16:34:56.375636787Z,2026-08-19T16:07:09Z,0.977,Z,sensor_data
,,2,2026-08-19T15:34:56.375636787Z,2026-08-19T16:34:56.375636787Z,2026-08-19T16:07:10Z,0.978,Z,sensor_data
,,2,2026-08-19T15:34:56.375636787Z,2026-08-19T16:34:56.375636787Z,2026-08-19T16:07:11Z,0.979,Z,sensor_data
,,2,2026-08-19T15:34:56.375636787Z,2026-08-19T16:34:56.375636787Z,2026-08-19T16:07:12Z,0.978,Z,sensor_data
,,2,2026-08-19T15:34:56.375636787Z,2026-08-19T16:34:56.375636787Z,2026-08-19T16:07:13Z,0.976,Z,sensor_data
,,2,2026-08-19T15:34:56.375636787Z,2026-08-19T16:34:56.375636787Z,2026-08-19T16:07:14Z,0.977,Z,sensor_data
,,2,2026-08-19T15:34:56.375636787Z,2026-08-19T16:34:56.375636787Z,2026-08-19T16:07:15Z,0.978,Z,sensor_data
,,2,2026-08-19T15:34:56.375636787Z,2026-08-19T16:34:56.375636787Z,2026-08-19T16:07:16Z,0.978,Z,sensor_data
,,2,2026-08-19T15:34:56.375636787Z,2026-08-19T16:34:56.375636787Z,2026-08-19T16:07:17Z,0.978,Z,sensor_data
,,2,2026-08-19T15:34:56.375636787Z,2026-08-19T16:34:56.375636787Z,2026-08-19T16:07:18Z,0.979,Z,sensor_data
,,2,2026-08-19T15:34:56.375636787Z,2026-08-19T16:34:56.375636787Z,2026-08-19T16:07:19Z,0.978,Z,sensor_data
,,2,2026-08-19T15:34:56.375636787Z,2026-08-19T16:34:56.375636787Z,2026-08-19T16:07:20Z,0.977,Z,sensor_data
,,2,2026-08-19T15:34:56.375636787Z,2026-08-19T16:34:56.375636787Z,2026-08-19T16:07:21Z,0.977,Z,sensor_data
,,2,2026-08-19T15:34:56.375636787Z,2026-08-19T16:34:56.375636787Z,2026-08-19T16:07:22Z,0.979,Z,sensor_data
,,2,2026-08-19T15:34:56.375636787Z,2026-08-19T16:34:56.375636787Z,2026-08-19T16:07:23Z,0.978,Z,sensor_data
,,2,2026-08-19T15:34:56.375636787Z,2026-08-19T16:34:56.375636787Z,2026-08-19T16:07:24Z,0.977,Z,sensor_data
,,2,2026-08-19T15:34:56.375636787Z,2026-08-19T16:34:56.375636787Z,2026-08-19T16:07:25Z,0.978,Z,sensor_data
,,2,2026-08-19T15:34:56.375636787Z,2026-08-19T16:34:56.375636787Z,2026-08-19T16:07:26Z,0.978,Z,sensor_data
,,2,2026-08-19T15:34:56.375636787Z,2026-08-19T16:34:56.375636787Z,2026-08-19T16:07:27Z,0.977,Z,sensor_data
,,2,2026-08-19T15:34:56.375636787Z,2026-08-19T16:34:56.375636787Z,2026-08-19T16:07:28Z,0.978,Z,sensor_data
,,2,2026-08-19T15:34:56.375636787Z,2026-08-19T16:34:56.375636787Z,2026-08-19T16:07:29Z,0.978,Z,sensor_data
,,2,2026-08-19T15:34:56.375636787Z,2026-08-19T16:34:56.375636787Z,2026-08-19T16:07:30Z,0.977,Z,sensor_data
,,2,2026-08-19T15:34:56.375636787Z,2026-08-19T16:34:56.375636787Z,2026-08-19T16:07:31Z,0.978,Z,sensor_data
,,2,2026-08-19T15:34:56.375636787Z,2026-08-19T16:34:56.375636787Z,2026-08-19T16:07:32Z,0.977,Z,sensor_data
,,2,2026-08-19T15:34:56.375636787Z,2026-08-19T16:34:56.375636787Z,2026-08-19T16:07:33Z,0.979,Z,sensor_data
,,2,2026-08-19T15:34:56.375636787Z,2026-08-19T16:34:56.375636787Z,2026-08-19T16:07:34Z,0.978,Z,sensor_data
,,2,2026-08-19T15:34:56.375636787Z,2026-08-19T16:34:56.375636787Z,2026-08-19T16:07:35Z,0.978,Z,sensor_data
,,2,2026-08-19T15:34:56.375636787Z,2026-08-19T16:34:56.375636787Z,2026-08-19T16:07:36Z,0.977,Z,sensor_data
,,2,2026-08-19T15:34:56.375636787Z,2026-08-19T16:34:56.375636787Z,2026-08-19T16:07:37Z,0.977,Z,sensor_data
,,2,2026-08-19T15:34:56.375636787Z,2026-08-19T16:34:56.375636787Z,2026-08-19T16:07:38Z,0.978,Z,sensor_data
,,2,2026-08-19T15:34:56.375636787Z,2026-08-19T16:34:56.375636787Z,2026-08-19T16:07:39Z,0.978,Z,sensor_data
,,2,2026-08-19T15:34:56.375636787Z,2026-08-19T16:34:56.375636787Z,2026-08-19T16:07:40Z,0.977,Z,sensor_data
,,2,2026-08-19T15:34:56.375636787Z,2026-08-19T16:34:56.375636787Z,2026-08-19T16:07:41Z,0.977,Z,sensor_data
,,2,2026-08-19T15:34:56.375636787Z,2026-08-19T16:34:56.375636787Z,2026-08-19T16:07:42Z,0.978,Z,sensor_data
,,2,2026-08-19T15:34:56.375636787Z,2026-08-19T16:34:56.375636787Z,2026-08-19T16:07:43Z,0.977,Z,sensor_data
,,2,2026-08-19T15:34:56.375636787Z,2026-08-19T16:34:56.375636787Z,2026-08-19T16:07:44Z,0.977,Z,sensor_data
,,2,2026-08-19T15:34:56.375636787Z,2026-08-19T16:34:56.375636787Z,2026-08-19T16:07:45Z,0.978,Z,sensor_data
,,2,2026-08-19T15:34:56.375636787Z,2026-08-19T16:34:56.375636787Z,2026-08-19T16:07:46Z,0.978,Z,sensor_data
,,2,2026-08-19T15:34:56.375636787Z,2026-08-19T16:34:56.375636787Z,2026-08-19T16:07:47Z,0.977,Z,sensor_data
,,2,2026-08-19T15:34:56.375636787Z,2026-08-19T16:34:56.375636787Z,2026-08-19T16:07:48Z,0.978,Z,sensor_data
,,2,2026-08-19T15:34:56.375636787Z,2026-08-19T16:34:56.375636787Z,2026-08-19T16:07:49Z,0.977,Z,sensor_data
,,2,2026-08-19T15:34:56.375636787Z,2026-08-19T16:34:56.375636787Z,2026-08-19T16:07:50Z,0.977,Z,sensor_data
,,2,2026-08-19T15:34:56.375636787Z,2026-08-19T16:34:56.375636787Z,2026-08-19T16:07:51Z,0.977,Z,sensor_data
,,2,2026-08-19T15:34:56.375636787Z,2026-08-19T16:34:56.375636787Z,2026-08-19T16:07:52Z,0.977,Z,sensor_data
,,2,2026-08-19T15:34:56.375636787Z,2026-08-19T16:34:56.375636787Z,2026-08-19T16:07:53Z,0.978,Z,sensor_data
,,2,2026-08-19T15:34:56.375636787Z,2026-08-19T16:34:56.375636787Z,2026-08-19T16:07:54Z,0.978,Z,sensor_data
,,2,2026-08-19T15:34:56.375636787Z,2026-08-19T16:34:56.375636787Z,2026-08-19T16:07:55Z,0.978,Z,sensor_data
,,2,2026-08-19T15:34:56.375636787Z,2026-08-19T16:34:56.375636787Z,2026-08-19T16:07:56Z,0.978,Z,sensor_data
,,2,2026-08-19T15:34:56.375636787Z,2026-08-19T16:34:56.375636787Z,2026-08-19T16:07:57Z,0.978,Z,sensor_data
,,2,2026-08-19T15:34:56.375636787Z,2026-08-19T16:34:56.375636787Z,2026-08-19T16:07:58Z,0.977,Z,sensor_data
,,2,2026-08-19T15:34:56.375636787Z,2026-08-19T16:34:56.375636787Z,2026-08-19T16:07:59Z,0.977,Z,sensor_data
,,2,2026-08-19T15:34:56.375636787Z,2026-08-19T16:34:56.375636787Z,2026-08-19T16:08:00Z,0.977,Z,sensor_data
,,2,2026-08-19T15:34:56.375636787Z,2026-08-19T16:34:56.375636787Z,2026-08-19T16:08:01Z,0.978,Z,sensor_data
,,2,2026-08-19T15:34:56.375636787Z,2026-08-19T16:34:56.375636787Z,2026-08-19T16:08:02Z,0.978,Z,sensor_data
,,2,2026-08-19T15:34:56.375636787Z,2026-08-19T16:34:56.375636787Z,2026-08-19T16:08:03Z,0.98,Z,sensor_data
,,2,2026-08-19T15:34:56.375636787Z,2026-08-19T16:34:56.375636787Z,2026-08-19T16:08:04Z,0.981,Z,sensor_data
,,2,2026-08-19T15:34:56.375636787Z,2026-08-19T16:34:56.375636787Z,2026-08-19T16:08:05Z,0.977,Z,sensor_data
,,2,2026-08-19T15:34:56.375636787Z,2026-08-19T16:34:56.375636787Z,2026-08-19T16:08:06Z,0.977,Z,sensor_data
,,2,2026-08-19T15:34:56.375636787Z,2026-08-19T16:34:56.375636787Z,2026-08-19T16:08:07Z,0.978,Z,sensor_data
,,2,2026-08-19T15:34:56.375636787Z,2026-08-19T16:34:56.375636787Z,2026-08-19T16:08:08Z,0.979,Z,sensor_data
,,2,2026-08-19T15:34:56.375636787Z,2026-08-19T16:34:56.375636787Z,2026-08-19T16:08:09Z,0.977,Z,sensor_data
,,2,2026-08-19T15:34:56.375636787Z,2026-08-19T16:34:56.375636787Z,2026-08-19T16:08:10Z,0.978,Z,sensor_data
,,2,2026-08-19T15:34:56.375636787Z,2026-08-19T16:34:56.375636787Z,2026-08-19T16:08:11Z,0.978,Z,sensor_data
,,2,2026-08-19T15:34:56.375636787Z,2026-08-19T16:34:56.375636787Z,2026-08-19T16:08:12Z,0.978,Z,sensor_data
,,2,2026-08-19T15:34:56.375636787Z,2026-08-19T16:34:56.375636787Z,2026-08-19T16:08:13Z,0.978,Z,sensor_data
,,2,2026-08-19T15:34:56.375636787Z,2026-08-19T16:34:56.375636787Z,2026-08-19T16:08:14Z,0.978,Z,sensor_data
,,2,2026-08-19T15:34:56.375636787Z,2026-08-19T16:34:56.375636787Z,2026-08-19T16:08:15Z,0.977,Z,sensor_data
,,2,2026-08-19T15:34:56.375636787Z,2026-08-19T16:34:56.375636787Z,2026-08-19T16:08:16Z,0.978,Z,sensor_data
,,2,2026-08-19T15:34:56.375636787Z,2026-08-19T16:34:56.375636787Z,2026-08-19T16:08:17Z,0.978,Z,sensor_data
,,2,2026-08-19T15:34:56.375636787Z,2026-08-19T16:34:56.375636787Z,2026-08-19T16:08:18Z,0.978,Z,sensor_data
,,2,2026-08-19T15:34:56.375636787Z,2026-08-19T16:34:56.375636787Z,2026-08-19T16:08:19Z,0.977,Z,sensor_data
,,2,2026-08-19T15:34:56.375636787Z,2026-08-19T16:34:56.375636787Z,2026-08-19T16:08:20Z,0.977,Z,sensor_data
,,2,2026-08-19T15:34:56.375636787Z,2026-08-19T16:34:56.375636787Z,2026-08-19T16:08:21Z,0.979,Z,sensor_data
,,2,2026-08-19T15:34:56.375636787Z,2026-08-19T16:34:56.375636787Z,2026-08-19T16:08:22Z,0.977,Z,sensor_data
,,2,2026-08-19T15:34:56.375636787Z,2026-08-19T16:34:56.375636787Z,2026-08-19T16:08:23Z,0.979,Z,sensor_data
,,2,2026-08-19T15:34:56.375636787Z,2026-08-19T16:34:56.375636787Z,2026-08-19T16:08:24Z,0.977,Z,sensor_data
,,2,2026-08-19T15:34:56.375636787Z,2026-08-19T16:34:56.375636787Z,2026-08-19T16:08:25Z,0.978,Z,sensor_data
,,2,2026-08-19T15:34:56.375636787Z,2026-08-19T16:34:56.375636787Z,2026-08-19T16:08:26Z,0.977,Z,sensor_data
,,2,2026-08-19T15:34:56.375636787Z,2026-08-19T16:34:56.375636787Z,2026-08-19T16:08:27Z,0.977,Z,sensor_data
,,2,2026-08-19T15:34:56.375636787Z,2026-08-19T16:34:56.375636787Z,2026-08-19T16:08:28Z,0.977,Z,sensor_data
,,2,2026-08-19T15:34:56.375636787Z,2026-08-19T16:34:56.375636787Z,2026-08-19T16:08:29Z,0.978,Z,sensor_data
,,2,2026-08-19T15:34:56.375636787Z,2026-08-19T16:34:56.375636787Z,2026-08-19T16:08:30Z,0.978,Z,sensor_data
,,2,2026-08-19T15:34:56.375636787Z,2026-08-19T16:34:56.375636787Z,2026-08-19T16:08:31Z,0.978,Z,sensor_data
,,2,2026-08-19T15:34:56.375636787Z,2026-08-19T16:34:56.375636787Z,2026-08-19T16:08:32Z,0.979,Z,sensor_data
,,2,2026-08-19T15:34:56.375636787Z,2026-08-19T16:34:56.375636787Z,2026-08-19T16:08:33Z,0.977,Z,sensor_data
,,2,2026-08-19T15:34:56.375636787Z,2026-08-19T16:34:56.375636787Z,2026-08-19T16:08:34Z,0.978,Z,sensor_data
,,2,2026-08-19T15:34:56.375636787Z,2026-08-19T16:34:56.375636787Z,2026-08-19T16:08:35Z,0.977,Z,sensor_data
,,2,2026-08-19T15:34:56.375636787Z,2026-08-19T16:34:56.375636787Z,2026-08-19T16:08:36Z,0.978,Z,sensor_data
,,2,2026-08-19T15:34:56.375636787Z,2026-08-19T16:34:56.375636787Z,2026-08-19T16:08:37Z,0.979,Z,sensor_data
,,2,2026-08-19T15:34:56.375636787Z,2026-08-19T16:34:56.375636787Z,2026-08-19T16:08:38Z,0.976,Z,sensor_data
,,2,2026-08-19T15:34:56.375636787Z,2026-08-19T16:34:56.375636787Z,2026-08-19T16:08:39Z,0.977,Z,sensor_data
,,2,2026-08-19T15:34:56.375636787Z,2026-08-19T16:34:56.375636787Z,2026-08-19T16:08:40Z,0.977,Z,sensor_data
,,2,2026-08-19T15:34:56.375636787Z,2026-08-19T16:34:56.375636787Z,2026-08-19T16:08:41Z,0.977,Z,sensor_data
,,2,2026-08-19T15:34:56.375636787Z,2026-08-19T16:34:56.375636787Z,2026-08-19T16:08:42Z,0.977,Z,sensor_data
,,2,2026-08-19T15:34:56.375636787Z,2026-08-19T16:34:56.375636787Z,2026-08-19T16:08:43Z,0.977,Z,sensor_data
,,2,2026-08-19T15:34:56.375636787Z,2026-08-19T16:34:56.375636787Z,2026-08-19T16:08:44Z,0.977,Z,sensor_data
,,2,2026-08-19T15:34:56.375636787Z,2026-08-19T16:34:56.375636787Z,2026-08-19T16:08:45Z,0.977,Z,sensor_data
,,2,2026-08-19T15:34:56.375636787Z,2026-08-19T16:34:56.375636787Z,2026-08-19T16:08:46Z,0.978,Z,sensor_data
,,2,2026-08-19T15:34:56.375636787Z,2026-08-19T16:34:56.375636787Z,2026-08-19T16:08:47Z,0.979,Z,sensor_data
,,2,2026-08-19T15:34:56.375636787Z,2026-08-19T16:34:56.375636787Z,2026-08-19T16:08:48Z,0.977,Z,sensor_data
,,2,2026-08-19T15:34:56.375636787Z,2026-08-19T16:34:56.375636787Z,2026-08-19T16:08:49Z,0.978,Z,sensor_data
,,2,2026-08-19T15:34:56.375636787Z,2026-08-19T16:34:56.375636787Z,2026-08-19T16:08:50Z,0.977,Z,sensor_data
,,2,2026-08-19T15:34:56.375636787Z,2026-08-19T16:34:56.375636787Z,2026-08-19T16:08:51Z,0.979,Z,sensor_data
,,2,2026-08-19T15:34:56.375636787Z,2026-08-19T16:34:56.375636787Z,2026-08-19T16:08:52Z,0.977,Z,sensor_data
,,2,2026-08-19T15:34:56.375636787Z,2026-08-19T16:34:56.375636787Z,2026-08-19T16:08:53Z,0.978,Z,sensor_data
,,2,2026-08-19T15:34:56.375636787Z,2026-08-19T16:34:56.375636787Z,2026-08-19T16:08:54Z,0.977,Z,sensor_data
,,2,2026-08-19T15:34:56.375636787Z,2026-08-19T16:34:56.375636787Z,2026-08-19T16:08:55Z,0.978,Z,sensor_data
,,2,2026-08-19T15:34:56.375636787Z,2026-08-19T16:34:56.375636787Z,2026-08-19T16:08:56Z,0.978,Z,sensor_data
,,2,2026-08-19T15:34:56.375636787Z,2026-08-19T16:34:56.375636787Z,2026-08-19T16:08:57Z,0.978,Z,sensor_data
,,2,2026-08-19T15:34:56.375636787Z,2026-08-19T16:34:56.375636787Z,2026-08-19T16:08:58Z,0.977,Z,sensor_data
,,2,2026-08-19T15:34:56.375636787Z,2026-08-19T16:34:56.375636787Z,2026-08-19T16:08:59Z,0.979,Z,sensor_data
,,2,2026-08-19T15:34:56.375636787Z,2026-08-19T16:34:56.375636787Z,2026-08-19T16:09:00Z,0.981,Z,sensor_data
,,2,2026-08-19T15:34:56.375636787Z,2026-08-19T16:34:56.375636787Z,2026-08-19T16:09:01Z,0.977,Z,sensor_data
,,2,2026-08-19T15:34:56.375636787Z,2026-08-19T16:34:56.375636787Z,2026-08-19T16:09:02Z,0.977,Z,sensor_data
,,2,2026-08-19T15:34:56.375636787Z,2026-08-19T16:34:56.375636787Z,2026-08-19T16:09:03Z,0.978,Z,sensor_data
,,2,2026-08-19T15:34:56.375636787Z,2026-08-19T16:34:56.375636787Z,2026-08-19T16:09:04Z,0.977,Z,sensor_data
,,2,2026-08-19T15:34:56.375636787Z,2026-08-19T16:34:56.375636787Z,2026-08-19T16:09:05Z,0.977,Z,sensor_data
,,2,2026-08-19T15:34:56.375636787Z,2026-08-19T16:34:56.375636787Z,2026-08-19T16:09:06Z,0.977,Z,sensor_data
,,2,2026-08-19T15:34:56.375636787Z,2026-08-19T16:34:56.375636787Z,2026-08-19T16:09:07Z,0.978,Z,sensor_data
,,2,2026-08-19T15:34:56.375636787Z,2026-08-19T16:34:56.375636787Z,2026-08-19T16:09:08Z,0.98,Z,sensor_data
,,2,2026-08-19T15:34:56.375636787Z,2026-08-19T16:34:56.375636787Z,2026-08-19T16:09:09Z,0.979,Z,sensor_data
,,2,2026-08-19T15:34:56.375636787Z,2026-08-19T16:34:56.375636787Z,2026-08-19T16:09:10Z,0.978,Z,sensor_data
,,2,2026-08-19T15:34:56.375636787Z,2026-08-19T16:34:56.375636787Z,2026-08-19T16:09:11Z,0.977,Z,sensor_data
,,2,2026-08-19T15:34:56.375636787Z,2026-08-19T16:34:56.375636787Z,2026-08-19T16:09:12Z,0.978,Z,sensor_data
,,2,2026-08-19T15:34:56.375636787Z,2026-08-19T16:34:56.375636787Z,2026-08-19T16:09:13Z,0.978,Z,sensor_data
,,2,2026-08-19T15:34:56.375636787Z,2026-08-19T16:34:56.375636787Z,2026-08-19T16:09:14Z,0.98,Z,sensor_data
,,2,2026-08-19T15:34:56.375636787Z,2026-08-19T16:34:56.375636787Z,2026-08-19T16:09:15Z,0.979,Z,sensor_data
,,2,2026-08-19T15:34:56.375636787Z,2026-08-19T16:34:56.375636787Z,2026-08-19T16:09:16Z,0.977,Z,sensor_data
,,2,2026-08-19T15:34:56.375636787Z,2026-08-19T16:34:56.375636787Z,2026-08-19T16:09:17Z,0.978,Z,sensor_data
,,2,2026-08-19T15:34:56.375636787Z,2026-08-19T16:34:56.375636787Z,2026-08-19T16:09:18Z,0.978,Z,sensor_data
,,2,2026-08-19T15:34:56.375636787Z,2026-08-19T16:34:56.375636787Z,2026-08-19T16:09:19Z,0.977,Z,sensor_data
,,2,2026-08-19T15:34:56.375636787Z,2026-08-19T16:34:56.375636787Z,2026-08-19T16:09:20Z,0.979,Z,sensor_data
,,2,2026-08-19T15:34:56.375636787Z,2026-08-19T16:34:56.375636787Z,2026-08-19T16:09:21Z,0.978,Z,sensor_data
,,2,2026-08-19T15:34:56.375636787Z,2026-08-19T16:34:56.375636787Z,2026-08-19T16:09:22Z,0.973,Z,sensor_data
,,2,2026-08-19T15:34:56.375636787Z,2026-08-19T16:34:56.375636787Z,2026-08-19T16:09:23Z,0.978,Z,sensor_data
,,2,2026-08-19T15:34:56.375636787Z,2026-08-19T16:34:56.375636787Z,2026-08-19T16:09:24Z,0.978,Z,sensor_data
,,2,2026-08-19T15:34:56.375636787Z,2026-08-19T16:34:56.375636787Z,2026-08-19T16:09:25Z,0.977,Z,sensor_data
,,2,2026-08-19T15:34:56.375636787Z,2026-08-19T16:34:56.375636787Z,2026-08-19T16:09:26Z,0.977,Z,sensor_data
,,2,2026-08-19T15:34:56.375636787Z,2026-08-19T16:34:56.375636787Z,2026-08-19T16:09:27Z,0.977,Z,sensor_data
,,2,2026-08-19T15:34:56.375636787Z,2026-08-19T16:34:56.375636787Z,2026-08-19T16:09:28Z,0.978,Z,sensor_data
,,2,2026-08-19T15:34:56.375636787Z,2026-08-19T16:34:56.375636787Z,2026-08-19T16:09:29Z,0.974,Z,sensor_data
,,2,2026-08-19T15:34:56.375636787Z,2026-08-19T16:34:56.375636787Z,2026-08-19T16:09:30Z,0.977,Z,sensor_data
,,2,2026-08-19T15:34:56.375636787Z,2026-08-19T16:34:56.375636787Z,2026-08-19T16:09:31Z,0.98,Z,sensor_data
,,2,2026-08-19T15:34:56.375636787Z,2026-08-19T16:34:56.375636787Z,2026-08-19T16:09:32Z,0.978,Z,sensor_data
,,2,2026-08-19T15:34:56.375636787Z,2026-08-19T16:34:56.375636787Z,2026-08-19T16:09:33Z,0.974,Z,sensor_data
,,2,2026-08-19T15:34:56.375636787Z,2026-08-19T16:34:56.375636787Z,2026-08-19T16:09:34Z,0.977,Z,sensor_data
,,2,2026-08-19T15:34:56.375636787Z,2026-08-19T16:34:56.375636787Z,2026-08-19T16:09:35Z,0.978,Z,sensor_data
,,2,2026-08-19T15:34:56.375636787Z,2026-08-19T16:34:56.375636787Z,2026-08-19T16:09:36Z,0.978,Z,sensor_data
,,2,2026-08-19T15:34:56.375636787Z,2026-08-19T16:34:56.375636787Z,2026-08-19T16:09:37Z,0.978,Z,sensor_data
,,2,2026-08-19T15:34:56.375636787Z,2026-08-19T16:34:56.375636787Z,2026-08-19T16:09:38Z,0.978,Z,sensor_data
,,2,2026-08-19T15:34:56.375636787Z,2026-08-19T16:34:56.375636787Z,2026-08-19T16:09:39Z,0.978,Z,sensor_data
,,2,2026-08-19T15:34:56.375636787Z,2026-08-19T16:34:56.375636787Z,2026-08-19T16:09:40Z,0.977,Z,sensor_data
,,2,2026-08-19T15:34:56.375636787Z,2026-08-19T16:34:56.375636787Z,2026-08-19T16:09:41Z,0.978,Z,sensor_data
,,2,2026-08-19T15:34:56.375636787Z,2026-08-19T16:34:56.375636787Z,2026-08-19T16:09:42Z,0.979,Z,sensor_data
,,2,2026-08-19T15:34:56.375636787Z,2026-08-19T16:34:56.375636787Z,2026-08-19T16:09:43Z,0.978,Z,sensor_data
,,2,2026-08-19T15:34:56.375636787Z,2026-08-19T16:34:56.375636787Z,2026-08-19T16:09:44Z,0.976,Z,sensor_data
,,2,2026-08-19T15:34:56.375636787Z,2026-08-19T16:34:56.375636787Z,2026-08-19T16:09:45Z,0.972,Z,sensor_data
,,2,2026-08-19T15:34:56.375636787Z,2026-08-19T16:34:56.375636787Z,2026-08-19T16:09:46Z,0.978,Z,sensor_data
,,2,2026-08-19T15:34:56.375636787Z,2026-08-19T16:34:56.375636787Z,2026-08-19T16:09:47Z,0.976,Z,sensor_data
,,2,2026-08-19T15:34:56.375636787Z,2026-08-19T16:34:56.375636787Z,2026-08-19T16:09:48Z,0.973,Z,sensor_data
,,2,2026-08-19T15:34:56.375636787Z,2026-08-19T16:34:56.375636787Z,2026-08-19T16:09:49Z,0.978,Z,sensor_data
,,2,2026-08-19T15:34:56.375636787Z,2026-08-19T16:34:56.375636787Z,2026-08-19T16:09:50Z,0.978,Z,sensor_data
,,2,2026-08-19T15:34:56.375636787Z,2026-08-19T16:34:56.375636787Z,2026-08-19T16:09:51Z,0.978,Z,sensor_data
,,2,2026-08-19T15:34:56.375636787Z,2026-08-19T16:34:56.375636787Z,2026-08-19T16:09:52Z,0.981,Z,sensor_data
,,2,2026-08-19T15:34:56.375636787Z,2026-08-19T16:34:56.375636787Z,2026-08-19T16:09:53Z,0.979,Z,sensor_data
,,2,2026-08-19T15:34:56.375636787Z,2026-08-19T16:34:56.375636787Z,2026-08-19T16:09:54Z,0.977,Z,sensor_data
,,2,2026-08-19T15:34:56.375636787Z,2026-08-19T16:34:56.375636787Z,2026-08-19T16:09:55Z,0.978,Z,sensor_data
,,2,2026-08-19T15:34:56.375636787Z,2026-08-19T16:34:56.375636787Z,2026-08-19T16:09:56Z,0.978,Z,sensor_data
,,2,2026-08-19T15:34:56.375636787Z,2026-08-19T16:34:56.375636787Z,2026-08-19T16:09:57Z,0.937,Z,sensor_data
,,2,2026-08-19T15:34:56.375636787Z,2026-08-19T16:34:56.375636787Z,2026-08-19T16:09:58Z,0.976,Z,sensor_data
,,2,2026-08-19T15:34:56.375636787Z,2026-08-19T16:34:56.375636787Z,2026-08-19T16:09:59Z,0.977,Z,sensor_data
,,2,2026-08-19T15:34:56.375636787Z,2026-08-19T16:34:56.375636787Z,2026-08-19T16:10:00Z,0.978,Z,sensor_data
,,2,2026-08-19T15:34:56.375636787Z,2026-08-19T16:34:56.375636787Z,2026-08-19T16:10:01Z,0.978,Z,sensor_data
,,2,2026-08-19T15:34:56.375636787Z,2026-08-19T16:34:56.375636787Z,2026-08-19T16:10:02Z,0.978,Z,sensor_data
,,2,2026-08-19T15:34:56.375636787Z,2026-08-19T16:34:56.375636787Z,2026-08-19T16:10:03Z,0.977,Z,sensor_data
,,2,2026-08-19T15:34:56.375636787Z,2026-08-19T16:34:56.375636787Z,2026-08-19T16:10:04Z,0.975,Z,sensor_data
,,2,2026-08-19T15:34:56.375636787Z,2026-08-19T16:34:56.375636787Z,2026-08-19T16:10:05Z,0.978,Z,sensor_data
,,2,2026-08-19T15:34:56.375636787Z,2026-08-19T16:34:56.375636787Z,2026-08-19T16:10:06Z,0.978,Z,sensor_data
,,2,2026-08-19T15:34:56.375636787Z,2026-08-19T16:34:56.375636787Z,2026-08-19T16:10:07Z,0.978,Z,sensor_data
,,2,2026-08-19T15:34:56.375636787Z,2026-08-19T16:34:56.375636787Z,2026-08-19T16:10:08Z,0.978,Z,sensor_data
,,2,2026-08-19T15:34:56.375636787Z,2026-08-19T16:34:56.375636787Z,2026-08-19T16:10:09Z,0.977,Z,sensor_data
,,2,2026-08-19T15:34:56.375636787Z,2026-08-19T16:34:56.375636787Z,2026-08-19T16:10:10Z,0.977,Z,sensor_data
,,2,2026-08-19T15:34:56.375636787Z,2026-08-19T16:34:56.375636787Z,2026-08-19T16:10:11Z,0.978,Z,sensor_data
,,2,2026-08-19T15:34:56.375636787Z,2026-08-19T16:34:56.375636787Z,2026-08-19T16:10:12Z,0.978,Z,sensor_data
,,2,2026-08-19T15:34:56.375636787Z,2026-08-19T16:34:56.375636787Z,2026-08-19T16:10:13Z,0.978,Z,sensor_data
,,2,2026-08-19T15:34:56.375636787Z,2026-08-19T16:34:56.375636787Z,2026-08-19T16:10:14Z,0.976,Z,sensor_data
,,2,2026-08-19T15:34:56.375636787Z,2026-08-19T16:34:56.375636787Z,2026-08-19T16:10:15Z,0.976,Z,sensor_data
,,2,2026-08-19T15:34:56.375636787Z,2026-08-19T16:34:56.375636787Z,2026-08-19T16:10:16Z,0.977,Z,sensor_data
,,2,2026-08-19T15:34:56.375636787Z,2026-08-19T16:34:56.375636787Z,2026-08-19T16:10:17Z,0.978,Z,sensor_data
,,2,2026-08-19T15:34:56.375636787Z,2026-08-19T16:34:56.375636787Z,2026-08-19T16:10:18Z,0.976,Z,sensor_data
,,2,2026-08-19T15:34:56.375636787Z,2026-08-19T16:34:56.375636787Z,2026-08-19T16:10:19Z,0.977,Z,sensor_data
,,2,2026-08-19T15:34:56.375636787Z,2026-08-19T16:34:56.375636787Z,2026-08-19T16:10:20Z,0.975,Z,sensor_data
,,2,2026-08-19T15:34:56.375636787Z,2026-08-19T16:34:56.375636787Z,2026-08-19T16:10:21Z,0.976,Z,sensor_data
,,2,2026-08-19T15:34:56.375636787Z,2026-08-19T16:34:56.375636787Z,2026-08-19T16:10:22Z,0.98,Z,sensor_data
,,2,2026-08-19T15:34:56.375636787Z,2026-08-19T16:34:56.375636787Z,2026-08-19T16:10:23Z,0.978,Z,sensor_data
,,2,2026-08-19T15:34:56.375636787Z,2026-08-19T16:34:56.375636787Z,2026-08-19T16:10:24Z,0.98,Z,sensor_data
,,2,2026-08-19T15:34:56.375636787Z,2026-08-19T16:34:56.375636787Z,2026-08-19T16:10:25Z,0.978,Z,sensor_data
,,2,2026-08-19T15:34:56.375636787Z,2026-08-19T16:34:56.375636787Z,2026-08-19T16:10:26Z,0.978,Z,sensor_data
,,2,2026-08-19T15:34:56.375636787Z,2026-08-19T16:34:56.375636787Z,2026-08-19T16:10:27Z,0.974,Z,sensor_data
,,2,2026-08-19T15:34:56.375636787Z,2026-08-19T16:34:56.375636787Z,2026-08-19T16:10:28Z,0.978,Z,sensor_data
,,2,2026-08-19T15:34:56.375636787Z,2026-08-19T16:34:56.375636787Z,2026-08-19T16:10:29Z,0.978,Z,sensor_data
,,2,2026-08-19T15:34:56.375636787Z,2026-08-19T16:34:56.375636787Z,2026-08-19T16:10:30Z,0.974,Z,sensor_data
,,2,2026-08-19T15:34:56.375636787Z,2026-08-19T16:34:56.375636787Z,2026-08-19T16:10:31Z,0.977,Z,sensor_data
,,2,2026-08-19T15:34:56.375636787Z,2026-08-19T16:34:56.375636787Z,2026-08-19T16:10:32Z,0.978,Z,sensor_data
,,2,2026-08-19T15:34:56.375636787Z,2026-08-19T16:34:56.375636787Z,2026-08-19T16:10:33Z,0.976,Z,sensor_data
,,2,2026-08-19T15:34:56.375636787Z,2026-08-19T16:34:56.375636787Z,2026-08-19T16:10:34Z,0.979,Z,sensor_data
,,2,2026-08-19T15:34:56.375636787Z,2026-08-19T16:34:56.375636787Z,2026-08-19T16:10:35Z,0.977,Z,sensor_data
,,2,2026-08-19T15:34:56.375636787Z,2026-08-19T16:34:56.375636787Z,2026-08-19T16:10:36Z,0.977,Z,sensor_data
,,2,2026-08-19T15:34:56.375636787Z,2026-08-19T16:34:56.375636787Z,2026-08-19T16:10:37Z,0.977,Z,sensor_data
,,2,2026-08-19T15:34:56.375636787Z,2026-08-19T16:34:56.375636787Z,2026-08-19T16:10:38Z,0.977,Z,sensor_data
,,2,2026-08-19T15:34:56.375636787Z,2026-08-19T16:34:56.375636787Z,2026-08-19T16:10:39Z,0.979,Z,sensor_data
,,2,2026-08-19T15:34:56.375636787Z,2026-08-19T16:34:56.375636787Z,2026-08-19T16:10:40Z,0.978,Z,sensor_data
,,2,2026-08-19T15:34:56.375636787Z,2026-08-19T16:34:56.375636787Z,2026-08-19T16:10:41Z,0.977,Z,sensor_data
,,2,2026-08-19T15:34:56.375636787Z,2026-08-19T16:34:56.375636787Z,2026-08-19T16:10:42Z,0.977,Z,sensor_data
,,2,2026-08-19T15:34:56.375636787Z,2026-08-19T16:34:56.375636787Z,2026-08-19T16:10:43Z,0.977,Z,sensor_data
,,2,2026-08-19T15:34:56.375636787Z,2026-08-19T16:34:56.375636787Z,2026-08-19T16:10:44Z,0.977,Z,sensor_data
,,2,2026-08-19T15:34:56.375636787Z,2026-08-19T16:34:56.375636787Z,2026-08-19T16:10:45Z,0.977,Z,sensor_data
,,2,2026-08-19T15:34:56.375636787Z,2026-08-19T16:34:56.375636787Z,2026-08-19T16:10:46Z,0.978,Z,sensor_data
,,2,2026-08-19T15:34:56.375636787Z,2026-08-19T16:34:56.375636787Z,2026-08-19T16:10:47Z,0.978,Z,sensor_data
,,2,2026-08-19T15:34:56.375636787Z,2026-08-19T16:34:56.375636787Z,2026-08-19T16:10:48Z,0.978,Z,sensor_data
,,2,2026-08-19T15:34:56.375636787Z,2026-08-19T16:34:56.375636787Z,2026-08-19T16:10:49Z,0.978,Z,sensor_data
,,2,2026-08-19T15:34:56.375636787Z,2026-08-19T16:34:56.375636787Z,2026-08-19T16:10:50Z,0.977,Z,sensor_data
,,2,2026-08-19T15:34:56.375636787Z,2026-08-19T16:34:56.375636787Z,2026-08-19T16:10:51Z,0.976,Z,sensor_data
,,2,2026-08-19T15:34:56.375636787Z,2026-08-19T16:34:56.375636787Z,2026-08-19T16:10:52Z,0.977,Z,sensor_data
,,2,2026-08-19T15:34:56.375636787Z,2026-08-19T16:34:56.375636787Z,2026-08-19T16:10:54Z,0.977,Z,sensor_data
,,2,2026-08-19T15:34:56.375636787Z,2026-08-19T16:34:56.375636787Z,2026-08-19T16:10:55Z,0.978,Z,sensor_data
,,2,2026-08-19T15:34:56.375636787Z,2026-08-19T16:34:56.375636787Z,2026-08-19T16:10:56Z,0.977,Z,sensor_data
,,2,2026-08-19T15:34:56.375636787Z,2026-08-19T16:34:56.375636787Z,2026-08-19T16:10:57Z,0.977,Z,sensor_data
,,2,2026-08-19T15:34:56.375636787Z,2026-08-19T16:34:56.375636787Z,2026-08-19T16:10:58Z,0.977,Z,sensor_data
,,2,2026-08-19T15:34:56.375636787Z,2026-08-19T16:34:56.375636787Z,2026-08-19T16:10:59Z,0.977,Z,sensor_data
,,2,2026-08-19T15:34:56.375636787Z,2026-08-19T16:34:56.375636787Z,2026-08-19T16:11:00Z,0.977,Z,sensor_data
,,2,2026-08-19T15:34:56.375636787Z,2026-08-19T16:34:56.375636787Z,2026-08-19T16:11:01Z,0.974,Z,sensor_data
,,2,2026-08-19T15:34:56.375636787Z,2026-08-19T16:34:56.375636787Z,2026-08-19T16:11:02Z,0.979,Z,sensor_data
,,2,2026-08-19T15:34:56.375636787Z,2026-08-19T16:34:56.375636787Z,2026-08-19T16:11:03Z,0.977,Z,sensor_data
,,2,2026-08-19T15:34:56.375636787Z,2026-08-19T16:34:56.375636787Z,2026-08-19T16:11:04Z,0.978,Z,sensor_data
,,2,2026-08-19T15:34:56.375636787Z,2026-08-19T16:34:56.375636787Z,2026-08-19T16:11:05Z,0.976,Z,sensor_data
,,2,2026-08-19T15:34:56.375636787Z,2026-08-19T16:34:56.375636787Z,2026-08-19T16:11:06Z,0.977,Z,sensor_data
,,2,2026-08-19T15:34:56.375636787Z,2026-08-19T16:34:56.375636787Z,2026-08-19T16:11:07Z,0.983,Z,sensor_data
,,2,2026-08-19T15:34:56.375636787Z,2026-08-19T16:34:56.375636787Z,2026-08-19T16:11:08Z,0.977,Z,sensor_data
,,2,2026-08-19T15:34:56.375636787Z,2026-08-19T16:34:56.375636787Z,2026-08-19T16:11:09Z,0.978,Z,sensor_data
,,2,2026-08-19T15:34:56.375636787Z,2026-08-19T16:34:56.375636787Z,2026-08-19T16:11:10Z,0.975,Z,sensor_data
,,2,2026-08-19T15:34:56.375636787Z,2026-08-19T16:34:56.375636787Z,2026-08-19T16:11:11Z,0.976,Z,sensor_data
,,2,2026-08-19T15:34:56.375636787Z,2026-08-19T16:34:56.375636787Z,2026-08-19T16:11:12Z,0.976,Z,sensor_data
,,2,2026-08-19T15:34:56.375636787Z,2026-08-19T16:34:56.375636787Z,2026-08-19T16:11:13Z,0.977,Z,sensor_data
,,2,2026-08-19T15:34:56.375636787Z,2026-08-19T16:34:56.375636787Z,2026-08-19T16:11:14Z,0.977,Z,sensor_data
,,2,2026-08-19T15:34:56.375636787Z,2026-08-19T16:34:56.375636787Z,2026-08-19T16:11:15Z,0.975,Z,sensor_data
,,2,2026-08-19T15:34:56.375636787Z,2026-08-19T16:34:56.375636787Z,2026-08-19T16:11:16Z,0.977,Z,sensor_data
,,2,2026-08-19T15:34:56.375636787Z,2026-08-19T16:34:56.375636787Z,2026-08-19T16:11:17Z,0.978,Z,sensor_data
,,2,2026-08-19T15:34:56.375636787Z,2026-08-19T16:34:56.375636787Z,2026-08-19T16:11:18Z,0.978,Z,sensor_data
,,2,2026-08-19T15:34:56.375636787Z,2026-08-19T16:34:56.375636787Z,2026-08-19T16:11:19Z,0.978,Z,sensor_data
,,2,2026-08-19T15:34:56.375636787Z,2026-08-19T16:34:56.375636787Z,2026-08-19T16:11:20Z,0.98,Z,sensor_data
,,2,2026-08-19T15:34:56.375636787Z,2026-08-19T16:34:56.375636787Z,2026-08-19T16:11:21Z,0.977,Z,sensor_data
,,2,2026-08-19T15:34:56.375636787Z,2026-08-19T16:34:56.375636787Z,2026-08-19T16:11:22Z,0.977,Z,sensor_data
,,2,2026-08-19T15:34:56.375636787Z,2026-08-19T16:34:56.375636787Z,2026-08-19T16:11:23Z,0.979,Z,sensor_data
,,2,2026-08-19T15:34:56.375636787Z,2026-08-19T16:34:56.375636787Z,2026-08-19T16:11:24Z,0.977,Z,sensor_data
,,2,2026-08-19T15:34:56.375636787Z,2026-08-19T16:34:56.375636787Z,2026-08-19T16:11:25Z,0.974,Z,sensor_data
,,2,2026-08-19T15:34:56.375636787Z,2026-08-19T16:34:56.375636787Z,2026-08-19T16:11:26Z,0.978,Z,sensor_data
,,2,2026-08-19T15:34:56.375636787Z,2026-08-19T16:34:56.375636787Z,2026-08-19T16:11:27Z,0.983,Z,sensor_data
,,2,2026-08-19T15:34:56.375636787Z,2026-08-19T16:34:56.375636787Z,2026-08-19T16:11:28Z,0.973,Z,sensor_data
,,2,2026-08-19T15:34:56.375636787Z,2026-08-19T16:34:56.375636787Z,2026-08-19T16:11:29Z,0.977,Z,sensor_data
,,2,2026-08-19T15:34:56.375636787Z,2026-08-19T16:34:56.375636787Z,2026-08-19T16:11:30Z,0.977,Z,sensor_data
,,2,2026-08-19T15:34:56.375636787Z,2026-08-19T16:34:56.375636787Z,2026-08-19T16:11:31Z,0.977,Z,sensor_data
,,2,2026-08-19T15:34:56.375636787Z,2026-08-19T16:34:56.375636787Z,2026-08-19T16:11:32Z,0.977,Z,sensor_data
,,2,2026-08-19T15:34:56.375636787Z,2026-08-19T16:34:56.375636787Z,2026-08-19T16:11:33Z,0.978,Z,sensor_data
,,2,2026-08-19T15:34:56.375636787Z,2026-08-19T16:34:56.375636787Z,2026-08-19T16:11:34Z,0.978,Z,sensor_data
,,2,2026-08-19T15:34:56.375636787Z,2026-08-19T16:34:56.375636787Z,2026-08-19T16:11:35Z,0.977,Z,sensor_data
,,2,2026-08-19T15:34:56.375636787Z,2026-08-19T16:34:56.375636787Z,2026-08-19T16:11:36Z,0.977,Z,sensor_data
,,2,2026-08-19T15:34:56.375636787Z,2026-08-19T16:34:56.375636787Z,2026-08-19T16:11:37Z,0.978,Z,sensor_data
,,2,2026-08-19T15:34:56.375636787Z,2026-08-19T16:34:56.375636787Z,2026-08-19T16:11:38Z,0.978,Z,sensor_data
,,2,2026-08-19T15:34:56.375636787Z,2026-08-19T16:34:56.375636787Z,2026-08-19T16:11:39Z,0.977,Z,sensor_data
,,2,2026-08-19T15:34:56.375636787Z,2026-08-19T16:34:56.375636787Z,2026-08-19T16:11:40Z,0.977,Z,sensor_data
,,2,2026-08-19T15:34:56.375636787Z,2026-08-19T16:34:56.375636787Z,2026-08-19T16:11:41Z,0.978,Z,sensor_data
,,2,2026-08-19T15:34:56.375636787Z,2026-08-19T16:34:56.375636787Z,2026-08-19T16:11:42Z,0.974,Z,sensor_data
,,2,2026-08-19T15:34:56.375636787Z,2026-08-19T16:34:56.375636787Z,2026-08-19T16:11:43Z,0.977,Z,sensor_data
,,2,2026-08-19T15:34:56.375636787Z,2026-08-19T16:34:56.375636787Z,2026-08-19T16:11:44Z,0.977,Z,sensor_data
,,2,2026-08-19T15:34:56.375636787Z,2026-08-19T16:34:56.375636787Z,2026-08-19T16:11:45Z,0.977,Z,sensor_data
,,2,2026-08-19T15:34:56.375636787Z,2026-08-19T16:34:56.375636787Z,2026-08-19T16:11:46Z,0.976,Z,sensor_data
,,2,2026-08-19T15:34:56.375636787Z,2026-08-19T16:34:56.375636787Z,2026-08-19T16:11:47Z,0.977,Z,sensor_data
,,2,2026-08-19T15:34:56.375636787Z,2026-08-19T16:34:56.375636787Z,2026-08-19T16:11:48Z,0.978,Z,sensor_data
,,2,2026-08-19T15:34:56.375636787Z,2026-08-19T16:34:56.375636787Z,2026-08-19T16:11:49Z,0.977,Z,sensor_data
,,2,2026-08-19T15:34:56.375636787Z,2026-08-19T16:34:56.375636787Z,2026-08-19T16:11:50Z,0.977,Z,sensor_data
,,2,2026-08-19T15:34:56.375636787Z,2026-08-19T16:34:56.375636787Z,2026-08-19T16:11:51Z,0.978,Z,sensor_data
,,2,2026-08-19T15:34:56.375636787Z,2026-08-19T16:34:56.375636787Z,2026-08-19T16:11:52Z,0.978,Z,sensor_data
,,2,2026-08-19T15:34:56.375636787Z,2026-08-19T16:34:56.375636787Z,2026-08-19T16:11:53Z,0.977,Z,sensor_data
,,2,2026-08-19T15:34:56.375636787Z,2026-08-19T16:34:56.375636787Z,2026-08-19T16:11:54Z,0.975,Z,sensor_data
,,2,2026-08-19T15:34:56.375636787Z,2026-08-19T16:34:56.375636787Z,2026-08-19T16:11:55Z,0.977,Z,sensor_data
,,2,2026-08-19T15:34:56.375636787Z,2026-08-19T16:34:56.375636787Z,2026-08-19T16:11:56Z,0.979,Z,sensor_data
,,2,2026-08-19T15:34:56.375636787Z,2026-08-19T16:34:56.375636787Z,2026-08-19T16:11:57Z,0.977,Z,sensor_data
,,2,2026-08-19T15:34:56.375636787Z,2026-08-19T16:34:56.375636787Z,2026-08-19T16:11:58Z,0.977,Z,sensor_data
,,2,2026-08-19T15:34:56.375636787Z,2026-08-19T16:34:56.375636787Z,2026-08-19T16:11:59Z,0.975,Z,sensor_data
,,2,2026-08-19T15:34:56.375636787Z,2026-08-19T16:34:56.375636787Z,2026-08-19T16:12:00Z,0.972,Z,sensor_data
,,2,2026-08-19T15:34:56.375636787Z,2026-08-19T16:34:56.375636787Z,2026-08-19T16:12:01Z,0.977,Z,sensor_data
,,2,2026-08-19T15:34:56.375636787Z,2026-08-19T16:34:56.375636787Z,2026-08-19T16:12:02Z,0.977,Z,sensor_data
,,2,2026-08-19T15:34:56.375636787Z,2026-08-19T16:34:56.375636787Z,2026-08-19T16:12:03Z,0.977,Z,sensor_data
,,2,2026-08-19T15:34:56.375636787Z,2026-08-19T16:34:56.375636787Z,2026-08-19T16:12:04Z,0.976,Z,sensor_data
,,2,2026-08-19T15:34:56.375636787Z,2026-08-19T16:34:56.375636787Z,2026-08-19T16:12:05Z,0.976,Z,sensor_data
,,2,2026-08-19T15:34:56.375636787Z,2026-08-19T16:34:56.375636787Z,2026-08-19T16:12:06Z,0.977,Z,sensor_data
,,2,2026-08-19T15:34:56.375636787Z,2026-08-19T16:34:56.375636787Z,2026-08-19T16:12:07Z,0.977,Z,sensor_data
,,2,2026-08-19T15:34:56.375636787Z,2026-08-19T16:34:56.375636787Z,2026-08-19T16:12:08Z,0.977,Z,sensor_data
,,2,2026-08-19T15:34:56.375636787Z,2026-08-19T16:34:56.375636787Z,2026-08-19T16:12:09Z,0.977,Z,sensor_data
,,2,2026-08-19T15:34:56.375636787Z,2026-08-19T16:34:56.375636787Z,2026-08-19T16:12:10Z,0.979,Z,sensor_data
,,2,2026-08-19T15:34:56.375636787Z,2026-08-19T16:34:56.375636787Z,2026-08-19T16:12:11Z,0.977,Z,sensor_data
,,2,2026-08-19T15:34:56.375636787Z,2026-08-19T16:34:56.375636787Z,2026-08-19T16:12:12Z,0.978,Z,sensor_data
,,2,2026-08-19T15:34:56.375636787Z,2026-08-19T16:34:56.375636787Z,2026-08-19T16:12:13Z,0.978,Z,sensor_data
,,2,2026-08-19T15:34:56.375636787Z,2026-08-19T16:34:56.375636787Z,2026-08-19T16:12:14Z,0.978,Z,sensor_data
,,2,2026-08-19T15:34:56.375636787Z,2026-08-19T16:34:56.375636787Z,2026-08-19T16:12:15Z,0.976,Z,sensor_data
,,2,2026-08-19T15:34:56.375636787Z,2026-08-19T16:34:56.375636787Z,2026-08-19T16:12:16Z,0.98,Z,sensor_data
,,2,2026-08-19T15:34:56.375636787Z,2026-08-19T16:34:56.375636787Z,2026-08-19T16:12:17Z,0.977,Z,sensor_data
,,2,2026-08-19T15:34:56.375636787Z,2026-08-19T16:34:56.375636787Z,2026-08-19T16:12:18Z,0.977,Z,sensor_data
,,2,2026-08-19T15:34:56.375636787Z,2026-08-19T16:34:56.375636787Z,2026-08-19T16:12:19Z,0.977,Z,sensor_data
,,2,2026-08-19T15:34:56.375636787Z,2026-08-19T16:34:56.375636787Z,2026-08-19T16:12:20Z,0.978,Z,sensor_data
,,2,2026-08-19T15:34:56.375636787Z,2026-08-19T16:34:56.375636787Z,2026-08-19T16:12:21Z,0.977,Z,sensor_data
,,2,2026-08-19T15:34:56.375636787Z,2026-08-19T16:34:56.375636787Z,2026-08-19T16:12:22Z,0.977,Z,sensor_data
,,2,2026-08-19T15:34:56.375636787Z,2026-08-19T16:34:56.375636787Z,2026-08-19T16:12:23Z,0.977,Z,sensor_data
,,2,2026-08-19T15:34:56.375636787Z,2026-08-19T16:34:56.375636787Z,2026-08-19T16:12:24Z,0.977,Z,sensor_data
,,2,2026-08-19T15:34:56.375636787Z,2026-08-19T16:34:56.375636787Z,2026-08-19T16:12:25Z,0.977,Z,sensor_data
,,2,2026-08-19T15:34:56.375636787Z,2026-08-19T16:34:56.375636787Z,2026-08-19T16:12:26Z,0.978,Z,sensor_data
,,2,2026-08-19T15:34:56.375636787Z,2026-08-19T16:34:56.375636787Z,2026-08-19T16:12:27Z,0.977,Z,sensor_data
,,2,2026-08-19T15:34:56.375636787Z,2026-08-19T16:34:56.375636787Z,2026-08-19T16:12:28Z,0.978,Z,sensor_data
,,2,2026-08-19T15:34:56.375636787Z,2026-08-19T16:34:56.375636787Z,2026-08-19T16:12:29Z,0.976,Z,sensor_data
,,2,2026-08-19T15:34:56.375636787Z,2026-08-19T16:34:56.375636787Z,2026-08-19T16:12:30Z,0.977,Z,sensor_data
,,2,2026-08-19T15:34:56.375636787Z,2026-08-19T16:34:56.375636787Z,2026-08-19T16:12:31Z,0.977,Z,sensor_data
,,2,2026-08-19T15:34:56.375636787Z,2026-08-19T16:34:56.375636787Z,2026-08-19T16:12:32Z,0.978,Z,sensor_data
,,2,2026-08-19T15:34:56.375636787Z,2026-08-19T16:34:56.375636787Z,2026-08-19T16:12:33Z,0.977,Z,sensor_data
,,2,2026-08-19T15:34:56.375636787Z,2026-08-19T16:34:56.375636787Z,2026-08-19T16:12:34Z,0.977,Z,sensor_data
,,2,2026-08-19T15:34:56.375636787Z,2026-08-19T16:34:56.375636787Z,2026-08-19T16:12:35Z,0.977,Z,sensor_data
,,2,2026-08-19T15:34:56.375636787Z,2026-08-19T16:34:56.375636787Z,2026-08-19T16:12:36Z,0.978,Z,sensor_data
,,2,2026-08-19T15:34:56.375636787Z,2026-08-19T16:34:56.375636787Z,2026-08-19T16:12:37Z,0.977,Z,sensor_data
,,2,2026-08-19T15:34:56.375636787Z,2026-08-19T16:34:56.375636787Z,2026-08-19T16:12:38Z,0.977,Z,sensor_data
,,2,2026-08-19T15:34:56.375636787Z,2026-08-19T16:34:56.375636787Z,2026-08-19T16:12:39Z,0.977,Z,sensor_data
,,2,2026-08-19T15:34:56.375636787Z,2026-08-19T16:34:56.375636787Z,2026-08-19T16:12:40Z,0.977,Z,sensor_data
,,2,2026-08-19T15:34:56.375636787Z,2026-08-19T16:34:56.375636787Z,2026-08-19T16:12:41Z,0.977,Z,sensor_data
,,2,2026-08-19T15:34:56.375636787Z,2026-08-19T16:34:56.375636787Z,2026-08-19T16:12:42Z,0.978,Z,sensor_data
,,2,2026-08-19T15:34:56.375636787Z,2026-08-19T16:34:56.375636787Z,2026-08-19T16:12:43Z,0.977,Z,sensor_data
,,2,2026-08-19T15:34:56.375636787Z,2026-08-19T16:34:56.375636787Z,2026-08-19T16:12:44Z,0.977,Z,sensor_data
,,2,2026-08-19T15:34:56.375636787Z,2026-08-19T16:34:56.375636787Z,2026-08-19T16:12:45Z,0.995,Z,sensor_data
,,2,2026-08-19T15:34:56.375636787Z,2026-08-19T16:34:56.375636787Z,2026-08-19T16:12:46Z,1.077,Z,sensor_data
,,2,2026-08-19T15:34:56.375636787Z,2026-08-19T16:34:56.375636787Z,2026-08-19T16:12:47Z,0.517,Z,sensor_data
,,2,2026-08-19T15:34:56.375636787Z,2026-08-19T16:34:56.375636787Z,2026-08-19T16:12:48Z,0.471,Z,sensor_data
,,2,2026-08-19T15:34:56.375636787Z,2026-08-19T16:34:56.375636787Z,2026-08-19T16:12:49Z,0.482,Z,sensor_data
,,2,2026-08-19T15:34:56.375636787Z,2026-08-19T16:34:56.375636787Z,2026-08-19T16:12:50Z,0.421,Z,sensor_data
,,2,2026-08-19T15:34:56.375636787Z,2026-08-19T16:34:56.375636787Z,2026-08-19T16:12:51Z,0.489,Z,sensor_data
,,2,2026-08-19T15:34:56.375636787Z,2026-08-19T16:34:56.375636787Z,2026-08-19T16:12:52Z,0.942,Z,sensor_data
,,2,2026-08-19T15:34:56.375636787Z,2026-08-19T16:34:56.375636787Z,2026-08-19T16:12:53Z,0.946,Z,sensor_data
,,2,2026-08-19T15:34:56.375636787Z,2026-08-19T16:34:56.375636787Z,2026-08-19T16:12:54Z,0.927,Z,sensor_data
,,2,2026-08-19T15:34:56.375636787Z,2026-08-19T16:34:56.375636787Z,2026-08-19T16:12:55Z,0.937,Z,sensor_data
,,2,2026-08-19T15:34:56.375636787Z,2026-08-19T16:34:56.375636787Z,2026-08-19T16:12:56Z,0.94,Z,sensor_data
,,2,2026-08-19T15:34:56.375636787Z,2026-08-19T16:34:56.375636787Z,2026-08-19T16:12:57Z,0.938,Z,sensor_data
,,2,2026-08-19T15:34:56.375636787Z,2026-08-19T16:34:56.375636787Z,2026-08-19T16:13:06Z,0.938,Z,sensor_data
,,2,2026-08-19T15:34:56.375636787Z,2026-08-19T16:34:56.375636787Z,2026-08-19T16:13:07Z,0.958,Z,sensor_data
,,2,2026-08-19T15:34:56.375636787Z,2026-08-19T16:34:56.375636787Z,2026-08-19T16:13:08Z,0.938,Z,sensor_data
,,2,2026-08-19T15:34:56.375636787Z,2026-08-19T16:34:56.375636787Z,2026-08-19T16:13:09Z,0.937,Z,sensor_data
,,2,2026-08-19T15:34:56.375636787Z,2026-08-19T16:34:56.375636787Z,2026-08-19T16:13:10Z,0.939,Z,sensor_data
,,2,2026-08-19T15:34:56.375636787Z,2026-08-19T16:34:56.375636787Z,2026-08-19T16:13:11Z,0.938,Z,sensor_data
,,2,2026-08-19T15:34:56.375636787Z,2026-08-19T16:34:56.375636787Z,2026-08-19T16:13:12Z,0.937,Z,sensor_data
,,2,2026-08-19T15:34:56.375636787Z,2026-08-19T16:34:56.375636787Z,2026-08-19T16:13:13Z,0.938,Z,sensor_data
,,2,2026-08-19T15:34:56.375636787Z,2026-08-19T16:34:56.375636787Z,2026-08-19T16:13:14Z,0.937,Z,sensor_data
,,2,2026-08-19T15:34:56.375636787Z,2026-08-19T16:34:56.375636787Z,2026-08-19T16:13:15Z,0.936,Z,sensor_data
,,2,2026-08-19T15:34:56.375636787Z,2026-08-19T16:34:56.375636787Z,2026-08-19T16:13:16Z,0.939,Z,sensor_data
,,2,2026-08-19T15:34:56.375636787Z,2026-08-19T16:34:56.375636787Z,2026-08-19T16:13:17Z,0.938,Z,sensor_data
,,2,2026-08-19T15:34:56.375636787Z,2026-08-19T16:34:56.375636787Z,2026-08-19T16:13:18Z,0.937,Z,sensor_data
,,2,2026-08-19T15:34:56.375636787Z,2026-08-19T16:34:56.375636787Z,2026-08-19T16:13:19Z,0.937,Z,sensor_data
,,2,2026-08-19T15:34:56.375636787Z,2026-08-19T16:34:56.375636787Z,2026-08-19T16:13:20Z,0.94,Z,sensor_data
,,2,2026-08-19T15:34:56.375636787Z,2026-08-19T16:34:56.375636787Z,2026-08-19T16:13:21Z,0.938,Z,sensor_data
,,2,2026-08-19T15:34:56.375636787Z,2026-08-19T16:34:56.375636787Z,2026-08-19T16:13:22Z,0.939,Z,sensor_data
,,2,2026-08-19T15:34:56.375636787Z,2026-08-19T16:34:56.375636787Z,2026-08-19T16:13:23Z,0.937,Z,sensor_data
,,2,2026-08-19T15:34:56.375636787Z,2026-08-19T16:34:56.375636787Z,2026-08-19T16:13:24Z,0.936,Z,sensor_data
,,2,2026-08-19T15:34:56.375636787Z,2026-08-19T16:34:56.375636787Z,2026-08-19T16:13:25Z,0.94,Z,sensor_data
,,2,2026-08-19T15:34:56.375636787Z,2026-08-19T16:34:56.375636787Z,2026-08-19T16:13:26Z,0.938,Z,sensor_data
,,2,2026-08-19T15:34:56.375636787Z,2026-08-19T16:34:56.375636787Z,2026-08-19T16:13:27Z,0.938,Z,sensor_data
,,2,2026-08-19T15:34:56.375636787Z,2026-08-19T16:34:56.375636787Z,2026-08-19T16:13:28Z,0.935,Z,sensor_data
,,2,2026-08-19T15:34:56.375636787Z,2026-08-19T16:34:56.375636787Z,2026-08-19T16:13:29Z,0.938,Z,sensor_data
,,2,2026-08-19T15:34:56.375636787Z,2026-08-19T16:34:56.375636787Z,2026-08-19T16:13:30Z,0.938,Z,sensor_data
,,2,2026-08-19T15:34:56.375636787Z,2026-08-19T16:34:56.375636787Z,2026-08-19T16:13:31Z,0.936,Z,sensor_data
,,2,2026-08-19T15:34:56.375636787Z,2026-08-19T16:34:56.375636787Z,2026-08-19T16:13:32Z,0.938,Z,sensor_data
,,2,2026-08-19T15:34:56.375636787Z,2026-08-19T16:34:56.375636787Z,2026-08-19T16:13:33Z,0.938,Z,sensor_data
,,2,2026-08-19T15:34:56.375636787Z,2026-08-19T16:34:56.375636787Z,2026-08-19T16:13:34Z,0.937,Z,sensor_data
,,2,2026-08-19T15:34:56.375636787Z,2026-08-19T16:34:56.375636787Z,2026-08-19T16:13:35Z,0.938,Z,sensor_data
,,2,2026-08-19T15:34:56.375636787Z,2026-08-19T16:34:56.375636787Z,2026-08-19T16:13:36Z,0.936,Z,sensor_data
,,2,2026-08-19T15:34:56.375636787Z,2026-08-19T16:34:56.375636787Z,2026-08-19T16:13:37Z,0.937,Z,sensor_data
,,2,2026-08-19T15:34:56.375636787Z,2026-08-19T16:34:56.375636787Z,2026-08-19T16:13:38Z,0.937,Z,sensor_data
,,2,2026-08-19T15:34:56.375636787Z,2026-08-19T16:34:56.375636787Z,2026-08-19T16:13:39Z,0.937,Z,sensor_data
,,2,2026-08-19T15:34:56.375636787Z,2026-08-19T16:34:56.375636787Z,2026-08-19T16:13:40Z,0.937,Z,sensor_data
,,2,2026-08-19T15:34:56.375636787Z,2026-08-19T16:34:56.375636787Z,2026-08-19T16:13:41Z,0.937,Z,sensor_data
,,2,2026-08-19T15:34:56.375636787Z,2026-08-19T16:34:56.375636787Z,2026-08-19T16:13:42Z,0.937,Z,sensor_data
,,2,2026-08-19T15:34:56.375636787Z,2026-08-19T16:34:56.375636787Z,2026-08-19T16:13:43Z,0.938,Z,sensor_data
,,2,2026-08-19T15:34:56.375636787Z,2026-08-19T16:34:56.375636787Z,2026-08-19T16:13:44Z,0.945,Z,sensor_data
,,2,2026-08-19T15:34:56.375636787Z,2026-08-19T16:34:56.375636787Z,2026-08-19T16:13:45Z,0.898,Z,sensor_data
,,2,2026-08-19T15:34:56.375636787Z,2026-08-19T16:34:56.375636787Z,2026-08-19T16:13:46Z,0.316,Z,sensor_data
,,2,2026-08-19T15:34:56.375636787Z,2026-08-19T16:34:56.375636787Z,2026-08-19T16:13:47Z,0.487,Z,sensor_data
,,2,2026-08-19T15:34:56.375636787Z,2026-08-19T16:34:56.375636787Z,2026-08-19T16:13:48Z,0.983,Z,sensor_data
,,2,2026-08-19T15:34:56.375636787Z,2026-08-19T16:34:56.375636787Z,2026-08-19T16:13:49Z,0.984,Z,sensor_data
,,2,2026-08-19T15:34:56.375636787Z,2026-08-19T16:34:56.375636787Z,2026-08-19T16:13:50Z,0.981,Z,sensor_data
,,2,2026-08-19T15:34:56.375636787Z,2026-08-19T16:34:56.375636787Z,2026-08-19T16:13:51Z,0.985,Z,sensor_data
,,2,2026-08-19T15:34:56.375636787Z,2026-08-19T16:34:56.375636787Z,2026-08-19T16:13:52Z,0.984,Z,sensor_data
,,2,2026-08-19T15:34:56.375636787Z,2026-08-19T16:34:56.375636787Z,2026-08-19T16:13:53Z,0.983,Z,sensor_data
,,2,2026-08-19T15:34:56.375636787Z,2026-08-19T16:34:56.375636787Z,2026-08-19T16:13:54Z,0.985,Z,sensor_data
,,2,2026-08-19T15:34:56.375636787Z,2026-08-19T16:34:56.375636787Z,2026-08-19T16:13:55Z,0.983,Z,sensor_data
,,2,2026-08-19T15:34:56.375636787Z,2026-08-19T16:34:56.375636787Z,2026-08-19T16:13:56Z,0.984,Z,sensor_data
,,2,2026-08-19T15:34:56.375636787Z,2026-08-19T16:34:56.375636787Z,2026-08-19T16:13:57Z,0.983,Z,sensor_data
,,2,2026-08-19T15:34:56.375636787Z,2026-08-19T16:34:56.375636787Z,2026-08-19T16:13:58Z,0.984,Z,sensor_data
,,2,2026-08-19T15:34:56.375636787Z,2026-08-19T16:34:56.375636787Z,2026-08-19T16:13:59Z,0.984,Z,sensor_data
,,2,2026-08-19T15:34:56.375636787Z,2026-08-19T16:34:56.375636787Z,2026-08-19T16:14:00Z,0.983,Z,sensor_data
,,2,2026-08-19T15:34:56.375636787Z,2026-08-19T16:34:56.375636787Z,2026-08-19T16:14:01Z,0.985,Z,sensor_data
,,2,2026-08-19T15:34:56.375636787Z,2026-08-19T16:34:56.375636787Z,2026-08-19T16:14:02Z,0.984,Z,sensor_data
,,2,2026-08-19T15:34:56.375636787Z,2026-08-19T16:34:56.375636787Z,2026-08-19T16:14:03Z,0.985,Z,sensor_data
,,2,2026-08-19T15:34:56.375636787Z,2026-08-19T16:34:56.375636787Z,2026-08-19T16:14:04Z,0.984,Z,sensor_data
,,2,2026-08-19T15:34:56.375636787Z,2026-08-19T16:34:56.375636787Z,2026-08-19T16:14:05Z,0.983,Z,sensor_data
,,2,2026-08-19T15:34:56.375636787Z,2026-08-19T16:34:56.375636787Z,2026-08-19T16:14:06Z,0.984,Z,sensor_data
,,2,2026-08-19T15:34:56.375636787Z,2026-08-19T16:34:56.375636787Z,2026-08-19T16:14:07Z,0.985,Z,sensor_data
,,2,2026-08-19T15:34:56.375636787Z,2026-08-19T16:34:56.375636787Z,2026-08-19T16:14:08Z,0.984,Z,sensor_data
,,2,2026-08-19T15:34:56.375636787Z,2026-08-19T16:34:56.375636787Z,2026-08-19T16:14:09Z,0.984,Z,sensor_data
,,2,2026-08-19T15:34:56.375636787Z,2026-08-19T16:34:56.375636787Z,2026-08-19T16:14:10Z,0.985,Z,sensor_data
,,2,2026-08-19T15:34:56.375636787Z,2026-08-19T16:34:56.375636787Z,2026-08-19T16:14:11Z,0.985,Z,sensor_data
,,2,2026-08-19T15:34:56.375636787Z,2026-08-19T16:34:56.375636787Z,2026-08-19T16:14:12Z,0.984,Z,sensor_data
,,2,2026-08-19T15:34:56.375636787Z,2026-08-19T16:34:56.375636787Z,2026-08-19T16:14:13Z,0.983,Z,sensor_data
,,2,2026-08-19T15:34:56.375636787Z,2026-08-19T16:34:56.375636787Z,2026-08-19T16:14:14Z,0.985,Z,sensor_data
,,2,2026-08-19T15:34:56.375636787Z,2026-08-19T16:34:56.375636787Z,2026-08-19T16:14:15Z,0.984,Z,sensor_data
,,2,2026-08-19T15:34:56.375636787Z,2026-08-19T16:34:56.375636787Z,2026-08-19T16:14:16Z,0.983,Z,sensor_data
,,2,2026-08-19T15:34:56.375636787Z,2026-08-19T16:34:56.375636787Z,2026-08-19T16:14:17Z,0.986,Z,sensor_data
,,2,2026-08-19T15:34:56.375636787Z,2026-08-19T16:34:56.375636787Z,2026-08-19T16:14:18Z,0.983,Z,sensor_data
,,2,2026-08-19T15:34:56.375636787Z,2026-08-19T16:34:56.375636787Z,2026-08-19T16:14:19Z,0.985,Z,sensor_data
,,2,2026-08-19T15:34:56.375636787Z,2026-08-19T16:34:56.375636787Z,2026-08-19T16:14:20Z,0.984,Z,sensor_data
,,2,2026-08-19T15:34:56.375636787Z,2026-08-19T16:34:56.375636787Z,2026-08-19T16:14:21Z,0.985,Z,sensor_data
,,2,2026-08-19T15:34:56.375636787Z,2026-08-19T16:34:56.375636787Z,2026-08-19T16:14:22Z,0.985,Z,sensor_data
,,2,2026-08-19T15:34:56.375636787Z,2026-08-19T16:34:56.375636787Z,2026-08-19T16:14:23Z,0.985,Z,sensor_data
,,2,2026-08-19T15:34:56.375636787Z,2026-08-19T16:34:56.375636787Z,2026-08-19T16:14:24Z,0.984,Z,sensor_data
,,2,2026-08-19T15:34:56.375636787Z,2026-08-19T16:34:56.375636787Z,2026-08-19T16:14:25Z,0.985,Z,sensor_data
,,2,2026-08-19T15:34:56.375636787Z,2026-08-19T16:34:56.375636787Z,2026-08-19T16:14:26Z,0.985,Z,sensor_data
,,2,2026-08-19T15:34:56.375636787Z,2026-08-19T16:34:56.375636787Z,2026-08-19T16:14:27Z,0.985,Z,sensor_data
,,2,2026-08-19T15:34:56.375636787Z,2026-08-19T16:34:56.375636787Z,2026-08-19T16:14:28Z,0.985,Z,sensor_data
,,2,2026-08-19T15:34:56.375636787Z,2026-08-19T16:34:56.375636787Z,2026-08-19T16:14:29Z,0.984,Z,sensor_data
,,2,2026-08-19T15:34:56.375636787Z,2026-08-19T16:34:56.375636787Z,2026-08-19T16:14:30Z,0.984,Z,sensor_data
,,2,2026-08-19T15:34:56.375636787Z,2026-08-19T16:34:56.375636787Z,2026-08-19T16:14:31Z,0.984,Z,sensor_data
,,2,2026-08-19T15:34:56.375636787Z,2026-08-19T16:34:56.375636787Z,2026-08-19T16:14:32Z,0.984,Z,sensor_data
,,2,2026-08-19T15:34:56.375636787Z,2026-08-19T16:34:56.375636787Z,2026-08-19T16:14:33Z,0.985,Z,sensor_data
,,2,2026-08-19T15:34:56.375636787Z,2026-08-19T16:34:56.375636787Z,2026-08-19T16:14:34Z,0.985,Z,sensor_data
,,2,2026-08-19T15:34:56.375636787Z,2026-08-19T16:34:56.375636787Z,2026-08-19T16:14:35Z,0.985,Z,sensor_data
,,2,2026-08-19T15:34:56.375636787Z,2026-08-19T16:34:56.375636787Z,2026-08-19T16:14:36Z,0.985,Z,sensor_data
,,2,2026-08-19T15:34:56.375636787Z,2026-08-19T16:34:56.375636787Z,2026-08-19T16:14:37Z,0.984,Z,sensor_data
,,2,2026-08-19T15:34:56.375636787Z,2026-08-19T16:34:56.375636787Z,2026-08-19T16:14:38Z,0.984,Z,sensor_data
,,2,2026-08-19T15:34:56.375636787Z,2026-08-19T16:34:56.375636787Z,2026-08-19T16:14:39Z,0.984,Z,sensor_data
,,2,2026-08-19T15:34:56.375636787Z,2026-08-19T16:34:56.375636787Z,2026-08-19T16:14:40Z,0.985,Z,sensor_data
,,2,2026-08-19T15:34:56.375636787Z,2026-08-19T16:34:56.375636787Z,2026-08-19T16:14:41Z,0.984,Z,sensor_data
,,2,2026-08-19T15:34:56.375636787Z,2026-08-19T16:34:56.375636787Z,2026-08-19T16:14:42Z,0.985,Z,sensor_data
,,2,2026-08-19T15:34:56.375636787Z,2026-08-19T16:34:56.375636787Z,2026-08-19T16:14:43Z,0.985,Z,sensor_data
,,2,2026-08-19T15:34:56.375636787Z,2026-08-19T16:34:56.375636787Z,2026-08-19T16:14:44Z,0.985,Z,sensor_data
,,2,2026-08-19T15:34:56.375636787Z,2026-08-19T16:34:56.375636787Z,2026-08-19T16:14:45Z,0.985,Z,sensor_data
,,2,2026-08-19T15:34:56.375636787Z,2026-08-19T16:34:56.375636787Z,2026-08-19T16:14:46Z,0.984,Z,sensor_data
,,2,2026-08-19T15:34:56.375636787Z,2026-08-19T16:34:56.375636787Z,2026-08-19T16:14:47Z,0.985,Z,sensor_data
,,2,2026-08-19T15:34:56.375636787Z,2026-08-19T16:34:56.375636787Z,2026-08-19T16:14:48Z,0.984,Z,sensor_data
,,2,2026-08-19T15:34:56.375636787Z,2026-08-19T16:34:56.375636787Z,2026-08-19T16:14:49Z,0.986,Z,sensor_data
,,2,2026-08-19T15:34:56.375636787Z,2026-08-19T16:34:56.375636787Z,2026-08-19T16:14:50Z,0.985,Z,sensor_data
,,2,2026-08-19T15:34:56.375636787Z,2026-08-19T16:34:56.375636787Z,2026-08-19T16:14:51Z,0.984,Z,sensor_data
,,2,2026-08-19T15:34:56.375636787Z,2026-08-19T16:34:56.375636787Z,2026-08-19T16:14:52Z,0.985,Z,sensor_data
,,2,2026-08-19T15:34:56.375636787Z,2026-08-19T16:34:56.375636787Z,2026-08-19T16:14:53Z,0.984,Z,sensor_data
,,2,2026-08-19T15:34:56.375636787Z,2026-08-19T16:34:56.375636787Z,2026-08-19T16:14:54Z,0.984,Z,sensor_data
,,2,2026-08-19T15:34:56.375636787Z,2026-08-19T16:34:56.375636787Z,2026-08-19T16:14:55Z,0.985,Z,sensor_data
,,2,2026-08-19T15:34:56.375636787Z,2026-08-19T16:34:56.375636787Z,2026-08-19T16:14:56Z,0.985,Z,sensor_data
,,2,2026-08-19T15:34:56.375636787Z,2026-08-19T16:34:56.375636787Z,2026-08-19T16:14:57Z,0.984,Z,sensor_data
,,2,2026-08-19T15:34:56.375636787Z,2026-08-19T16:34:56.375636787Z,2026-08-19T16:14:58Z,0.985,Z,sensor_data
,,2,2026-08-19T15:34:56.375636787Z,2026-08-19T16:34:56.375636787Z,2026-08-19T16:14:59Z,0.985,Z,sensor_data
,,2,2026-08-19T15:34:56.375636787Z,2026-08-19T16:34:56.375636787Z,2026-08-19T16:15:00Z,0.986,Z,sensor_data
,,2,2026-08-19T15:34:56.375636787Z,2026-08-19T16:34:56.375636787Z,2026-08-19T16:15:01Z,0.984,Z,sensor_data
,,2,2026-08-19T15:34:56.375636787Z,2026-08-19T16:34:56.375636787Z,2026-08-19T16:15:02Z,0.984,Z,sensor_data
,,2,2026-08-19T15:34:56.375636787Z,2026-08-19T16:34:56.375636787Z,2026-08-19T16:15:10Z,0.984,Z,sensor_data
,,2,2026-08-19T15:34:56.375636787Z,2026-08-19T16:34:56.375636787Z,2026-08-19T16:15:11Z,0.985,Z,sensor_data
,,2,2026-08-19T15:34:56.375636787Z,2026-08-19T16:34:56.375636787Z,2026-08-19T16:15:12Z,0.984,Z,sensor_data
,,2,2026-08-19T15:34:56.375636787Z,2026-08-19T16:34:56.375636787Z,2026-08-19T16:15:13Z,0.985,Z,sensor_data
,,2,2026-08-19T15:34:56.375636787Z,2026-08-19T16:34:56.375636787Z,2026-08-19T16:15:14Z,0.984,Z,sensor_data
,,2,2026-08-19T15:34:56.375636787Z,2026-08-19T16:34:56.375636787Z,2026-08-19T16:15:15Z,0.985,Z,sensor_data
,,2,2026-08-19T15:34:56.375636787Z,2026-08-19T16:34:56.375636787Z,2026-08-19T16:15:16Z,0.986,Z,sensor_data
,,2,2026-08-19T15:34:56.375636787Z,2026-08-19T16:34:56.375636787Z,2026-08-19T16:15:17Z,0.982,Z,sensor_data
,,2,2026-08-19T15:34:56.375636787Z,2026-08-19T16:34:56.375636787Z,2026-08-19T16:15:18Z,0.984,Z,sensor_data
,,2,2026-08-19T15:34:56.375636787Z,2026-08-19T16:34:56.375636787Z,2026-08-19T16:15:19Z,0.985,Z,sensor_data
,,2,2026-08-19T15:34:56.375636787Z,2026-08-19T16:34:56.375636787Z,2026-08-19T16:15:20Z,0.984,Z,sensor_data
,,2,2026-08-19T15:34:56.375636787Z,2026-08-19T16:34:56.375636787Z,2026-08-19T16:15:21Z,0.984,Z,sensor_data
,,2,2026-08-19T15:34:56.375636787Z,2026-08-19T16:34:56.375636787Z,2026-08-19T16:15:22Z,0.985,Z,sensor_data
,,2,2026-08-19T15:34:56.375636787Z,2026-08-19T16:34:56.375636787Z,2026-08-19T16:15:23Z,0.984,Z,sensor_data
,,2,2026-08-19T15:34:56.375636787Z,2026-08-19T16:34:56.375636787Z,2026-08-19T16:15:24Z,0.984,Z,sensor_data
,,2,2026-08-19T15:34:56.375636787Z,2026-08-19T16:34:56.375636787Z,2026-08-19T16:15:25Z,0.984,Z,sensor_data
,,2,2026-08-19T15:34:56.375636787Z,2026-08-19T16:34:56.375636787Z,2026-08-19T16:15:26Z,0.984,Z,sensor_data
,,2,2026-08-19T15:34:56.375636787Z,2026-08-19T16:34:56.375636787Z,2026-08-19T16:15:27Z,0.984,Z,sensor_data
,,2,2026-08-19T15:34:56.375636787Z,2026-08-19T16:34:56.375636787Z,2026-08-19T16:15:28Z,0.984,Z,sensor_data
,,2,2026-08-19T15:34:56.375636787Z,2026-08-19T16:34:56.375636787Z,2026-08-19T16:15:29Z,0.985,Z,sensor_data
,,2,2026-08-19T15:34:56.375636787Z,2026-08-19T16:34:56.375636787Z,2026-08-19T16:15:30Z,0.984,Z,sensor_data
,,2,2026-08-19T15:34:56.375636787Z,2026-08-19T16:34:56.375636787Z,2026-08-19T16:15:31Z,0.984,Z,sensor_data
,,2,2026-08-19T15:34:56.375636787Z,2026-08-19T16:34:56.375636787Z,2026-08-19T16:15:32Z,0.985,Z,sensor_data
,,2,2026-08-19T15:34:56.375636787Z,2026-08-19T16:34:56.375636787Z,2026-08-19T16:15:33Z,0.985,Z,sensor_data
,,2,2026-08-19T15:34:56.375636787Z,2026-08-19T16:34:56.375636787Z,2026-08-19T16:15:34Z,0.985,Z,sensor_data
,,2,2026-08-19T15:34:56.375636787Z,2026-08-19T16:34:56.375636787Z,2026-08-19T16:15:35Z,0.985,Z,sensor_data
,,2,2026-08-19T15:34:56.375636787Z,2026-08-19T16:34:56.375636787Z,2026-08-19T16:15:36Z,0.985,Z,sensor_data
,,2,2026-08-19T15:34:56.375636787Z,2026-08-19T16:34:56.375636787Z,2026-08-19T16:15:37Z,0.985,Z,sensor_data
,,2,2026-08-19T15:34:56.375636787Z,2026-08-19T16:34:56.375636787Z,2026-08-19T16:15:38Z,0.985,Z,sensor_data
,,2,2026-08-19T15:34:56.375636787Z,2026-08-19T16:34:56.375636787Z,2026-08-19T16:15:39Z,0.985,Z,sensor_data
,,2,2026-08-19T15:34:56.375636787Z,2026-08-19T16:34:56.375636787Z,2026-08-19T16:15:40Z,0.985,Z,sensor_data
,,2,2026-08-19T15:34:56.375636787Z,2026-08-19T16:34:56.375636787Z,2026-08-19T16:15:41Z,0.985,Z,sensor_data
,,2,2026-08-19T15:34:56.375636787Z,2026-08-19T16:34:56.375636787Z,2026-08-19T16:15:42Z,0.985,Z,sensor_data
,,2,2026-08-19T15:34:56.375636787Z,2026-08-19T16:34:56.375636787Z,2026-08-19T16:15:43Z,0.984,Z,sensor_data
,,2,2026-08-19T15:34:56.375636787Z,2026-08-19T16:34:56.375636787Z,2026-08-19T16:15:44Z,0.985,Z,sensor_data
,,2,2026-08-19T15:34:56.375636787Z,2026-08-19T16:34:56.375636787Z,2026-08-19T16:15:45Z,0.984,Z,sensor_data
,,2,2026-08-19T15:34:56.375636787Z,2026-08-19T16:34:56.375636787Z,2026-08-19T16:15:46Z,0.985,Z,sensor_data
,,2,2026-08-19T15:34:56.375636787Z,2026-08-19T16:34:56.375636787Z,2026-08-19T16:15:47Z,0.985,Z,sensor_data
,,2,2026-08-19T15:34:56.375636787Z,2026-08-19T16:34:56.375636787Z,2026-08-19T16:15:48Z,0.985,Z,sensor_data
,,2,2026-08-19T15:34:56.375636787Z,2026-08-19T16:34:56.375636787Z,2026-08-19T16:15:49Z,0.984,Z,sensor_data
,,2,2026-08-19T15:34:56.375636787Z,2026-08-19T16:34:56.375636787Z,2026-08-19T16:15:50Z,0.984,Z,sensor_data
,,2,2026-08-19T15:34:56.375636787Z,2026-08-19T16:34:56.375636787Z,2026-08-19T16:15:51Z,0.985,Z,sensor_data
,,2,2026-08-19T15:34:56.375636787Z,2026-08-19T16:34:56.375636787Z,2026-08-19T16:15:52Z,0.985,Z,sensor_data
,,2,2026-08-19T15:34:56.375636787Z,2026-08-19T16:34:56.375636787Z,2026-08-19T16:15:53Z,0.984,Z,sensor_data
,,2,2026-08-19T15:34:56.375636787Z,2026-08-19T16:34:56.375636787Z,2026-08-19T16:15:54Z,0.985,Z,sensor_data
,,2,2026-08-19T15:34:56.375636787Z,2026-08-19T16:34:56.375636787Z,2026-08-19T16:15:55Z,0.986,Z,sensor_data
,,2,2026-08-19T15:34:56.375636787Z,2026-08-19T16:34:56.375636787Z,2026-08-19T16:15:56Z,0.982,Z,sensor_data
,,2,2026-08-19T15:34:56.375636787Z,2026-08-19T16:34:56.375636787Z,2026-08-19T16:15:57Z,0.985,Z,sensor_data
,,2,2026-08-19T15:34:56.375636787Z,2026-08-19T16:34:56.375636787Z,2026-08-19T16:15:58Z,0.984,Z,sensor_data
,,2,2026-08-19T15:34:56.375636787Z,2026-08-19T16:34:56.375636787Z,2026-08-19T16:15:59Z,0.985,Z,sensor_data
,,2,2026-08-19T15:34:56.375636787Z,2026-08-19T16:34:56.375636787Z,2026-08-19T16:16:00Z,0.985,Z,sensor_data
,,2,2026-08-19T15:34:56.375636787Z,2026-08-19T16:34:56.375636787Z,2026-08-19T16:16:01Z,0.985,Z,sensor_data
,,2,2026-08-19T15:34:56.375636787Z,2026-08-19T16:34:56.375636787Z,2026-08-19T16:16:02Z,0.996,Z,sensor_data
,,2,2026-08-19T15:34:56.375636787Z,2026-08-19T16:34:56.375636787Z,2026-08-19T16:16:03Z,0.985,Z,sensor_data
,,2,2026-08-19T15:34:56.375636787Z,2026-08-19T16:34:56.375636787Z,2026-08-19T16:16:04Z,0.985,Z,sensor_data
,,2,2026-08-19T15:34:56.375636787Z,2026-08-19T16:34:56.375636787Z,2026-08-19T16:16:05Z,0.985,Z,sensor_data
,,2,2026-08-19T15:34:56.375636787Z,2026-08-19T16:34:56.375636787Z,2026-08-19T16:16:06Z,0.985,Z,sensor_data
,,2,2026-08-19T15:34:56.375636787Z,2026-08-19T16:34:56.375636787Z,2026-08-19T16:16:07Z,0.984,Z,sensor_data
,,2,2026-08-19T15:34:56.375636787Z,2026-08-19T16:34:56.375636787Z,2026-08-19T16:16:08Z,0.985,Z,sensor_data
,,2,2026-08-19T15:34:56.375636787Z,2026-08-19T16:34:56.375636787Z,2026-08-19T16:16:10Z,0.984,Z,sensor_data
,,2,2026-08-19T15:34:56.375636787Z,2026-08-19T16:34:56.375636787Z,2026-08-19T16:16:11Z,0.984,Z,sensor_data
,,2,2026-08-19T15:34:56.375636787Z,2026-08-19T16:34:56.375636787Z,2026-08-19T16:16:12Z,0.984,Z,sensor_data
,,2,2026-08-19T15:34:56.375636787Z,2026-08-19T16:34:56.375636787Z,2026-08-19T16:16:13Z,0.986,Z,sensor_data
,,2,2026-08-19T15:34:56.375636787Z,2026-08-19T16:34:56.375636787Z,2026-08-19T16:16:14Z,0.986,Z,sensor_data
,,2,2026-08-19T15:34:56.375636787Z,2026-08-19T16:34:56.375636787Z,2026-08-19T16:16:15Z,0.984,Z,sensor_data
,,2,2026-08-19T15:34:56.375636787Z,2026-08-19T16:34:56.375636787Z,2026-08-19T16:16:16Z,0.985,Z,sensor_data
,,2,2026-08-19T15:34:56.375636787Z,2026-08-19T16:34:56.375636787Z,2026-08-19T16:16:17Z,0.984,Z,sensor_data
,,2,2026-08-19T15:34:56.375636787Z,2026-08-19T16:34:56.375636787Z,2026-08-19T16:16:18Z,0.985,Z,sensor_data
,,2,2026-08-19T15:34:56.375636787Z,2026-08-19T16:34:56.375636787Z,2026-08-19T16:16:19Z,0.984,Z,sensor_data
,,2,2026-08-19T15:34:56.375636787Z,2026-08-19T16:34:56.375636787Z,2026-08-19T16:16:20Z,0.985,Z,sensor_data
,,2,2026-08-19T15:34:56.375636787Z,2026-08-19T16:34:56.375636787Z,2026-08-19T16:16:21Z,0.984,Z,sensor_data
,,2,2026-08-19T15:34:56.375636787Z,2026-08-19T16:34:56.375636787Z,2026-08-19T16:16:22Z,0.985,Z,sensor_data
,,2,2026-08-19T15:34:56.375636787Z,2026-08-19T16:34:56.375636787Z,2026-08-19T16:16:23Z,0.985,Z,sensor_data
,,2,2026-08-19T15:34:56.375636787Z,2026-08-19T16:34:56.375636787Z,2026-08-19T16:16:24Z,0.985,Z,sensor_data
,,2,2026-08-19T15:34:56.375636787Z,2026-08-19T16:34:56.375636787Z,2026-08-19T16:16:25Z,0.983,Z,sensor_data
,,2,2026-08-19T15:34:56.375636787Z,2026-08-19T16:34:56.375636787Z,2026-08-19T16:16:26Z,0.985,Z,sensor_data
,,2,2026-08-19T15:34:56.375636787Z,2026-08-19T16:34:56.375636787Z,2026-08-19T16:16:27Z,0.985,Z,sensor_data
,,2,2026-08-19T15:34:56.375636787Z,2026-08-19T16:34:56.375636787Z,2026-08-19T16:16:28Z,0.986,Z,sensor_data
,,2,2026-08-19T15:34:56.375636787Z,2026-08-19T16:34:56.375636787Z,2026-08-19T16:16:29Z,0.984,Z,sensor_data
,,2,2026-08-19T15:34:56.375636787Z,2026-08-19T16:34:56.375636787Z,2026-08-19T16:16:30Z,0.984,Z,sensor_data
,,2,2026-08-19T15:34:56.375636787Z,2026-08-19T16:34:56.375636787Z,2026-08-19T16:16:31Z,0.985,Z,sensor_data
,,2,2026-08-19T15:34:56.375636787Z,2026-08-19T16:34:56.375636787Z,2026-08-19T16:16:32Z,0.984,Z,sensor_data
,,2,2026-08-19T15:34:56.375636787Z,2026-08-19T16:34:56.375636787Z,2026-08-19T16:16:33Z,0.984,Z,sensor_data
,,2,2026-08-19T15:34:56.375636787Z,2026-08-19T16:34:56.375636787Z,2026-08-19T16:16:34Z,0.985,Z,sensor_data
,,2,2026-08-19T15:34:56.375636787Z,2026-08-19T16:34:56.375636787Z,2026-08-19T16:16:35Z,0.984,Z,sensor_data
,,2,2026-08-19T15:34:56.375636787Z,2026-08-19T16:34:56.375636787Z,2026-08-19T16:16:36Z,0.984,Z,sensor_data
,,2,2026-08-19T15:34:56.375636787Z,2026-08-19T16:34:56.375636787Z,2026-08-19T16:16:37Z,0.985,Z,sensor_data
,,2,2026-08-19T15:34:56.375636787Z,2026-08-19T16:34:56.375636787Z,2026-08-19T16:16:38Z,0.984,Z,sensor_data
,,2,2026-08-19T15:34:56.375636787Z,2026-08-19T16:34:56.375636787Z,2026-08-19T16:16:39Z,0.984,Z,sensor_data
,,2,2026-08-19T15:34:56.375636787Z,2026-08-19T16:34:56.375636787Z,2026-08-19T16:16:40Z,0.984,Z,sensor_data
,,2,2026-08-19T15:34:56.375636787Z,2026-08-19T16:34:56.375636787Z,2026-08-19T16:16:41Z,0.985,Z,sensor_data
,,2,2026-08-19T15:34:56.375636787Z,2026-08-19T16:34:56.375636787Z,2026-08-19T16:16:42Z,0.987,Z,sensor_data
,,2,2026-08-19T15:34:56.375636787Z,2026-08-19T16:34:56.375636787Z,2026-08-19T16:16:43Z,0.984,Z,sensor_data
,,2,2026-08-19T15:34:56.375636787Z,2026-08-19T16:34:56.375636787Z,2026-08-19T16:16:44Z,0.985,Z,sensor_data
,,2,2026-08-19T15:34:56.375636787Z,2026-08-19T16:34:56.375636787Z,2026-08-19T16:16:45Z,0.985,Z,sensor_data
,,2,2026-08-19T15:34:56.375636787Z,2026-08-19T16:34:56.375636787Z,2026-08-19T16:16:46Z,0.984,Z,sensor_data
,,2,2026-08-19T15:34:56.375636787Z,2026-08-19T16:34:56.375636787Z,2026-08-19T16:16:47Z,0.984,Z,sensor_data
,,2,2026-08-19T15:34:56.375636787Z,2026-08-19T16:34:56.375636787Z,2026-08-19T16:16:48Z,0.987,Z,sensor_data
,,2,2026-08-19T15:34:56.375636787Z,2026-08-19T16:34:56.375636787Z,2026-08-19T16:16:49Z,0.982,Z,sensor_data
,,2,2026-08-19T15:34:56.375636787Z,2026-08-19T16:34:56.375636787Z,2026-08-19T16:16:50Z,0.98,Z,sensor_data
,,2,2026-08-19T15:34:56.375636787Z,2026-08-19T16:34:56.375636787Z,2026-08-19T16:16:51Z,0.984,Z,sensor_data
,,2,2026-08-19T15:34:56.375636787Z,2026-08-19T16:34:56.375636787Z,2026-08-19T16:16:55Z,0.985,Z,sensor_data
,,2,2026-08-19T15:34:56.375636787Z,2026-08-19T16:34:56.375636787Z,2026-08-19T16:16:56Z,0.984,Z,sensor_data
,,2,2026-08-19T15:34:56.375636787Z,2026-08-19T16:34:56.375636787Z,2026-08-19T16:16:57Z,0.985,Z,sensor_data
,,2,2026-08-19T15:34:56.375636787Z,2026-08-19T16:34:56.375636787Z,2026-08-19T16:16:58Z,0.985,Z,sensor_data
,,2,2026-08-19T15:34:56.375636787Z,2026-08-19T16:34:56.375636787Z,2026-08-19T16:16:59Z,0.984,Z,sensor_data
,,2,2026-08-19T15:34:56.375636787Z,2026-08-19T16:34:56.375636787Z,2026-08-19T16:17:00Z,0.983,Z,sensor_data
,,2,2026-08-19T15:34:56.375636787Z,2026-08-19T16:34:56.375636787Z,2026-08-19T16:17:01Z,0.983,Z,sensor_data
,,2,2026-08-19T15:34:56.375636787Z,2026-08-19T16:34:56.375636787Z,2026-08-19T16:17:02Z,0.983,Z,sensor_data
,,2,2026-08-19T15:34:56.375636787Z,2026-08-19T16:34:56.375636787Z,2026-08-19T16:17:03Z,0.983,Z,sensor_data
,,2,2026-08-19T15:34:56.375636787Z,2026-08-19T16:34:56.375636787Z,2026-08-19T16:17:04Z,0.983,Z,sensor_data
,,2,2026-08-19T15:34:56.375636787Z,2026-08-19T16:34:56.375636787Z,2026-08-19T16:17:05Z,0.985,Z,sensor_data
,,2,2026-08-19T15:34:56.375636787Z,2026-08-19T16:34:56.375636787Z,2026-08-19T16:17:06Z,0.984,Z,sensor_data
,,2,2026-08-19T15:34:56.375636787Z,2026-08-19T16:34:56.375636787Z,2026-08-19T16:17:07Z,0.984,Z,sensor_data
,,2,2026-08-19T15:34:56.375636787Z,2026-08-19T16:34:56.375636787Z,2026-08-19T16:17:08Z,0.985,Z,sensor_data
,,2,2026-08-19T15:34:56.375636787Z,2026-08-19T16:34:56.375636787Z,2026-08-19T16:17:09Z,0.985,Z,sensor_data
,,2,2026-08-19T15:34:56.375636787Z,2026-08-19T16:34:56.375636787Z,2026-08-19T16:17:10Z,0.984,Z,sensor_data
,,2,2026-08-19T15:34:56.375636787Z,2026-08-19T16:34:56.375636787Z,2026-08-19T16:17:11Z,0.984,Z,sensor_data
,,2,2026-08-19T15:34:56.375636787Z,2026-08-19T16:34:56.375636787Z,2026-08-19T16:17:12Z,0.983,Z,sensor_data
,,2,2026-08-19T15:34:56.375636787Z,2026-08-19T16:34:56.375636787Z,2026-08-19T16:17:13Z,0.985,Z,sensor_data
,,2,2026-08-19T15:34:56.375636787Z,2026-08-19T16:34:56.375636787Z,2026-08-19T16:17:14Z,0.983,Z,sensor_data
,,2,2026-08-19T15:34:56.375636787Z,2026-08-19T16:34:56.375636787Z,2026-08-19T16:17:15Z,0.984,Z,sensor_data
,,2,2026-08-19T15:34:56.375636787Z,2026-08-19T16:34:56.375636787Z,2026-08-19T16:17:24Z,0.984,Z,sensor_data
,,2,2026-08-19T15:34:56.375636787Z,2026-08-19T16:34:56.375636787Z,2026-08-19T16:17:25Z,0.984,Z,sensor_data
,,2,2026-08-19T15:34:56.375636787Z,2026-08-19T16:34:56.375636787Z,2026-08-19T16:17:26Z,0.984,Z,sensor_data
,,2,2026-08-19T15:34:56.375636787Z,2026-08-19T16:34:56.375636787Z,2026-08-19T16:17:27Z,0.985,Z,sensor_data
,,2,2026-08-19T15:34:56.375636787Z,2026-08-19T16:34:56.375636787Z,2026-08-19T16:17:28Z,0.982,Z,sensor_data
,,2,2026-08-19T15:34:56.375636787Z,2026-08-19T16:34:56.375636787Z,2026-08-19T16:17:29Z,0.985,Z,sensor_data
,,2,2026-08-19T15:34:56.375636787Z,2026-08-19T16:34:56.375636787Z,2026-08-19T16:17:30Z,0.985,Z,sensor_data
,,2,2026-08-19T15:34:56.375636787Z,2026-08-19T16:34:56.375636787Z,2026-08-19T16:17:31Z,0.985,Z,sensor_data
,,2,2026-08-19T15:34:56.375636787Z,2026-08-19T16:34:56.375636787Z,2026-08-19T16:17:32Z,0.985,Z,sensor_data
,,2,2026-08-19T15:34:56.375636787Z,2026-08-19T16:34:56.375636787Z,2026-08-19T16:17:33Z,0.984,Z,sensor_data
,,2,2026-08-19T15:34:56.375636787Z,2026-08-19T16:34:56.375636787Z,2026-08-19T16:17:34Z,0.985,Z,sensor_data
,,2,2026-08-19T15:34:56.375636787Z,2026-08-19T16:34:56.375636787Z,2026-08-19T16:17:35Z,0.985,Z,sensor_data
,,2,2026-08-19T15:34:56.375636787Z,2026-08-19T16:34:56.375636787Z,2026-08-19T16:17:36Z,0.985,Z,sensor_data
,,2,2026-08-19T15:34:56.375636787Z,2026-08-19T16:34:56.375636787Z,2026-08-19T16:17:37Z,0.984,Z,sensor_data
,,2,2026-08-19T15:34:56.375636787Z,2026-08-19T16:34:56.375636787Z,2026-08-19T16:17:38Z,0.985,Z,sensor_data
,,2,2026-08-19T15:34:56.375636787Z,2026-08-19T16:34:56.375636787Z,2026-08-19T16:17:39Z,0.984,Z,sensor_data
,,2,2026-08-19T15:34:56.375636787Z,2026-08-19T16:34:56.375636787Z,2026-08-19T16:17:40Z,0.985,Z,sensor_data
,,2,2026-08-19T15:34:56.375636787Z,2026-08-19T16:34:56.375636787Z,2026-08-19T16:17:41Z,0.985,Z,sensor_data
,,2,2026-08-19T15:34:56.375636787Z,2026-08-19T16:34:56.375636787Z,2026-08-19T16:17:42Z,0.984,Z,sensor_data
,,2,2026-08-19T15:34:56.375636787Z,2026-08-19T16:34:56.375636787Z,2026-08-19T16:17:43Z,0.983,Z,sensor_data
,,2,2026-08-19T15:34:56.375636787Z,2026-08-19T16:34:56.375636787Z,2026-08-19T16:17:44Z,0.985,Z,sensor_data
,,2,2026-08-19T15:34:56.375636787Z,2026-08-19T16:34:56.375636787Z,2026-08-19T16:17:45Z,0.985,Z,sensor_data
,,2,2026-08-19T15:34:56.375636787Z,2026-08-19T16:34:56.375636787Z,2026-08-19T16:17:46Z,0.983,Z,sensor_data
,,2,2026-08-19T15:34:56.375636787Z,2026-08-19T16:34:56.375636787Z,2026-08-19T16:17:47Z,0.983,Z,sensor_data
,,2,2026-08-19T15:34:56.375636787Z,2026-08-19T16:34:56.375636787Z,2026-08-19T16:17:48Z,0.985,Z,sensor_data
,,2,2026-08-19T15:34:56.375636787Z,2026-08-19T16:34:56.375636787Z,2026-08-19T16:17:49Z,0.984,Z,sensor_data
,,2,2026-08-19T15:34:56.375636787Z,2026-08-19T16:34:56.375636787Z,2026-08-19T16:17:50Z,0.984,Z,sensor_data
,,2,2026-08-19T15:34:56.375636787Z,2026-08-19T16:34:56.375636787Z,2026-08-19T16:17:51Z,0.984,Z,sensor_data
,,2,2026-08-19T15:34:56.375636787Z,2026-08-19T16:34:56.375636787Z,2026-08-19T16:17:52Z,0.983,Z,sensor_data
,,2,2026-08-19T15:34:56.375636787Z,2026-08-19T16:34:56.375636787Z,2026-08-19T16:17:53Z,0.985,Z,sensor_data
,,2,2026-08-19T15:34:56.375636787Z,2026-08-19T16:34:56.375636787Z,2026-08-19T16:17:54Z,0.984,Z,sensor_data
,,2,2026-08-19T15:34:56.375636787Z,2026-08-19T16:34:56.375636787Z,2026-08-19T16:17:55Z,0.983,Z,sensor_data
,,2,2026-08-19T15:34:56.375636787Z,2026-08-19T16:34:56.375636787Z,2026-08-19T16:17:56Z,0.984,Z,sensor_data
,,2,2026-08-19T15:34:56.375636787Z,2026-08-19T16:34:56.375636787Z,2026-08-19T16:17:57Z,0.984,Z,sensor_data
,,2,2026-08-19T15:34:56.375636787Z,2026-08-19T16:34:56.375636787Z,2026-08-19T16:17:58Z,0.983,Z,sensor_data
,,2,2026-08-19T15:34:56.375636787Z,2026-08-19T16:34:56.375636787Z,2026-08-19T16:17:59Z,0.983,Z,sensor_data
,,2,2026-08-19T15:34:56.375636787Z,2026-08-19T16:34:56.375636787Z,2026-08-19T16:18:00Z,0.982,Z,sensor_data
,,2,2026-08-19T15:34:56.375636787Z,2026-08-19T16:34:56.375636787Z,2026-08-19T16:18:01Z,0.982,Z,sensor_data
,,2,2026-08-19T15:34:56.375636787Z,2026-08-19T16:34:56.375636787Z,2026-08-19T16:18:02Z,0.984,Z,sensor_data
,,2,2026-08-19T15:34:56.375636787Z,2026-08-19T16:34:56.375636787Z,2026-08-19T16:18:03Z,0.984,Z,sensor_data
,,2,2026-08-19T15:34:56.375636787Z,2026-08-19T16:34:56.375636787Z,2026-08-19T16:18:04Z,0.984,Z,sensor_data
,,2,2026-08-19T15:34:56.375636787Z,2026-08-19T16:34:56.375636787Z,2026-08-19T16:18:05Z,0.984,Z,sensor_data
,,2,2026-08-19T15:34:56.375636787Z,2026-08-19T16:34:56.375636787Z,2026-08-19T16:18:06Z,0.984,Z,sensor_data

